id,dimension,level,name_cn,counterpart_central_body,candidate_url,site_key,coverage_status,notes
state_council,central,central,国务院,,https://www.gov.cn,gov,crawled,
mfa,central,central,外交部,,https://www.mfa.gov.cn,mfa,crawled,
mnd,central,central,国防部,,http://www.mod.gov.cn,mod,crawled,Public window of the CMC; policy content thin (mostly news). See military lane.
ndrc,central,central,国家发展和改革委员会,,https://www.ndrc.gov.cn,ndrc,crawled,2023: lost some functions to 国家数据局; earlier lost climate to MEE (2018).
moe,central,central,教育部,,http://www.moe.gov.cn,moe,crawled,
most,central,central,科学技术部,,https://www.most.gov.cn,most,crawled,2023: restructured; project management dispersed; serves as office of 中央科技委员会.
miit,central,central,工业和信息化部,,https://www.miit.gov.cn,miit,crawled,2023: absorbed some S&T-industry functions.
neac,central,central,国家民族事务委员会,,https://www.neac.gov.cn,neac,crawled,
mps,central,central,公安部,,https://www.mps.gov.cn,,anti_bot,
mss,central,central,国家安全部,,,,no_portal,Publishes via WeChat only; no public policy portal.
mca,central,central,民政部,,https://www.mca.gov.cn,,proxy_gated,
moj,central,central,司法部,,https://www.moj.gov.cn,moj,crawled,2018: merged 国务院法制办 into MOJ.
mof,central,central,财政部,,https://www.mof.gov.cn,mof,crawled,
mohrss,central,central,人力资源和社会保障部,,https://www.mohrss.gov.cn,,anti_bot,
mnr,central,central,自然资源部,,https://www.mnr.gov.cn,,proxy_gated,2018: created from 国土资源部 + 国家海洋局 + surveying/mapping + parts of NDRC/MOHURD planning.
mee,central,central,生态环境部,,https://www.mee.gov.cn,mee,crawled,2018: created from 环境保护部 + climate (from NDRC) + water/marine env functions.
mohurd,central,central,住房和城乡建设部,,https://www.mohurd.gov.cn,,proxy_gated,
mot,central,central,交通运输部,,https://www.mot.gov.cn,mot,crawled,
mwr,central,central,水利部,,http://www.mwr.gov.cn,mwr,crawled,
mara,central,central,农业农村部,,https://www.moa.gov.cn,mara,crawled,2018: created from 农业部 + rural functions; 国家乡村振兴局 attached.
mofcom,central,central,商务部,,https://www.mofcom.gov.cn,mofcom,crawled,
mct,central,central,文化和旅游部,,https://www.mct.gov.cn,mct,crawled,2018: merged 文化部 + 国家旅游局.
nhc,central,central,国家卫生健康委员会,,https://www.nhc.gov.cn,,proxy_gated,2018: created from 国家卫生和计划生育委员会.
mva,central,central,退役军人事务部,,https://www.mva.gov.cn,mva,crawled,2018: newly created.
mem,central,central,应急管理部,,https://www.mem.gov.cn,mem,crawled,2018: newly created; absorbed 安监总局 + firefighting + disaster relief.
pbc,central,central,中国人民银行,,http://www.pbc.gov.cn,pbc,crawled,2023: reforms shifted some prudential-regulation and financial-holding oversight to NFRA.
cnao,central,central,审计署,,https://www.audit.gov.cn,cnao,crawled,
sasac,central,central,国务院国有资产监督管理委员会,,https://www.sasac.gov.cn,sasac,crawled,
gacc,central,central,海关总署,,http://www.customs.gov.cn,,blackhole,2018: absorbed entry-exit inspection & quarantine (from AQSIQ).
chinatax,central,central,国家税务总局,,https://www.chinatax.gov.cn,chinatax,crawled,2018: merged provincial 国税/地税 into one vertical STA system.
samr,central,central,国家市场监督管理总局,,https://www.samr.gov.cn,samr,crawled,2018: created from 工商总局 + 质检总局 + 食药监总局 + antitrust functions.
nfra,central,central,国家金融监督管理总局,,https://www.nfra.gov.cn,,stub_gated,2023: NEW; replaced 银保监会 (CBIRC) and absorbed some PBOC + CSRC investor-protection functions.
csrc,central,central,中国证券监督管理委员会,,https://www.csrc.gov.cn,csrc,crawled,2023: elevated from 事业单位 to 国务院直属机构.
nrta,central,central,国家广播电视总局,,https://www.nrta.gov.cn,nrta,crawled,2018: created from 新闻出版广电总局 broadcast functions.
gas,central,central,国家体育总局,,https://www.sport.gov.cn,saac,crawled,
cidca,central,central,国家国际发展合作署,,http://www.cidca.gov.cn,,reachable_uncrawled,2018: newly created.
nhsa,central,central,国家医疗保障局,,http://www.nhsa.gov.cn,nhsa,crawled,2018: newly created.
gov_counsellors,central,central,国务院参事室,,http://www.counsellor.gov.cn,,reachable_uncrawled,
ggj,central,central,国家机关事务管理局,,http://www.ggj.gov.cn,,reachable_uncrawled,
xinfang,central,central,国家信访局,,https://www.gjxfj.gov.cn,,reachable_uncrawled,2023: business guidance shifted toward 中央社会工作部 (party).
xinhua,central,central,新华通讯社,,http://www.news.cn,xinhua,crawled,
cas,central,central,中国科学院,,https://www.cas.cn,cas,crawled,
cass,central,central,中国社会科学院,,https://www.cass.cn,,reachable_uncrawled,
cae,central,central,中国工程院,,https://www.cae.cn,,reachable_uncrawled,
drc,central,central,国务院发展研究中心,,https://www.drc.gov.cn,,stub_gated,
cma,central,central,中国气象局,,https://www.cma.gov.cn,cma,crawled,
nsfc,central,central,国家自然科学基金委员会,,https://www.nsfc.gov.cn,nsfc,crawled,2018: management placed under MOST.
nea,central,central,国家能源局,,http://www.nea.gov.cn,nea,crawled,
nda,central,central,国家数据局,,https://www.nda.gov.cn,nda,crawled,2023: NEW; absorbed data functions from CAC + NDRC.
grain,central,central,国家粮食和物资储备局,,http://www.lswz.gov.cn,nfsra,crawled,
sastind,central,central,国家国防科技工业局,,http://www.sastind.gov.cn,sastind,crawled,
tobacco,central,central,国家烟草专卖局,,http://www.tobacco.gov.cn,,blackhole,
nia,central,central,国家移民管理局,,https://www.nia.gov.cn,nia,crawled,2018: newly created under MPS.
forestry,central,central,国家林业和草原局,,http://www.forestry.gov.cn,sfa,crawled,2018: created; also 国家公园管理局 signboard.
nra,central,central,国家铁路局,,http://www.nra.gov.cn,,reachable_uncrawled,
caac,central,central,中国民用航空局,,http://www.caac.gov.cn,caac,crawled,
spb,central,central,国家邮政局,,http://www.spb.gov.cn,spb,crawled,
ncha,central,central,国家文物局,,http://www.ncha.gov.cn,ncha,crawled,
natcm,central,central,国家中医药管理局,,http://www.natcm.gov.cn,natcm,crawled,
ncdc,central,central,国家疾病预防控制局,,https://www.ndcpa.gov.cn,,reachable_uncrawled,2021: newly created; elevated post-COVID.
nmpa,central,central,国家药品监督管理局,,https://www.nmpa.gov.cn,,proxy_gated,
cnipa,central,central,国家知识产权局,,https://www.cnipa.gov.cn,cnipa,crawled,
safe,central,central,国家外汇管理局,,http://www.safe.gov.cn,safe,crawled,
mine_safety,central,central,国家矿山安全监察局,,https://www.chinamine-safety.gov.cn,,reachable_uncrawled,
nfra_fire,central,central,国家消防救援局,,https://www.119.gov.cn,nfsra,crawled,2018: firefighting transferred from MPS into 应急部 system.
nba,central,central,国家原子能机构,,http://www.caea.gov.cn,,reachable_uncrawled,Administered via SASTIND.
cnsa,central,central,国家航天局,,http://www.cnsa.gov.cn,cnsa,crawled,Administered via SASTIND.
nbs,central,central,国家统计局,,https://www.stats.gov.cn,nbs,crawled,
sic,central,central,国家信息中心,,http://www.sic.gov.cn,sic,crawled,
tc260,central,central,全国网络安全标准化技术委员会,,https://www.tc260.org.cn,tc260,crawled,
cpc_general_office,central,central,中共中央办公厅,,,,no_portal,Issues 中办发 documents that cascade to all state organs.
cpc_org_dept,central,central,中共中央组织部,,https://www.12380.gov.cn,,blackhole,2018: absorbed 国家公务员局 functions.
cpc_propaganda,central,central,中共中央宣传部,,,,no_portal,2018: took over 新闻出版署 + 国家电影局 (both carry 挂牌 signboards under it).
cpc_united_front,central,central,中共中央统一战线工作部,,,,no_portal,2018: absorbed 国家宗教事务局 + 国务院侨办.
cpc_plac,central,central,中共中央政法委员会,,https://www.chinapeace.gov.cn,chinapeace,crawled,"Oversees courts, procuratorate, public security, state security, justice."
cac,central,central,中央网络安全和信息化委员会办公室 / 国家互联网信息办公室,,https://www.cac.gov.cn,cac,crawled,Dual signboard: party commission office + State Council office. Primary AI/data/internet regulator.
cpc_finance_office,central,central,中央金融委员会办公室,,,,no_portal,2023: NEW; replaced FSDC (国务院金融稳定发展委员会). Paired with 中央金融工作委员会.
cpc_st_commission,central,central,中央科技委员会,,,,no_portal,2023: NEW; MOST serves as its administrative office.
cpc_social_work,central,central,中央社会工作部,,,,no_portal,2023: NEW; took信访 guidance + industry-association/social-org party building.
cpc_ccdi_nsc,central,central,中央纪律检查委员会 / 国家监察委员会,,https://www.ccdi.gov.cn,,stub_gated,"2018: NSC created, merging 监察部 + 预防腐败局 + procuratorate anti-graft into one supervisory organ, co-located with the party CCDI."
cpc_taiwan_office,central,central,中央台湾工作办公室 / 国务院台湾事务办公室,,http://www.gwytb.gov.cn,,reachable_uncrawled,
cpc_ccp_members_net,central,central,共产党员网 (12371),,https://www.12371.cn,dangyuan,crawled,Publishing outlet for party regulations; crawled as a proxy for party-organ output.
npc,central,central,全国人民代表大会 / 常委会,,http://www.npc.gov.cn,npc,crawled,国家法律法规数据库 (flk.npc.gov.cn) is the authoritative law corpus.
cppcc,central,central,中国人民政治协商会议全国委员会,,http://www.cppcc.gov.cn,cppcc,crawled,
spc,central,central,最高人民法院,,https://www.court.gov.cn,spc,crawled,
spc_ip,central,central,最高人民法院知识产权法庭,,https://ipc.court.gov.cn,ipc_court,crawled,Operational since Jan 2019.
spp,central,central,最高人民检察院,,https://www.spp.gov.cn,spp,crawled,2018: anti-graft investigation transferred to NSC.
cmc,central,central,中央军事委员会,,,,no_portal,No standalone public policy portal; public face is 国防部 (mod).
pap,central,central,中国人民武装警察部队,,,,no_portal,2018: placed fully under CMC (removed from State Council dual-lead).
ccg,central,central,中国海警局,,https://www.ccg.gov.cn,ccg,crawled,2018: coast guard moved from 国家海洋局 to PAP under CMC (per 海警法 art.2).
pla_daily,central,central,中国军网 / 解放军报,,http://www.81.cn,,reachable_uncrawled,CMC-approved military news portal; low policy-doc value.
acftu,central,central,中华全国总工会,,https://www.acftu.org,,proxy_gated,
cylc,central,central,中国共产主义青年团中央,,https://www.gqt.org.cn,,reachable_uncrawled,
acwf,central,central,中华全国妇女联合会,,https://www.women.org.cn,,proxy_gated,
cast,central,central,中国科学技术协会,,https://www.cast.org.cn,,reachable_uncrawled,Umbrella for ~200 scientific societies.
geo.hebei,geo,provincial,河北省人民政府,,https://hebei.gov.cn,,blackhole,province portal
hebei.fgw,dept,provincial,河北省发展和改革委员会,ndrc,https://fgw.hebei.gov.cn,,blackhole,alt=https://hebei.gov.cn/fgw/
hebei.edu,dept,provincial,河北省教育厅,moe,https://edu.hebei.gov.cn,,blackhole,alt=https://hebei.gov.cn/edu/
hebei.kjt,dept,provincial,河北省科学技术厅,most,https://kjt.hebei.gov.cn,,blackhole,alt=https://hebei.gov.cn/kjt/
hebei.gxt,dept,provincial,河北省工业和信息化厅,miit,https://gxt.hebei.gov.cn,,blackhole,alt=https://hebei.gov.cn/gxt/
hebei.mzw,dept,provincial,河北省民族宗教事务委员会,neac,https://mzw.hebei.gov.cn,,blackhole,alt=https://hebei.gov.cn/mzw/
hebei.ga,dept,provincial,河北省公安厅,mps,https://ga.hebei.gov.cn,,blackhole,alt=https://hebei.gov.cn/ga/
hebei.at,dept,provincial,河北省国家安全厅,mss,https://at.hebei.gov.cn,,blackhole,alt=https://hebei.gov.cn/at/
hebei.mzt,dept,provincial,河北省民政厅,mca,https://mzt.hebei.gov.cn,,blackhole,alt=https://hebei.gov.cn/mzt/
hebei.sft,dept,provincial,河北省司法厅,moj,https://sft.hebei.gov.cn,,stub_gated,alt=https://hebei.gov.cn/sft/
hebei.czt,dept,provincial,河北省财政厅,mof,https://czt.hebei.gov.cn,,proxy_gated,alt=https://hebei.gov.cn/czt/
hebei.hrss,dept,provincial,河北省人力资源和社会保障厅,mohrss,https://hrss.hebei.gov.cn,,blackhole,alt=https://hebei.gov.cn/hrss/
hebei.zrzyt,dept,provincial,河北省自然资源厅,mnr,https://zrzyt.hebei.gov.cn,,blackhole,alt=https://hebei.gov.cn/zrzyt/
hebei.sthjt,dept,provincial,河北省生态环境厅,mee,https://sthjt.hebei.gov.cn,,blackhole,alt=https://hebei.gov.cn/sthjt/
hebei.zjt,dept,provincial,河北省住房和城乡建设厅,mohurd,https://zjt.hebei.gov.cn,,blackhole,alt=https://hebei.gov.cn/zjt/
hebei.jtyst,dept,provincial,河北省交通运输厅,mot,https://jtyst.hebei.gov.cn,,blackhole,alt=https://hebei.gov.cn/jtyst/
hebei.slt,dept,provincial,河北省水利厅,mwr,https://slt.hebei.gov.cn,,blackhole,alt=https://hebei.gov.cn/slt/
hebei.nynct,dept,provincial,河北省农业农村厅,mara,https://nynct.hebei.gov.cn,,blackhole,alt=https://hebei.gov.cn/nynct/
hebei.swt,dept,provincial,河北省商务厅,mofcom,https://swt.hebei.gov.cn,,blackhole,alt=https://hebei.gov.cn/swt/
hebei.whlyt,dept,provincial,河北省文化和旅游厅,mct,https://whlyt.hebei.gov.cn,,blackhole,alt=https://hebei.gov.cn/whlyt/
hebei.wjw,dept,provincial,河北省卫生健康委员会,nhc,https://wjw.hebei.gov.cn,,blackhole,alt=https://hebei.gov.cn/wjw/
hebei.tyj,dept,provincial,河北省退役军人事务厅,mva,https://tyj.hebei.gov.cn,,blackhole,alt=https://hebei.gov.cn/tyj/
hebei.yjt,dept,provincial,河北省应急管理厅,mem,https://yjt.hebei.gov.cn,,blackhole,alt=https://hebei.gov.cn/yjt/
hebei.sjt,dept,provincial,河北省审计厅,cnao,https://sjt.hebei.gov.cn,,blackhole,alt=https://hebei.gov.cn/sjt/
hebei.wsb,dept,provincial,河北省人民政府外事办公室,mfa,https://wsb.hebei.gov.cn,,blackhole,alt=https://hebei.gov.cn/wsb/
hebei.gzw,dept,provincial,河北省国有资产监督管理委员会,sasac,https://gzw.hebei.gov.cn,,blackhole,alt=https://hebei.gov.cn/gzw/
hebei.scjgj,dept,provincial,河北省市场监督管理局,samr,https://scjgj.hebei.gov.cn,,blackhole,alt=https://hebei.gov.cn/scjgj/
hebei.tjj,dept,provincial,河北省统计局,nbs,https://tjj.hebei.gov.cn,,blackhole,alt=https://hebei.gov.cn/tjj/
hebei.ybj,dept,provincial,河北省医疗保障局,nhsa,https://ybj.hebei.gov.cn,,blackhole,alt=https://hebei.gov.cn/ybj/
hebei.tyjr,dept,provincial,河北省体育局,gas,https://tyjr.hebei.gov.cn,,blackhole,alt=https://hebei.gov.cn/tyjr/
hebei.gbdst,dept,provincial,河北省广播电视局,nrta,https://gbdst.hebei.gov.cn,,blackhole,alt=https://hebei.gov.cn/gbdst/
hebei.jrjgj,dept,provincial,河北省地方金融监督管理局,nfra,https://jrjgj.hebei.gov.cn,,blackhole,alt=https://hebei.gov.cn/jrjgj/
hebei.sjaqj,dept,provincial,河北省政务服务和数据管理局,nda,https://sjaqj.hebei.gov.cn,,blackhole,alt=https://hebei.gov.cn/sjaqj/
hebei.ylj,dept,provincial,河北省林业和草原局,forestry,https://ylj.hebei.gov.cn,,blackhole,alt=https://hebei.gov.cn/ylj/
hebei.nyj,dept,provincial,河北省能源局,nea,https://nyj.hebei.gov.cn,,blackhole,alt=https://hebei.gov.cn/nyj/
hebei.yjglj,dept,provincial,河北省药品监督管理局,nmpa,https://yjglj.hebei.gov.cn,,blackhole,alt=https://hebei.gov.cn/yjglj/
hebei.zscqj,dept,provincial,河北省知识产权局,cnipa,https://zscqj.hebei.gov.cn,,blackhole,alt=https://hebei.gov.cn/zscqj/
hebei.xfj,dept,provincial,河北省信访局,xinfang,https://xfj.hebei.gov.cn,,blackhole,alt=https://hebei.gov.cn/xfj/
hebei.jgswglj,dept,provincial,河北省机关事务管理局,ggj,https://jgswglj.hebei.gov.cn,,blackhole,alt=https://hebei.gov.cn/jgswglj/
hebei.tax,dept,provincial,国家税务总局河北省税务局,chinatax,https://tax.hebei.gov.cn,,blackhole,alt=https://hebei.gov.cn/tax/
hebei.customs,dept,provincial,河北省海关,gacc,https://customs.hebei.gov.cn,,blackhole,alt=https://hebei.gov.cn/customs/
hebei.pboc_br,dept,provincial,中国人民银行河北省分行,pbc,https://pboc_br.hebei.gov.cn,,blackhole,alt=https://hebei.gov.cn/pboc_br/
hebei.p_office,dept,provincial,中共河北省委员会办公厅,cpc_general_office,https://p_office.hebei.gov.cn,,blackhole,alt=https://hebei.gov.cn/p_office/
hebei.p_org,dept,provincial,中共河北省委组织部,cpc_org_dept,https://p_org.hebei.gov.cn,,blackhole,alt=https://hebei.gov.cn/p_org/
hebei.p_prop,dept,provincial,中共河北省委宣传部,cpc_propaganda,https://p_prop.hebei.gov.cn,,blackhole,alt=https://hebei.gov.cn/p_prop/
hebei.p_ufwd,dept,provincial,中共河北省委统战部,cpc_united_front,https://p_ufwd.hebei.gov.cn,,blackhole,alt=https://hebei.gov.cn/p_ufwd/
hebei.p_plac,dept,provincial,中共河北省委政法委员会,cpc_plac,https://p_plac.hebei.gov.cn,,blackhole,alt=https://hebei.gov.cn/p_plac/
hebei.p_cyber,dept,provincial,河北省委网信办,cac,https://p_cyber.hebei.gov.cn,,blackhole,alt=https://hebei.gov.cn/p_cyber/
hebei.p_ccdi,dept,provincial,中共河北省纪委监委,cpc_ccdi_nsc,https://p_ccdi.hebei.gov.cn,,blackhole,alt=https://hebei.gov.cn/p_ccdi/
geo.shanxi,geo,provincial,山西省人民政府,,https://shanxi.gov.cn,,blackhole,province portal
shanxi.fgw,dept,provincial,山西省发展和改革委员会,ndrc,https://fgw.shanxi.gov.cn,,blackhole,alt=https://shanxi.gov.cn/fgw/
shanxi.edu,dept,provincial,山西省教育厅,moe,https://edu.shanxi.gov.cn,,blackhole,alt=https://shanxi.gov.cn/edu/
shanxi.kjt,dept,provincial,山西省科学技术厅,most,https://kjt.shanxi.gov.cn,,blackhole,alt=https://shanxi.gov.cn/kjt/
shanxi.gxt,dept,provincial,山西省工业和信息化厅,miit,https://gxt.shanxi.gov.cn,,blackhole,alt=https://shanxi.gov.cn/gxt/
shanxi.mzw,dept,provincial,山西省民族宗教事务委员会,neac,https://mzw.shanxi.gov.cn,,blackhole,alt=https://shanxi.gov.cn/mzw/
shanxi.ga,dept,provincial,山西省公安厅,mps,https://ga.shanxi.gov.cn,,blackhole,alt=https://shanxi.gov.cn/ga/
shanxi.at,dept,provincial,山西省国家安全厅,mss,https://at.shanxi.gov.cn,,blackhole,alt=https://shanxi.gov.cn/at/
shanxi.mzt,dept,provincial,山西省民政厅,mca,https://mzt.shanxi.gov.cn,,blackhole,alt=https://shanxi.gov.cn/mzt/
shanxi.sft,dept,provincial,山西省司法厅,moj,https://sft.shanxi.gov.cn,,blackhole,alt=https://shanxi.gov.cn/sft/
shanxi.czt,dept,provincial,山西省财政厅,mof,https://czt.shanxi.gov.cn,,blackhole,alt=https://shanxi.gov.cn/czt/
shanxi.hrss,dept,provincial,山西省人力资源和社会保障厅,mohrss,https://hrss.shanxi.gov.cn,,blackhole,alt=https://shanxi.gov.cn/hrss/
shanxi.zrzyt,dept,provincial,山西省自然资源厅,mnr,https://zrzyt.shanxi.gov.cn,,blackhole,alt=https://shanxi.gov.cn/zrzyt/
shanxi.sthjt,dept,provincial,山西省生态环境厅,mee,https://sthjt.shanxi.gov.cn,,blackhole,alt=https://shanxi.gov.cn/sthjt/
shanxi.zjt,dept,provincial,山西省住房和城乡建设厅,mohurd,https://zjt.shanxi.gov.cn,,blackhole,alt=https://shanxi.gov.cn/zjt/
shanxi.jtyst,dept,provincial,山西省交通运输厅,mot,https://jtyst.shanxi.gov.cn,,blackhole,alt=https://shanxi.gov.cn/jtyst/
shanxi.slt,dept,provincial,山西省水利厅,mwr,https://slt.shanxi.gov.cn,,blackhole,alt=https://shanxi.gov.cn/slt/
shanxi.nynct,dept,provincial,山西省农业农村厅,mara,https://nynct.shanxi.gov.cn,,blackhole,alt=https://shanxi.gov.cn/nynct/
shanxi.swt,dept,provincial,山西省商务厅,mofcom,https://swt.shanxi.gov.cn,,blackhole,alt=https://shanxi.gov.cn/swt/
shanxi.whlyt,dept,provincial,山西省文化和旅游厅,mct,https://whlyt.shanxi.gov.cn,,blackhole,alt=https://shanxi.gov.cn/whlyt/
shanxi.wjw,dept,provincial,山西省卫生健康委员会,nhc,https://wjw.shanxi.gov.cn,,reachable_uncrawled,alt=https://shanxi.gov.cn/wjw/
shanxi.tyj,dept,provincial,山西省退役军人事务厅,mva,https://tyj.shanxi.gov.cn,,blackhole,alt=https://shanxi.gov.cn/tyj/
shanxi.yjt,dept,provincial,山西省应急管理厅,mem,https://yjt.shanxi.gov.cn,,blackhole,alt=https://shanxi.gov.cn/yjt/
shanxi.sjt,dept,provincial,山西省审计厅,cnao,https://sjt.shanxi.gov.cn,,blackhole,alt=https://shanxi.gov.cn/sjt/
shanxi.wsb,dept,provincial,山西省人民政府外事办公室,mfa,https://wsb.shanxi.gov.cn,,blackhole,alt=https://shanxi.gov.cn/wsb/
shanxi.gzw,dept,provincial,山西省国有资产监督管理委员会,sasac,https://gzw.shanxi.gov.cn,,blackhole,alt=https://shanxi.gov.cn/gzw/
shanxi.scjgj,dept,provincial,山西省市场监督管理局,samr,https://scjgj.shanxi.gov.cn,,blackhole,alt=https://shanxi.gov.cn/scjgj/
shanxi.tjj,dept,provincial,山西省统计局,nbs,https://tjj.shanxi.gov.cn,,blackhole,alt=https://shanxi.gov.cn/tjj/
shanxi.ybj,dept,provincial,山西省医疗保障局,nhsa,https://ybj.shanxi.gov.cn,,blackhole,alt=https://shanxi.gov.cn/ybj/
shanxi.tyjr,dept,provincial,山西省体育局,gas,https://tyjr.shanxi.gov.cn,,blackhole,alt=https://shanxi.gov.cn/tyjr/
shanxi.gbdst,dept,provincial,山西省广播电视局,nrta,https://gbdst.shanxi.gov.cn,,blackhole,alt=https://shanxi.gov.cn/gbdst/
shanxi.jrjgj,dept,provincial,山西省地方金融监督管理局,nfra,https://jrjgj.shanxi.gov.cn,,blackhole,alt=https://shanxi.gov.cn/jrjgj/
shanxi.sjaqj,dept,provincial,山西省政务服务和数据管理局,nda,https://sjaqj.shanxi.gov.cn,,blackhole,alt=https://shanxi.gov.cn/sjaqj/
shanxi.ylj,dept,provincial,山西省林业和草原局,forestry,https://ylj.shanxi.gov.cn,,blackhole,alt=https://shanxi.gov.cn/ylj/
shanxi.nyj,dept,provincial,山西省能源局,nea,https://nyj.shanxi.gov.cn,,blackhole,alt=https://shanxi.gov.cn/nyj/
shanxi.yjglj,dept,provincial,山西省药品监督管理局,nmpa,https://yjglj.shanxi.gov.cn,,blackhole,alt=https://shanxi.gov.cn/yjglj/
shanxi.zscqj,dept,provincial,山西省知识产权局,cnipa,https://zscqj.shanxi.gov.cn,,blackhole,alt=https://shanxi.gov.cn/zscqj/
shanxi.xfj,dept,provincial,山西省信访局,xinfang,https://xfj.shanxi.gov.cn,,blackhole,alt=https://shanxi.gov.cn/xfj/
shanxi.jgswglj,dept,provincial,山西省机关事务管理局,ggj,https://jgswglj.shanxi.gov.cn,,blackhole,alt=https://shanxi.gov.cn/jgswglj/
shanxi.tax,dept,provincial,国家税务总局山西省税务局,chinatax,https://tax.shanxi.gov.cn,,blackhole,alt=https://shanxi.gov.cn/tax/
shanxi.customs,dept,provincial,山西省海关,gacc,https://customs.shanxi.gov.cn,,blackhole,alt=https://shanxi.gov.cn/customs/
shanxi.pboc_br,dept,provincial,中国人民银行山西省分行,pbc,https://pboc_br.shanxi.gov.cn,,blackhole,alt=https://shanxi.gov.cn/pboc_br/
shanxi.p_office,dept,provincial,中共山西省委员会办公厅,cpc_general_office,https://p_office.shanxi.gov.cn,,blackhole,alt=https://shanxi.gov.cn/p_office/
shanxi.p_org,dept,provincial,中共山西省委组织部,cpc_org_dept,https://p_org.shanxi.gov.cn,,blackhole,alt=https://shanxi.gov.cn/p_org/
shanxi.p_prop,dept,provincial,中共山西省委宣传部,cpc_propaganda,https://p_prop.shanxi.gov.cn,,blackhole,alt=https://shanxi.gov.cn/p_prop/
shanxi.p_ufwd,dept,provincial,中共山西省委统战部,cpc_united_front,https://p_ufwd.shanxi.gov.cn,,blackhole,alt=https://shanxi.gov.cn/p_ufwd/
shanxi.p_plac,dept,provincial,中共山西省委政法委员会,cpc_plac,https://p_plac.shanxi.gov.cn,,blackhole,alt=https://shanxi.gov.cn/p_plac/
shanxi.p_cyber,dept,provincial,山西省委网信办,cac,https://p_cyber.shanxi.gov.cn,,blackhole,alt=https://shanxi.gov.cn/p_cyber/
shanxi.p_ccdi,dept,provincial,中共山西省纪委监委,cpc_ccdi_nsc,https://p_ccdi.shanxi.gov.cn,,blackhole,alt=https://shanxi.gov.cn/p_ccdi/
geo.liaoning,geo,provincial,辽宁省人民政府,,https://ln.gov.cn,liaoning,crawled,province portal
liaoning.fgw,dept,provincial,辽宁省发展和改革委员会,ndrc,https://fgw.ln.gov.cn,ln_fgw,crawled,alt=https://ln.gov.cn/fgw/
liaoning.edu,dept,provincial,辽宁省教育厅,moe,https://edu.ln.gov.cn,,blackhole,alt=https://ln.gov.cn/edu/
liaoning.kjt,dept,provincial,辽宁省科学技术厅,most,https://kjt.ln.gov.cn,ln_kjt,crawled,alt=https://ln.gov.cn/kjt/
liaoning.gxt,dept,provincial,辽宁省工业和信息化厅,miit,https://gxt.ln.gov.cn,ln_gxt,crawled,alt=https://ln.gov.cn/gxt/
liaoning.mzw,dept,provincial,辽宁省民族宗教事务委员会,neac,https://mzw.ln.gov.cn,,reachable_uncrawled,alt=https://ln.gov.cn/mzw/
liaoning.ga,dept,provincial,辽宁省公安厅,mps,https://ga.ln.gov.cn,,blackhole,alt=https://ln.gov.cn/ga/
liaoning.at,dept,provincial,辽宁省国家安全厅,mss,https://at.ln.gov.cn,,blackhole,alt=https://ln.gov.cn/at/
liaoning.mzt,dept,provincial,辽宁省民政厅,mca,https://mzt.ln.gov.cn,,blackhole,alt=https://ln.gov.cn/mzt/
liaoning.sft,dept,provincial,辽宁省司法厅,moj,https://sft.ln.gov.cn,,reachable_uncrawled,alt=https://ln.gov.cn/sft/
liaoning.czt,dept,provincial,辽宁省财政厅,mof,https://czt.ln.gov.cn,ln_czt,crawled,alt=https://ln.gov.cn/czt/
liaoning.hrss,dept,provincial,辽宁省人力资源和社会保障厅,mohrss,https://hrss.ln.gov.cn,,blackhole,alt=https://ln.gov.cn/hrss/
liaoning.zrzyt,dept,provincial,辽宁省自然资源厅,mnr,https://zrzyt.ln.gov.cn,,blackhole,alt=https://ln.gov.cn/zrzyt/
liaoning.sthjt,dept,provincial,辽宁省生态环境厅,mee,https://sthjt.ln.gov.cn,,blackhole,alt=https://ln.gov.cn/sthjt/
liaoning.zjt,dept,provincial,辽宁省住房和城乡建设厅,mohurd,https://zjt.ln.gov.cn,,reachable_uncrawled,alt=https://ln.gov.cn/zjt/
liaoning.jtyst,dept,provincial,辽宁省交通运输厅,mot,https://jtyst.ln.gov.cn,,blackhole,alt=https://ln.gov.cn/jtyst/
liaoning.slt,dept,provincial,辽宁省水利厅,mwr,https://slt.ln.gov.cn,,reachable_uncrawled,alt=https://ln.gov.cn/slt/
liaoning.nynct,dept,provincial,辽宁省农业农村厅,mara,https://nynct.ln.gov.cn,,blackhole,alt=https://ln.gov.cn/nynct/
liaoning.swt,dept,provincial,辽宁省商务厅,mofcom,https://swt.ln.gov.cn,ln_swt,crawled,alt=https://ln.gov.cn/swt/
liaoning.whlyt,dept,provincial,辽宁省文化和旅游厅,mct,https://whlyt.ln.gov.cn,,blackhole,alt=https://ln.gov.cn/whlyt/
liaoning.wjw,dept,provincial,辽宁省卫生健康委员会,nhc,https://wjw.ln.gov.cn,,blackhole,alt=https://ln.gov.cn/wjw/
liaoning.tyj,dept,provincial,辽宁省退役军人事务厅,mva,https://tyj.ln.gov.cn,,reachable_uncrawled,alt=https://ln.gov.cn/tyj/
liaoning.yjt,dept,provincial,辽宁省应急管理厅,mem,https://yjt.ln.gov.cn,,blackhole,alt=https://ln.gov.cn/yjt/
liaoning.sjt,dept,provincial,辽宁省审计厅,cnao,https://sjt.ln.gov.cn,,reachable_uncrawled,alt=https://ln.gov.cn/sjt/
liaoning.wsb,dept,provincial,辽宁省人民政府外事办公室,mfa,https://wsb.ln.gov.cn,,reachable_uncrawled,alt=https://ln.gov.cn/wsb/
liaoning.gzw,dept,provincial,辽宁省国有资产监督管理委员会,sasac,https://gzw.ln.gov.cn,,reachable_uncrawled,alt=https://ln.gov.cn/gzw/
liaoning.scjgj,dept,provincial,辽宁省市场监督管理局,samr,https://scjgj.ln.gov.cn,,blackhole,alt=https://ln.gov.cn/scjgj/
liaoning.tjj,dept,provincial,辽宁省统计局,nbs,https://tjj.ln.gov.cn,,reachable_uncrawled,alt=https://ln.gov.cn/tjj/
liaoning.ybj,dept,provincial,辽宁省医疗保障局,nhsa,https://ybj.ln.gov.cn,,blackhole,alt=https://ln.gov.cn/ybj/
liaoning.tyjr,dept,provincial,辽宁省体育局,gas,https://tyjr.ln.gov.cn,,blackhole,alt=https://ln.gov.cn/tyjr/
liaoning.gbdst,dept,provincial,辽宁省广播电视局,nrta,https://gbdst.ln.gov.cn,,blackhole,alt=https://ln.gov.cn/gbdst/
liaoning.jrjgj,dept,provincial,辽宁省地方金融监督管理局,nfra,https://jrjgj.ln.gov.cn,,blackhole,alt=https://ln.gov.cn/jrjgj/
liaoning.sjaqj,dept,provincial,辽宁省政务服务和数据管理局,nda,https://sjaqj.ln.gov.cn,,blackhole,alt=https://ln.gov.cn/sjaqj/
liaoning.ylj,dept,provincial,辽宁省林业和草原局,forestry,https://ylj.ln.gov.cn,,blackhole,alt=https://ln.gov.cn/ylj/
liaoning.nyj,dept,provincial,辽宁省能源局,nea,https://nyj.ln.gov.cn,,blackhole,alt=https://ln.gov.cn/nyj/
liaoning.yjglj,dept,provincial,辽宁省药品监督管理局,nmpa,https://yjglj.ln.gov.cn,,blackhole,alt=https://ln.gov.cn/yjglj/
liaoning.zscqj,dept,provincial,辽宁省知识产权局,cnipa,https://zscqj.ln.gov.cn,,blackhole,alt=https://ln.gov.cn/zscqj/
liaoning.xfj,dept,provincial,辽宁省信访局,xinfang,https://xfj.ln.gov.cn,,blackhole,alt=https://ln.gov.cn/xfj/
liaoning.jgswglj,dept,provincial,辽宁省机关事务管理局,ggj,https://jgswglj.ln.gov.cn,,blackhole,alt=https://ln.gov.cn/jgswglj/
liaoning.tax,dept,provincial,国家税务总局辽宁省税务局,chinatax,https://tax.ln.gov.cn,,blackhole,alt=https://ln.gov.cn/tax/
liaoning.customs,dept,provincial,辽宁省海关,gacc,https://customs.ln.gov.cn,,blackhole,alt=https://ln.gov.cn/customs/
liaoning.pboc_br,dept,provincial,中国人民银行辽宁省分行,pbc,https://pboc_br.ln.gov.cn,,blackhole,alt=https://ln.gov.cn/pboc_br/
liaoning.p_office,dept,provincial,中共辽宁省委员会办公厅,cpc_general_office,https://p_office.ln.gov.cn,,blackhole,alt=https://ln.gov.cn/p_office/
liaoning.p_org,dept,provincial,中共辽宁省委组织部,cpc_org_dept,https://p_org.ln.gov.cn,,blackhole,alt=https://ln.gov.cn/p_org/
liaoning.p_prop,dept,provincial,中共辽宁省委宣传部,cpc_propaganda,https://p_prop.ln.gov.cn,,blackhole,alt=https://ln.gov.cn/p_prop/
liaoning.p_ufwd,dept,provincial,中共辽宁省委统战部,cpc_united_front,https://p_ufwd.ln.gov.cn,,blackhole,alt=https://ln.gov.cn/p_ufwd/
liaoning.p_plac,dept,provincial,中共辽宁省委政法委员会,cpc_plac,https://p_plac.ln.gov.cn,,blackhole,alt=https://ln.gov.cn/p_plac/
liaoning.p_cyber,dept,provincial,辽宁省委网信办,cac,https://p_cyber.ln.gov.cn,,blackhole,alt=https://ln.gov.cn/p_cyber/
liaoning.p_ccdi,dept,provincial,中共辽宁省纪委监委,cpc_ccdi_nsc,https://p_ccdi.ln.gov.cn,,blackhole,alt=https://ln.gov.cn/p_ccdi/
geo.jilin,geo,provincial,吉林省人民政府,,https://jl.gov.cn,jilin,crawled,province portal
jilin.fgw,dept,provincial,吉林省发展和改革委员会,ndrc,https://fgw.jl.gov.cn,,blackhole,alt=https://jl.gov.cn/fgw/
jilin.edu,dept,provincial,吉林省教育厅,moe,https://edu.jl.gov.cn,,blackhole,alt=https://jl.gov.cn/edu/
jilin.kjt,dept,provincial,吉林省科学技术厅,most,https://kjt.jl.gov.cn,jl_kjt,crawled,alt=https://jl.gov.cn/kjt/
jilin.gxt,dept,provincial,吉林省工业和信息化厅,miit,https://gxt.jl.gov.cn,jl_gxt,crawled,alt=https://jl.gov.cn/gxt/
jilin.mzw,dept,provincial,吉林省民族宗教事务委员会,neac,https://mzw.jl.gov.cn,,blackhole,alt=https://jl.gov.cn/mzw/
jilin.ga,dept,provincial,吉林省公安厅,mps,https://ga.jl.gov.cn,,blackhole,alt=https://jl.gov.cn/ga/
jilin.at,dept,provincial,吉林省国家安全厅,mss,https://at.jl.gov.cn,,blackhole,alt=https://jl.gov.cn/at/
jilin.mzt,dept,provincial,吉林省民政厅,mca,https://mzt.jl.gov.cn,,reachable_uncrawled,alt=https://jl.gov.cn/mzt/
jilin.sft,dept,provincial,吉林省司法厅,moj,https://sft.jl.gov.cn,,reachable_uncrawled,alt=https://jl.gov.cn/sft/
jilin.czt,dept,provincial,吉林省财政厅,mof,https://czt.jl.gov.cn,jl_czt,crawled,alt=https://jl.gov.cn/czt/
jilin.hrss,dept,provincial,吉林省人力资源和社会保障厅,mohrss,https://hrss.jl.gov.cn,jl_hrss,crawled,alt=https://jl.gov.cn/hrss/
jilin.zrzyt,dept,provincial,吉林省自然资源厅,mnr,https://zrzyt.jl.gov.cn,,blackhole,alt=https://jl.gov.cn/zrzyt/
jilin.sthjt,dept,provincial,吉林省生态环境厅,mee,https://sthjt.jl.gov.cn,jl_sthjt,crawled,alt=https://jl.gov.cn/sthjt/
jilin.zjt,dept,provincial,吉林省住房和城乡建设厅,mohurd,https://zjt.jl.gov.cn,,blackhole,alt=https://jl.gov.cn/zjt/
jilin.jtyst,dept,provincial,吉林省交通运输厅,mot,https://jtyst.jl.gov.cn,,reachable_uncrawled,alt=https://jl.gov.cn/jtyst/
jilin.slt,dept,provincial,吉林省水利厅,mwr,https://slt.jl.gov.cn,,reachable_uncrawled,alt=https://jl.gov.cn/slt/
jilin.nynct,dept,provincial,吉林省农业农村厅,mara,https://nynct.jl.gov.cn,,blackhole,alt=https://jl.gov.cn/nynct/
jilin.swt,dept,provincial,吉林省商务厅,mofcom,https://swt.jl.gov.cn,jl_swt,crawled,alt=https://jl.gov.cn/swt/
jilin.whlyt,dept,provincial,吉林省文化和旅游厅,mct,https://whlyt.jl.gov.cn,,blackhole,alt=https://jl.gov.cn/whlyt/
jilin.wjw,dept,provincial,吉林省卫生健康委员会,nhc,https://wjw.jl.gov.cn,,blackhole,alt=https://jl.gov.cn/wjw/
jilin.tyj,dept,provincial,吉林省退役军人事务厅,mva,https://tyj.jl.gov.cn,,reachable_uncrawled,alt=https://jl.gov.cn/tyj/
jilin.yjt,dept,provincial,吉林省应急管理厅,mem,https://yjt.jl.gov.cn,,reachable_uncrawled,alt=https://jl.gov.cn/yjt/
jilin.sjt,dept,provincial,吉林省审计厅,cnao,https://sjt.jl.gov.cn,,reachable_uncrawled,alt=https://jl.gov.cn/sjt/
jilin.wsb,dept,provincial,吉林省人民政府外事办公室,mfa,https://wsb.jl.gov.cn,,blackhole,alt=https://jl.gov.cn/wsb/
jilin.gzw,dept,provincial,吉林省国有资产监督管理委员会,sasac,https://gzw.jl.gov.cn,,reachable_uncrawled,alt=https://jl.gov.cn/gzw/
jilin.scjgj,dept,provincial,吉林省市场监督管理局,samr,https://scjgj.jl.gov.cn,,blackhole,alt=https://jl.gov.cn/scjgj/
jilin.tjj,dept,provincial,吉林省统计局,nbs,https://tjj.jl.gov.cn,,reachable_uncrawled,alt=https://jl.gov.cn/tjj/
jilin.ybj,dept,provincial,吉林省医疗保障局,nhsa,https://ybj.jl.gov.cn,,reachable_uncrawled,alt=https://jl.gov.cn/ybj/
jilin.tyjr,dept,provincial,吉林省体育局,gas,https://tyjr.jl.gov.cn,,blackhole,alt=https://jl.gov.cn/tyjr/
jilin.gbdst,dept,provincial,吉林省广播电视局,nrta,https://gbdst.jl.gov.cn,,blackhole,alt=https://jl.gov.cn/gbdst/
jilin.jrjgj,dept,provincial,吉林省地方金融监督管理局,nfra,https://jrjgj.jl.gov.cn,,blackhole,alt=https://jl.gov.cn/jrjgj/
jilin.sjaqj,dept,provincial,吉林省政务服务和数据管理局,nda,https://sjaqj.jl.gov.cn,,blackhole,alt=https://jl.gov.cn/sjaqj/
jilin.ylj,dept,provincial,吉林省林业和草原局,forestry,https://ylj.jl.gov.cn,,blackhole,alt=https://jl.gov.cn/ylj/
jilin.nyj,dept,provincial,吉林省能源局,nea,https://nyj.jl.gov.cn,,reachable_uncrawled,alt=https://jl.gov.cn/nyj/
jilin.yjglj,dept,provincial,吉林省药品监督管理局,nmpa,https://yjglj.jl.gov.cn,,blackhole,alt=https://jl.gov.cn/yjglj/
jilin.zscqj,dept,provincial,吉林省知识产权局,cnipa,https://zscqj.jl.gov.cn,,blackhole,alt=https://jl.gov.cn/zscqj/
jilin.xfj,dept,provincial,吉林省信访局,xinfang,https://xfj.jl.gov.cn,,reachable_uncrawled,alt=https://jl.gov.cn/xfj/
jilin.jgswglj,dept,provincial,吉林省机关事务管理局,ggj,https://jgswglj.jl.gov.cn,,blackhole,alt=https://jl.gov.cn/jgswglj/
jilin.tax,dept,provincial,国家税务总局吉林省税务局,chinatax,https://tax.jl.gov.cn,,blackhole,alt=https://jl.gov.cn/tax/
jilin.customs,dept,provincial,吉林省海关,gacc,https://customs.jl.gov.cn,,blackhole,alt=https://jl.gov.cn/customs/
jilin.pboc_br,dept,provincial,中国人民银行吉林省分行,pbc,https://pboc_br.jl.gov.cn,,blackhole,alt=https://jl.gov.cn/pboc_br/
jilin.p_office,dept,provincial,中共吉林省委员会办公厅,cpc_general_office,https://p_office.jl.gov.cn,,blackhole,alt=https://jl.gov.cn/p_office/
jilin.p_org,dept,provincial,中共吉林省委组织部,cpc_org_dept,https://p_org.jl.gov.cn,,blackhole,alt=https://jl.gov.cn/p_org/
jilin.p_prop,dept,provincial,中共吉林省委宣传部,cpc_propaganda,https://p_prop.jl.gov.cn,,blackhole,alt=https://jl.gov.cn/p_prop/
jilin.p_ufwd,dept,provincial,中共吉林省委统战部,cpc_united_front,https://p_ufwd.jl.gov.cn,,blackhole,alt=https://jl.gov.cn/p_ufwd/
jilin.p_plac,dept,provincial,中共吉林省委政法委员会,cpc_plac,https://p_plac.jl.gov.cn,,blackhole,alt=https://jl.gov.cn/p_plac/
jilin.p_cyber,dept,provincial,吉林省委网信办,cac,https://p_cyber.jl.gov.cn,,blackhole,alt=https://jl.gov.cn/p_cyber/
jilin.p_ccdi,dept,provincial,中共吉林省纪委监委,cpc_ccdi_nsc,https://p_ccdi.jl.gov.cn,,blackhole,alt=https://jl.gov.cn/p_ccdi/
geo.heilongjiang,geo,provincial,黑龙江省人民政府,,https://hlj.gov.cn,hlj,crawled,province portal
heilongjiang.fgw,dept,provincial,黑龙江省发展和改革委员会,ndrc,https://fgw.hlj.gov.cn,,blackhole,alt=https://hlj.gov.cn/fgw/
heilongjiang.edu,dept,provincial,黑龙江省教育厅,moe,https://edu.hlj.gov.cn,,blackhole,alt=https://hlj.gov.cn/edu/
heilongjiang.kjt,dept,provincial,黑龙江省科学技术厅,most,https://kjt.hlj.gov.cn,,reachable_uncrawled,alt=https://hlj.gov.cn/kjt/
heilongjiang.gxt,dept,provincial,黑龙江省工业和信息化厅,miit,https://gxt.hlj.gov.cn,,reachable_uncrawled,alt=https://hlj.gov.cn/gxt/
heilongjiang.mzw,dept,provincial,黑龙江省民族宗教事务委员会,neac,https://mzw.hlj.gov.cn,,blackhole,alt=https://hlj.gov.cn/mzw/
heilongjiang.ga,dept,provincial,黑龙江省公安厅,mps,https://ga.hlj.gov.cn,,blackhole,alt=https://hlj.gov.cn/ga/
heilongjiang.at,dept,provincial,黑龙江省国家安全厅,mss,https://at.hlj.gov.cn,,blackhole,alt=https://hlj.gov.cn/at/
heilongjiang.mzt,dept,provincial,黑龙江省民政厅,mca,https://mzt.hlj.gov.cn,,blackhole,alt=https://hlj.gov.cn/mzt/
heilongjiang.sft,dept,provincial,黑龙江省司法厅,moj,https://sft.hlj.gov.cn,,reachable_uncrawled,alt=https://hlj.gov.cn/sft/
heilongjiang.czt,dept,provincial,黑龙江省财政厅,mof,https://czt.hlj.gov.cn,,blackhole,alt=https://hlj.gov.cn/czt/
heilongjiang.hrss,dept,provincial,黑龙江省人力资源和社会保障厅,mohrss,https://hrss.hlj.gov.cn,,reachable_uncrawled,alt=https://hlj.gov.cn/hrss/
heilongjiang.zrzyt,dept,provincial,黑龙江省自然资源厅,mnr,https://zrzyt.hlj.gov.cn,,reachable_uncrawled,alt=https://hlj.gov.cn/zrzyt/
heilongjiang.sthjt,dept,provincial,黑龙江省生态环境厅,mee,https://sthjt.hlj.gov.cn,,blackhole,alt=https://hlj.gov.cn/sthjt/
heilongjiang.zjt,dept,provincial,黑龙江省住房和城乡建设厅,mohurd,https://zjt.hlj.gov.cn,,blackhole,alt=https://hlj.gov.cn/zjt/
heilongjiang.jtyst,dept,provincial,黑龙江省交通运输厅,mot,https://jtyst.hlj.gov.cn,,blackhole,alt=https://hlj.gov.cn/jtyst/
heilongjiang.slt,dept,provincial,黑龙江省水利厅,mwr,https://slt.hlj.gov.cn,,reachable_uncrawled,alt=https://hlj.gov.cn/slt/
heilongjiang.nynct,dept,provincial,黑龙江省农业农村厅,mara,https://nynct.hlj.gov.cn,,reachable_uncrawled,alt=https://hlj.gov.cn/nynct/
heilongjiang.swt,dept,provincial,黑龙江省商务厅,mofcom,https://swt.hlj.gov.cn,,blackhole,alt=https://hlj.gov.cn/swt/
heilongjiang.whlyt,dept,provincial,黑龙江省文化和旅游厅,mct,https://whlyt.hlj.gov.cn,,blackhole,alt=https://hlj.gov.cn/whlyt/
heilongjiang.wjw,dept,provincial,黑龙江省卫生健康委员会,nhc,https://wjw.hlj.gov.cn,,blackhole,alt=https://hlj.gov.cn/wjw/
heilongjiang.tyj,dept,provincial,黑龙江省退役军人事务厅,mva,https://tyj.hlj.gov.cn,,reachable_uncrawled,alt=https://hlj.gov.cn/tyj/
heilongjiang.yjt,dept,provincial,黑龙江省应急管理厅,mem,https://yjt.hlj.gov.cn,,blackhole,alt=https://hlj.gov.cn/yjt/
heilongjiang.sjt,dept,provincial,黑龙江省审计厅,cnao,https://sjt.hlj.gov.cn,,reachable_uncrawled,alt=https://hlj.gov.cn/sjt/
heilongjiang.wsb,dept,provincial,黑龙江省人民政府外事办公室,mfa,https://wsb.hlj.gov.cn,,blackhole,alt=https://hlj.gov.cn/wsb/
heilongjiang.gzw,dept,provincial,黑龙江省国有资产监督管理委员会,sasac,https://gzw.hlj.gov.cn,,blackhole,alt=https://hlj.gov.cn/gzw/
heilongjiang.scjgj,dept,provincial,黑龙江省市场监督管理局,samr,https://scjgj.hlj.gov.cn,,blackhole,alt=https://hlj.gov.cn/scjgj/
heilongjiang.tjj,dept,provincial,黑龙江省统计局,nbs,https://tjj.hlj.gov.cn,,reachable_uncrawled,alt=https://hlj.gov.cn/tjj/
heilongjiang.ybj,dept,provincial,黑龙江省医疗保障局,nhsa,https://ybj.hlj.gov.cn,,reachable_uncrawled,alt=https://hlj.gov.cn/ybj/
heilongjiang.tyjr,dept,provincial,黑龙江省体育局,gas,https://tyjr.hlj.gov.cn,,blackhole,alt=https://hlj.gov.cn/tyjr/
heilongjiang.gbdst,dept,provincial,黑龙江省广播电视局,nrta,https://gbdst.hlj.gov.cn,,blackhole,alt=https://hlj.gov.cn/gbdst/
heilongjiang.jrjgj,dept,provincial,黑龙江省地方金融监督管理局,nfra,https://jrjgj.hlj.gov.cn,,blackhole,alt=https://hlj.gov.cn/jrjgj/
heilongjiang.sjaqj,dept,provincial,黑龙江省政务服务和数据管理局,nda,https://sjaqj.hlj.gov.cn,,blackhole,alt=https://hlj.gov.cn/sjaqj/
heilongjiang.ylj,dept,provincial,黑龙江省林业和草原局,forestry,https://ylj.hlj.gov.cn,,blackhole,alt=https://hlj.gov.cn/ylj/
heilongjiang.nyj,dept,provincial,黑龙江省能源局,nea,https://nyj.hlj.gov.cn,,blackhole,alt=https://hlj.gov.cn/nyj/
heilongjiang.yjglj,dept,provincial,黑龙江省药品监督管理局,nmpa,https://yjglj.hlj.gov.cn,,blackhole,alt=https://hlj.gov.cn/yjglj/
heilongjiang.zscqj,dept,provincial,黑龙江省知识产权局,cnipa,https://zscqj.hlj.gov.cn,,blackhole,alt=https://hlj.gov.cn/zscqj/
heilongjiang.xfj,dept,provincial,黑龙江省信访局,xinfang,https://xfj.hlj.gov.cn,,reachable_uncrawled,alt=https://hlj.gov.cn/xfj/
heilongjiang.jgswglj,dept,provincial,黑龙江省机关事务管理局,ggj,https://jgswglj.hlj.gov.cn,,blackhole,alt=https://hlj.gov.cn/jgswglj/
heilongjiang.tax,dept,provincial,国家税务总局黑龙江省税务局,chinatax,https://tax.hlj.gov.cn,,blackhole,alt=https://hlj.gov.cn/tax/
heilongjiang.customs,dept,provincial,黑龙江省海关,gacc,https://customs.hlj.gov.cn,,blackhole,alt=https://hlj.gov.cn/customs/
heilongjiang.pboc_br,dept,provincial,中国人民银行黑龙江省分行,pbc,https://pboc_br.hlj.gov.cn,,blackhole,alt=https://hlj.gov.cn/pboc_br/
heilongjiang.p_office,dept,provincial,中共黑龙江省委员会办公厅,cpc_general_office,https://p_office.hlj.gov.cn,,blackhole,alt=https://hlj.gov.cn/p_office/
heilongjiang.p_org,dept,provincial,中共黑龙江省委组织部,cpc_org_dept,https://p_org.hlj.gov.cn,,blackhole,alt=https://hlj.gov.cn/p_org/
heilongjiang.p_prop,dept,provincial,中共黑龙江省委宣传部,cpc_propaganda,https://p_prop.hlj.gov.cn,,blackhole,alt=https://hlj.gov.cn/p_prop/
heilongjiang.p_ufwd,dept,provincial,中共黑龙江省委统战部,cpc_united_front,https://p_ufwd.hlj.gov.cn,,blackhole,alt=https://hlj.gov.cn/p_ufwd/
heilongjiang.p_plac,dept,provincial,中共黑龙江省委政法委员会,cpc_plac,https://p_plac.hlj.gov.cn,,blackhole,alt=https://hlj.gov.cn/p_plac/
heilongjiang.p_cyber,dept,provincial,黑龙江省委网信办,cac,https://p_cyber.hlj.gov.cn,,blackhole,alt=https://hlj.gov.cn/p_cyber/
heilongjiang.p_ccdi,dept,provincial,中共黑龙江省纪委监委,cpc_ccdi_nsc,https://p_ccdi.hlj.gov.cn,,blackhole,alt=https://hlj.gov.cn/p_ccdi/
geo.jiangsu,geo,provincial,江苏省人民政府,,https://jiangsu.gov.cn,js,crawled,province portal
jiangsu.fgw,dept,provincial,江苏省发展和改革委员会,ndrc,https://fgw.jiangsu.gov.cn,,blackhole,alt=https://jiangsu.gov.cn/fgw/
jiangsu.edu,dept,provincial,江苏省教育厅,moe,https://edu.jiangsu.gov.cn,,blackhole,alt=https://jiangsu.gov.cn/edu/
jiangsu.kjt,dept,provincial,江苏省科学技术厅,most,https://kjt.jiangsu.gov.cn,,blackhole,alt=https://jiangsu.gov.cn/kjt/
jiangsu.gxt,dept,provincial,江苏省工业和信息化厅,miit,https://gxt.jiangsu.gov.cn,js_gxt,crawled,alt=https://jiangsu.gov.cn/gxt/
jiangsu.mzw,dept,provincial,江苏省民族宗教事务委员会,neac,https://mzw.jiangsu.gov.cn,,reachable_uncrawled,alt=https://jiangsu.gov.cn/mzw/
jiangsu.ga,dept,provincial,江苏省公安厅,mps,https://ga.jiangsu.gov.cn,,blackhole,alt=https://jiangsu.gov.cn/ga/
jiangsu.at,dept,provincial,江苏省国家安全厅,mss,https://at.jiangsu.gov.cn,,blackhole,alt=https://jiangsu.gov.cn/at/
jiangsu.mzt,dept,provincial,江苏省民政厅,mca,https://mzt.jiangsu.gov.cn,js_mzt,crawled,alt=https://jiangsu.gov.cn/mzt/
jiangsu.sft,dept,provincial,江苏省司法厅,moj,https://sft.jiangsu.gov.cn,js_sft,crawled,alt=https://jiangsu.gov.cn/sft/
jiangsu.czt,dept,provincial,江苏省财政厅,mof,https://czt.jiangsu.gov.cn,js_czt,crawled,alt=https://jiangsu.gov.cn/czt/
jiangsu.hrss,dept,provincial,江苏省人力资源和社会保障厅,mohrss,https://hrss.jiangsu.gov.cn,,blackhole,alt=https://jiangsu.gov.cn/hrss/
jiangsu.zrzyt,dept,provincial,江苏省自然资源厅,mnr,https://zrzyt.jiangsu.gov.cn,,blackhole,alt=https://jiangsu.gov.cn/zrzyt/
jiangsu.sthjt,dept,provincial,江苏省生态环境厅,mee,https://sthjt.jiangsu.gov.cn,js_sthjt,crawled,alt=https://jiangsu.gov.cn/sthjt/
jiangsu.zjt,dept,provincial,江苏省住房和城乡建设厅,mohurd,https://zjt.jiangsu.gov.cn,,blackhole,alt=https://jiangsu.gov.cn/zjt/
jiangsu.jtyst,dept,provincial,江苏省交通运输厅,mot,https://jtyst.jiangsu.gov.cn,js_jtyst,crawled,alt=https://jiangsu.gov.cn/jtyst/
jiangsu.slt,dept,provincial,江苏省水利厅,mwr,https://slt.jiangsu.gov.cn,,blackhole,alt=https://jiangsu.gov.cn/slt/
jiangsu.nynct,dept,provincial,江苏省农业农村厅,mara,https://nynct.jiangsu.gov.cn,js_nynct,crawled,alt=https://jiangsu.gov.cn/nynct/
jiangsu.swt,dept,provincial,江苏省商务厅,mofcom,https://swt.jiangsu.gov.cn,,blackhole,alt=https://jiangsu.gov.cn/swt/
jiangsu.whlyt,dept,provincial,江苏省文化和旅游厅,mct,https://whlyt.jiangsu.gov.cn,,blackhole,alt=https://jiangsu.gov.cn/whlyt/
jiangsu.wjw,dept,provincial,江苏省卫生健康委员会,nhc,https://wjw.jiangsu.gov.cn,js_wjw,crawled,alt=https://jiangsu.gov.cn/wjw/
jiangsu.tyj,dept,provincial,江苏省退役军人事务厅,mva,https://tyj.jiangsu.gov.cn,,blackhole,alt=https://jiangsu.gov.cn/tyj/
jiangsu.yjt,dept,provincial,江苏省应急管理厅,mem,https://yjt.jiangsu.gov.cn,,blackhole,alt=https://jiangsu.gov.cn/yjt/
jiangsu.sjt,dept,provincial,江苏省审计厅,cnao,https://sjt.jiangsu.gov.cn,,blackhole,alt=https://jiangsu.gov.cn/sjt/
jiangsu.wsb,dept,provincial,江苏省人民政府外事办公室,mfa,https://wsb.jiangsu.gov.cn,,blackhole,alt=https://jiangsu.gov.cn/wsb/
jiangsu.gzw,dept,provincial,江苏省国有资产监督管理委员会,sasac,https://gzw.jiangsu.gov.cn,,blackhole,alt=https://jiangsu.gov.cn/gzw/
jiangsu.scjgj,dept,provincial,江苏省市场监督管理局,samr,https://scjgj.jiangsu.gov.cn,js_scjgj,crawled,alt=https://jiangsu.gov.cn/scjgj/
jiangsu.tjj,dept,provincial,江苏省统计局,nbs,https://tjj.jiangsu.gov.cn,,blackhole,alt=https://jiangsu.gov.cn/tjj/
jiangsu.ybj,dept,provincial,江苏省医疗保障局,nhsa,https://ybj.jiangsu.gov.cn,js_ybj,crawled,alt=https://jiangsu.gov.cn/ybj/
jiangsu.tyjr,dept,provincial,江苏省体育局,gas,https://tyjr.jiangsu.gov.cn,,blackhole,alt=https://jiangsu.gov.cn/tyjr/
jiangsu.gbdst,dept,provincial,江苏省广播电视局,nrta,https://gbdst.jiangsu.gov.cn,,blackhole,alt=https://jiangsu.gov.cn/gbdst/
jiangsu.jrjgj,dept,provincial,江苏省地方金融监督管理局,nfra,https://jrjgj.jiangsu.gov.cn,,blackhole,alt=https://jiangsu.gov.cn/jrjgj/
jiangsu.sjaqj,dept,provincial,江苏省政务服务和数据管理局,nda,https://sjaqj.jiangsu.gov.cn,,blackhole,alt=https://jiangsu.gov.cn/sjaqj/
jiangsu.ylj,dept,provincial,江苏省林业和草原局,forestry,https://ylj.jiangsu.gov.cn,,blackhole,alt=https://jiangsu.gov.cn/ylj/
jiangsu.nyj,dept,provincial,江苏省能源局,nea,https://nyj.jiangsu.gov.cn,,blackhole,alt=https://jiangsu.gov.cn/nyj/
jiangsu.yjglj,dept,provincial,江苏省药品监督管理局,nmpa,https://yjglj.jiangsu.gov.cn,,blackhole,alt=https://jiangsu.gov.cn/yjglj/
jiangsu.zscqj,dept,provincial,江苏省知识产权局,cnipa,https://zscqj.jiangsu.gov.cn,,blackhole,alt=https://jiangsu.gov.cn/zscqj/
jiangsu.xfj,dept,provincial,江苏省信访局,xinfang,https://xfj.jiangsu.gov.cn,,blackhole,alt=https://jiangsu.gov.cn/xfj/
jiangsu.jgswglj,dept,provincial,江苏省机关事务管理局,ggj,https://jgswglj.jiangsu.gov.cn,,blackhole,alt=https://jiangsu.gov.cn/jgswglj/
jiangsu.tax,dept,provincial,国家税务总局江苏省税务局,chinatax,https://tax.jiangsu.gov.cn,,blackhole,alt=https://jiangsu.gov.cn/tax/
jiangsu.customs,dept,provincial,江苏省海关,gacc,https://customs.jiangsu.gov.cn,,blackhole,alt=https://jiangsu.gov.cn/customs/
jiangsu.pboc_br,dept,provincial,中国人民银行江苏省分行,pbc,https://pboc_br.jiangsu.gov.cn,,blackhole,alt=https://jiangsu.gov.cn/pboc_br/
jiangsu.p_office,dept,provincial,中共江苏省委员会办公厅,cpc_general_office,https://p_office.jiangsu.gov.cn,,blackhole,alt=https://jiangsu.gov.cn/p_office/
jiangsu.p_org,dept,provincial,中共江苏省委组织部,cpc_org_dept,https://p_org.jiangsu.gov.cn,,blackhole,alt=https://jiangsu.gov.cn/p_org/
jiangsu.p_prop,dept,provincial,中共江苏省委宣传部,cpc_propaganda,https://p_prop.jiangsu.gov.cn,,blackhole,alt=https://jiangsu.gov.cn/p_prop/
jiangsu.p_ufwd,dept,provincial,中共江苏省委统战部,cpc_united_front,https://p_ufwd.jiangsu.gov.cn,,blackhole,alt=https://jiangsu.gov.cn/p_ufwd/
jiangsu.p_plac,dept,provincial,中共江苏省委政法委员会,cpc_plac,https://p_plac.jiangsu.gov.cn,,blackhole,alt=https://jiangsu.gov.cn/p_plac/
jiangsu.p_cyber,dept,provincial,江苏省委网信办,cac,https://p_cyber.jiangsu.gov.cn,,blackhole,alt=https://jiangsu.gov.cn/p_cyber/
jiangsu.p_ccdi,dept,provincial,中共江苏省纪委监委,cpc_ccdi_nsc,https://p_ccdi.jiangsu.gov.cn,,blackhole,alt=https://jiangsu.gov.cn/p_ccdi/
geo.zhejiang,geo,provincial,浙江省人民政府,,https://zj.gov.cn,zj,crawled,province portal
zhejiang.fgw,dept,provincial,浙江省发展和改革委员会,ndrc,https://fgw.zj.gov.cn,,blackhole,alt=https://zj.gov.cn/fgw/
zhejiang.edu,dept,provincial,浙江省教育厅,moe,https://edu.zj.gov.cn,,blackhole,alt=https://zj.gov.cn/edu/
zhejiang.kjt,dept,provincial,浙江省科学技术厅,most,https://kjt.zj.gov.cn,,blackhole,alt=https://zj.gov.cn/kjt/
zhejiang.gxt,dept,provincial,浙江省工业和信息化厅,miit,https://gxt.zj.gov.cn,,blackhole,alt=https://zj.gov.cn/gxt/
zhejiang.mzw,dept,provincial,浙江省民族宗教事务委员会,neac,https://mzw.zj.gov.cn,,blackhole,alt=https://zj.gov.cn/mzw/
zhejiang.ga,dept,provincial,浙江省公安厅,mps,https://ga.zj.gov.cn,,blackhole,alt=https://zj.gov.cn/ga/
zhejiang.at,dept,provincial,浙江省国家安全厅,mss,https://at.zj.gov.cn,,blackhole,alt=https://zj.gov.cn/at/
zhejiang.mzt,dept,provincial,浙江省民政厅,mca,https://mzt.zj.gov.cn,,blackhole,alt=https://zj.gov.cn/mzt/
zhejiang.sft,dept,provincial,浙江省司法厅,moj,https://sft.zj.gov.cn,,blackhole,alt=https://zj.gov.cn/sft/
zhejiang.czt,dept,provincial,浙江省财政厅,mof,https://czt.zj.gov.cn,,blackhole,alt=https://zj.gov.cn/czt/
zhejiang.hrss,dept,provincial,浙江省人力资源和社会保障厅,mohrss,https://hrss.zj.gov.cn,,blackhole,alt=https://zj.gov.cn/hrss/
zhejiang.zrzyt,dept,provincial,浙江省自然资源厅,mnr,https://zrzyt.zj.gov.cn,,blackhole,alt=https://zj.gov.cn/zrzyt/
zhejiang.sthjt,dept,provincial,浙江省生态环境厅,mee,https://sthjt.zj.gov.cn,,blackhole,alt=https://zj.gov.cn/sthjt/
zhejiang.zjt,dept,provincial,浙江省住房和城乡建设厅,mohurd,https://zjt.zj.gov.cn,,blackhole,alt=https://zj.gov.cn/zjt/
zhejiang.jtyst,dept,provincial,浙江省交通运输厅,mot,https://jtyst.zj.gov.cn,,blackhole,alt=https://zj.gov.cn/jtyst/
zhejiang.slt,dept,provincial,浙江省水利厅,mwr,https://slt.zj.gov.cn,,blackhole,alt=https://zj.gov.cn/slt/
zhejiang.nynct,dept,provincial,浙江省农业农村厅,mara,https://nynct.zj.gov.cn,,blackhole,alt=https://zj.gov.cn/nynct/
zhejiang.swt,dept,provincial,浙江省商务厅,mofcom,https://swt.zj.gov.cn,,blackhole,alt=https://zj.gov.cn/swt/
zhejiang.whlyt,dept,provincial,浙江省文化和旅游厅,mct,https://whlyt.zj.gov.cn,,blackhole,alt=https://zj.gov.cn/whlyt/
zhejiang.wjw,dept,provincial,浙江省卫生健康委员会,nhc,https://wjw.zj.gov.cn,,blackhole,alt=https://zj.gov.cn/wjw/
zhejiang.tyj,dept,provincial,浙江省退役军人事务厅,mva,https://tyj.zj.gov.cn,,blackhole,alt=https://zj.gov.cn/tyj/
zhejiang.yjt,dept,provincial,浙江省应急管理厅,mem,https://yjt.zj.gov.cn,,blackhole,alt=https://zj.gov.cn/yjt/
zhejiang.sjt,dept,provincial,浙江省审计厅,cnao,https://sjt.zj.gov.cn,,blackhole,alt=https://zj.gov.cn/sjt/
zhejiang.wsb,dept,provincial,浙江省人民政府外事办公室,mfa,https://wsb.zj.gov.cn,,blackhole,alt=https://zj.gov.cn/wsb/
zhejiang.gzw,dept,provincial,浙江省国有资产监督管理委员会,sasac,https://gzw.zj.gov.cn,,blackhole,alt=https://zj.gov.cn/gzw/
zhejiang.scjgj,dept,provincial,浙江省市场监督管理局,samr,https://scjgj.zj.gov.cn,,blackhole,alt=https://zj.gov.cn/scjgj/
zhejiang.tjj,dept,provincial,浙江省统计局,nbs,https://tjj.zj.gov.cn,,blackhole,alt=https://zj.gov.cn/tjj/
zhejiang.ybj,dept,provincial,浙江省医疗保障局,nhsa,https://ybj.zj.gov.cn,,blackhole,alt=https://zj.gov.cn/ybj/
zhejiang.tyjr,dept,provincial,浙江省体育局,gas,https://tyjr.zj.gov.cn,,blackhole,alt=https://zj.gov.cn/tyjr/
zhejiang.gbdst,dept,provincial,浙江省广播电视局,nrta,https://gbdst.zj.gov.cn,,blackhole,alt=https://zj.gov.cn/gbdst/
zhejiang.jrjgj,dept,provincial,浙江省地方金融监督管理局,nfra,https://jrjgj.zj.gov.cn,,blackhole,alt=https://zj.gov.cn/jrjgj/
zhejiang.sjaqj,dept,provincial,浙江省政务服务和数据管理局,nda,https://sjaqj.zj.gov.cn,,blackhole,alt=https://zj.gov.cn/sjaqj/
zhejiang.ylj,dept,provincial,浙江省林业和草原局,forestry,https://ylj.zj.gov.cn,,blackhole,alt=https://zj.gov.cn/ylj/
zhejiang.nyj,dept,provincial,浙江省能源局,nea,https://nyj.zj.gov.cn,,blackhole,alt=https://zj.gov.cn/nyj/
zhejiang.yjglj,dept,provincial,浙江省药品监督管理局,nmpa,https://yjglj.zj.gov.cn,,blackhole,alt=https://zj.gov.cn/yjglj/
zhejiang.zscqj,dept,provincial,浙江省知识产权局,cnipa,https://zscqj.zj.gov.cn,,blackhole,alt=https://zj.gov.cn/zscqj/
zhejiang.xfj,dept,provincial,浙江省信访局,xinfang,https://xfj.zj.gov.cn,,blackhole,alt=https://zj.gov.cn/xfj/
zhejiang.jgswglj,dept,provincial,浙江省机关事务管理局,ggj,https://jgswglj.zj.gov.cn,,blackhole,alt=https://zj.gov.cn/jgswglj/
zhejiang.tax,dept,provincial,国家税务总局浙江省税务局,chinatax,https://tax.zj.gov.cn,,blackhole,alt=https://zj.gov.cn/tax/
zhejiang.customs,dept,provincial,浙江省海关,gacc,https://customs.zj.gov.cn,,blackhole,alt=https://zj.gov.cn/customs/
zhejiang.pboc_br,dept,provincial,中国人民银行浙江省分行,pbc,https://pboc_br.zj.gov.cn,,blackhole,alt=https://zj.gov.cn/pboc_br/
zhejiang.p_office,dept,provincial,中共浙江省委员会办公厅,cpc_general_office,https://p_office.zj.gov.cn,,blackhole,alt=https://zj.gov.cn/p_office/
zhejiang.p_org,dept,provincial,中共浙江省委组织部,cpc_org_dept,https://p_org.zj.gov.cn,,blackhole,alt=https://zj.gov.cn/p_org/
zhejiang.p_prop,dept,provincial,中共浙江省委宣传部,cpc_propaganda,https://p_prop.zj.gov.cn,,blackhole,alt=https://zj.gov.cn/p_prop/
zhejiang.p_ufwd,dept,provincial,中共浙江省委统战部,cpc_united_front,https://p_ufwd.zj.gov.cn,,blackhole,alt=https://zj.gov.cn/p_ufwd/
zhejiang.p_plac,dept,provincial,中共浙江省委政法委员会,cpc_plac,https://p_plac.zj.gov.cn,,blackhole,alt=https://zj.gov.cn/p_plac/
zhejiang.p_cyber,dept,provincial,浙江省委网信办,cac,https://p_cyber.zj.gov.cn,,blackhole,alt=https://zj.gov.cn/p_cyber/
zhejiang.p_ccdi,dept,provincial,中共浙江省纪委监委,cpc_ccdi_nsc,https://p_ccdi.zj.gov.cn,,blackhole,alt=https://zj.gov.cn/p_ccdi/
geo.anhui,geo,provincial,安徽省人民政府,,https://ah.gov.cn,,blackhole,province portal
anhui.fgw,dept,provincial,安徽省发展和改革委员会,ndrc,https://fgw.ah.gov.cn,,blackhole,alt=https://ah.gov.cn/fgw/
anhui.edu,dept,provincial,安徽省教育厅,moe,https://edu.ah.gov.cn,,blackhole,alt=https://ah.gov.cn/edu/
anhui.kjt,dept,provincial,安徽省科学技术厅,most,https://kjt.ah.gov.cn,,proxy_gated,alt=https://ah.gov.cn/kjt/
anhui.gxt,dept,provincial,安徽省工业和信息化厅,miit,https://gxt.ah.gov.cn,,blackhole,alt=https://ah.gov.cn/gxt/
anhui.mzw,dept,provincial,安徽省民族宗教事务委员会,neac,https://mzw.ah.gov.cn,,blackhole,alt=https://ah.gov.cn/mzw/
anhui.ga,dept,provincial,安徽省公安厅,mps,https://ga.ah.gov.cn,,blackhole,alt=https://ah.gov.cn/ga/
anhui.at,dept,provincial,安徽省国家安全厅,mss,https://at.ah.gov.cn,,blackhole,alt=https://ah.gov.cn/at/
anhui.mzt,dept,provincial,安徽省民政厅,mca,https://mzt.ah.gov.cn,,blackhole,alt=https://ah.gov.cn/mzt/
anhui.sft,dept,provincial,安徽省司法厅,moj,https://sft.ah.gov.cn,,proxy_gated,alt=https://ah.gov.cn/sft/
anhui.czt,dept,provincial,安徽省财政厅,mof,https://czt.ah.gov.cn,,proxy_gated,alt=https://ah.gov.cn/czt/
anhui.hrss,dept,provincial,安徽省人力资源和社会保障厅,mohrss,https://hrss.ah.gov.cn,,proxy_gated,alt=https://ah.gov.cn/hrss/
anhui.zrzyt,dept,provincial,安徽省自然资源厅,mnr,https://zrzyt.ah.gov.cn,,proxy_gated,alt=https://ah.gov.cn/zrzyt/
anhui.sthjt,dept,provincial,安徽省生态环境厅,mee,https://sthjt.ah.gov.cn,,proxy_gated,alt=https://ah.gov.cn/sthjt/
anhui.zjt,dept,provincial,安徽省住房和城乡建设厅,mohurd,https://zjt.ah.gov.cn,,blackhole,alt=https://ah.gov.cn/zjt/
anhui.jtyst,dept,provincial,安徽省交通运输厅,mot,https://jtyst.ah.gov.cn,,blackhole,alt=https://ah.gov.cn/jtyst/
anhui.slt,dept,provincial,安徽省水利厅,mwr,https://slt.ah.gov.cn,,proxy_gated,alt=https://ah.gov.cn/slt/
anhui.nynct,dept,provincial,安徽省农业农村厅,mara,https://nynct.ah.gov.cn,,blackhole,alt=https://ah.gov.cn/nynct/
anhui.swt,dept,provincial,安徽省商务厅,mofcom,https://swt.ah.gov.cn,,blackhole,alt=https://ah.gov.cn/swt/
anhui.whlyt,dept,provincial,安徽省文化和旅游厅,mct,https://whlyt.ah.gov.cn,,blackhole,alt=https://ah.gov.cn/whlyt/
anhui.wjw,dept,provincial,安徽省卫生健康委员会,nhc,https://wjw.ah.gov.cn,,proxy_gated,alt=https://ah.gov.cn/wjw/
anhui.tyj,dept,provincial,安徽省退役军人事务厅,mva,https://tyj.ah.gov.cn,,blackhole,alt=https://ah.gov.cn/tyj/
anhui.yjt,dept,provincial,安徽省应急管理厅,mem,https://yjt.ah.gov.cn,,proxy_gated,alt=https://ah.gov.cn/yjt/
anhui.sjt,dept,provincial,安徽省审计厅,cnao,https://sjt.ah.gov.cn,,proxy_gated,alt=https://ah.gov.cn/sjt/
anhui.wsb,dept,provincial,安徽省人民政府外事办公室,mfa,https://wsb.ah.gov.cn,,blackhole,alt=https://ah.gov.cn/wsb/
anhui.gzw,dept,provincial,安徽省国有资产监督管理委员会,sasac,https://gzw.ah.gov.cn,,proxy_gated,alt=https://ah.gov.cn/gzw/
anhui.scjgj,dept,provincial,安徽省市场监督管理局,samr,https://scjgj.ah.gov.cn,,blackhole,alt=https://ah.gov.cn/scjgj/
anhui.tjj,dept,provincial,安徽省统计局,nbs,https://tjj.ah.gov.cn,,proxy_gated,alt=https://ah.gov.cn/tjj/
anhui.ybj,dept,provincial,安徽省医疗保障局,nhsa,https://ybj.ah.gov.cn,,proxy_gated,alt=https://ah.gov.cn/ybj/
anhui.tyjr,dept,provincial,安徽省体育局,gas,https://tyjr.ah.gov.cn,,blackhole,alt=https://ah.gov.cn/tyjr/
anhui.gbdst,dept,provincial,安徽省广播电视局,nrta,https://gbdst.ah.gov.cn,,blackhole,alt=https://ah.gov.cn/gbdst/
anhui.jrjgj,dept,provincial,安徽省地方金融监督管理局,nfra,https://jrjgj.ah.gov.cn,,blackhole,alt=https://ah.gov.cn/jrjgj/
anhui.sjaqj,dept,provincial,安徽省政务服务和数据管理局,nda,https://sjaqj.ah.gov.cn,,blackhole,alt=https://ah.gov.cn/sjaqj/
anhui.ylj,dept,provincial,安徽省林业和草原局,forestry,https://ylj.ah.gov.cn,,blackhole,alt=https://ah.gov.cn/ylj/
anhui.nyj,dept,provincial,安徽省能源局,nea,https://nyj.ah.gov.cn,,blackhole,alt=https://ah.gov.cn/nyj/
anhui.yjglj,dept,provincial,安徽省药品监督管理局,nmpa,https://yjglj.ah.gov.cn,,blackhole,alt=https://ah.gov.cn/yjglj/
anhui.zscqj,dept,provincial,安徽省知识产权局,cnipa,https://zscqj.ah.gov.cn,,blackhole,alt=https://ah.gov.cn/zscqj/
anhui.xfj,dept,provincial,安徽省信访局,xinfang,https://xfj.ah.gov.cn,,proxy_gated,alt=https://ah.gov.cn/xfj/
anhui.jgswglj,dept,provincial,安徽省机关事务管理局,ggj,https://jgswglj.ah.gov.cn,,blackhole,alt=https://ah.gov.cn/jgswglj/
anhui.tax,dept,provincial,国家税务总局安徽省税务局,chinatax,https://tax.ah.gov.cn,,blackhole,alt=https://ah.gov.cn/tax/
anhui.customs,dept,provincial,安徽省海关,gacc,https://customs.ah.gov.cn,,blackhole,alt=https://ah.gov.cn/customs/
anhui.pboc_br,dept,provincial,中国人民银行安徽省分行,pbc,https://pboc_br.ah.gov.cn,,blackhole,alt=https://ah.gov.cn/pboc_br/
anhui.p_office,dept,provincial,中共安徽省委员会办公厅,cpc_general_office,https://p_office.ah.gov.cn,,blackhole,alt=https://ah.gov.cn/p_office/
anhui.p_org,dept,provincial,中共安徽省委组织部,cpc_org_dept,https://p_org.ah.gov.cn,,blackhole,alt=https://ah.gov.cn/p_org/
anhui.p_prop,dept,provincial,中共安徽省委宣传部,cpc_propaganda,https://p_prop.ah.gov.cn,,blackhole,alt=https://ah.gov.cn/p_prop/
anhui.p_ufwd,dept,provincial,中共安徽省委统战部,cpc_united_front,https://p_ufwd.ah.gov.cn,,blackhole,alt=https://ah.gov.cn/p_ufwd/
anhui.p_plac,dept,provincial,中共安徽省委政法委员会,cpc_plac,https://p_plac.ah.gov.cn,,blackhole,alt=https://ah.gov.cn/p_plac/
anhui.p_cyber,dept,provincial,安徽省委网信办,cac,https://p_cyber.ah.gov.cn,,blackhole,alt=https://ah.gov.cn/p_cyber/
anhui.p_ccdi,dept,provincial,中共安徽省纪委监委,cpc_ccdi_nsc,https://p_ccdi.ah.gov.cn,,blackhole,alt=https://ah.gov.cn/p_ccdi/
geo.fujian,geo,provincial,福建省人民政府,,https://fujian.gov.cn,fujian,crawled,province portal
fujian.fgw,dept,provincial,福建省发展和改革委员会,ndrc,https://fgw.fujian.gov.cn,fj_fgw,crawled,alt=https://fujian.gov.cn/fgw/
fujian.edu,dept,provincial,福建省教育厅,moe,https://edu.fujian.gov.cn,,blackhole,alt=https://fujian.gov.cn/edu/
fujian.kjt,dept,provincial,福建省科学技术厅,most,https://kjt.fujian.gov.cn,fj_kjt,crawled,alt=https://fujian.gov.cn/kjt/
fujian.gxt,dept,provincial,福建省工业和信息化厅,miit,https://gxt.fujian.gov.cn,fj_gxt,crawled,alt=https://fujian.gov.cn/gxt/
fujian.mzw,dept,provincial,福建省民族宗教事务委员会,neac,https://mzw.fujian.gov.cn,,blackhole,alt=https://fujian.gov.cn/mzw/
fujian.ga,dept,provincial,福建省公安厅,mps,https://ga.fujian.gov.cn,,blackhole,alt=https://fujian.gov.cn/ga/
fujian.at,dept,provincial,福建省国家安全厅,mss,https://at.fujian.gov.cn,,blackhole,alt=https://fujian.gov.cn/at/
fujian.mzt,dept,provincial,福建省民政厅,mca,https://mzt.fujian.gov.cn,fj_mzt,crawled,alt=https://fujian.gov.cn/mzt/
fujian.sft,dept,provincial,福建省司法厅,moj,https://sft.fujian.gov.cn,fj_sft,crawled,alt=https://fujian.gov.cn/sft/
fujian.czt,dept,provincial,福建省财政厅,mof,https://czt.fujian.gov.cn,fj_czt,crawled,alt=https://fujian.gov.cn/czt/
fujian.hrss,dept,provincial,福建省人力资源和社会保障厅,mohrss,https://hrss.fujian.gov.cn,,blackhole,alt=https://fujian.gov.cn/hrss/
fujian.zrzyt,dept,provincial,福建省自然资源厅,mnr,https://zrzyt.fujian.gov.cn,fj_zrzyt,crawled,alt=https://fujian.gov.cn/zrzyt/
fujian.sthjt,dept,provincial,福建省生态环境厅,mee,https://sthjt.fujian.gov.cn,fj_sthjt,crawled,alt=https://fujian.gov.cn/sthjt/
fujian.zjt,dept,provincial,福建省住房和城乡建设厅,mohurd,https://zjt.fujian.gov.cn,fj_zjt,crawled,alt=https://fujian.gov.cn/zjt/
fujian.jtyst,dept,provincial,福建省交通运输厅,mot,https://jtyst.fujian.gov.cn,fj_jtyst,crawled,alt=https://fujian.gov.cn/jtyst/
fujian.slt,dept,provincial,福建省水利厅,mwr,https://slt.fujian.gov.cn,fj_slt,crawled,alt=https://fujian.gov.cn/slt/
fujian.nynct,dept,provincial,福建省农业农村厅,mara,https://nynct.fujian.gov.cn,fj_nynct,crawled,alt=https://fujian.gov.cn/nynct/
fujian.swt,dept,provincial,福建省商务厅,mofcom,https://swt.fujian.gov.cn,fj_swt,crawled,alt=https://fujian.gov.cn/swt/
fujian.whlyt,dept,provincial,福建省文化和旅游厅,mct,https://whlyt.fujian.gov.cn,,blackhole,alt=https://fujian.gov.cn/whlyt/
fujian.wjw,dept,provincial,福建省卫生健康委员会,nhc,https://wjw.fujian.gov.cn,fj_wjw,crawled,alt=https://fujian.gov.cn/wjw/
fujian.tyj,dept,provincial,福建省退役军人事务厅,mva,https://tyj.fujian.gov.cn,fj_tyj,crawled,alt=https://fujian.gov.cn/tyj/
fujian.yjt,dept,provincial,福建省应急管理厅,mem,https://yjt.fujian.gov.cn,fj_yjt,crawled,alt=https://fujian.gov.cn/yjt/
fujian.sjt,dept,provincial,福建省审计厅,cnao,https://sjt.fujian.gov.cn,fj_sjt,crawled,alt=https://fujian.gov.cn/sjt/
fujian.wsb,dept,provincial,福建省人民政府外事办公室,mfa,https://wsb.fujian.gov.cn,,blackhole,alt=https://fujian.gov.cn/wsb/
fujian.gzw,dept,provincial,福建省国有资产监督管理委员会,sasac,https://gzw.fujian.gov.cn,fj_gzw,crawled,alt=https://fujian.gov.cn/gzw/
fujian.scjgj,dept,provincial,福建省市场监督管理局,samr,https://scjgj.fujian.gov.cn,fj_scjgj,crawled,alt=https://fujian.gov.cn/scjgj/
fujian.tjj,dept,provincial,福建省统计局,nbs,https://tjj.fujian.gov.cn,fj_tjj,crawled,alt=https://fujian.gov.cn/tjj/
fujian.ybj,dept,provincial,福建省医疗保障局,nhsa,https://ybj.fujian.gov.cn,fj_ybj,crawled,alt=https://fujian.gov.cn/ybj/
fujian.tyjr,dept,provincial,福建省体育局,gas,https://tyjr.fujian.gov.cn,,blackhole,alt=https://fujian.gov.cn/tyjr/
fujian.gbdst,dept,provincial,福建省广播电视局,nrta,https://gbdst.fujian.gov.cn,,blackhole,alt=https://fujian.gov.cn/gbdst/
fujian.jrjgj,dept,provincial,福建省地方金融监督管理局,nfra,https://jrjgj.fujian.gov.cn,,blackhole,alt=https://fujian.gov.cn/jrjgj/
fujian.sjaqj,dept,provincial,福建省政务服务和数据管理局,nda,https://sjaqj.fujian.gov.cn,,blackhole,alt=https://fujian.gov.cn/sjaqj/
fujian.ylj,dept,provincial,福建省林业和草原局,forestry,https://ylj.fujian.gov.cn,,blackhole,alt=https://fujian.gov.cn/ylj/
fujian.nyj,dept,provincial,福建省能源局,nea,https://nyj.fujian.gov.cn,,blackhole,alt=https://fujian.gov.cn/nyj/
fujian.yjglj,dept,provincial,福建省药品监督管理局,nmpa,https://yjglj.fujian.gov.cn,,blackhole,alt=https://fujian.gov.cn/yjglj/
fujian.zscqj,dept,provincial,福建省知识产权局,cnipa,https://zscqj.fujian.gov.cn,,blackhole,alt=https://fujian.gov.cn/zscqj/
fujian.xfj,dept,provincial,福建省信访局,xinfang,https://xfj.fujian.gov.cn,fj_xfj,crawled,alt=https://fujian.gov.cn/xfj/
fujian.jgswglj,dept,provincial,福建省机关事务管理局,ggj,https://jgswglj.fujian.gov.cn,fj_jgswglj,crawled,alt=https://fujian.gov.cn/jgswglj/
fujian.tax,dept,provincial,国家税务总局福建省税务局,chinatax,https://tax.fujian.gov.cn,,blackhole,alt=https://fujian.gov.cn/tax/
fujian.customs,dept,provincial,福建省海关,gacc,https://customs.fujian.gov.cn,,blackhole,alt=https://fujian.gov.cn/customs/
fujian.pboc_br,dept,provincial,中国人民银行福建省分行,pbc,https://pboc_br.fujian.gov.cn,,blackhole,alt=https://fujian.gov.cn/pboc_br/
fujian.p_office,dept,provincial,中共福建省委员会办公厅,cpc_general_office,https://p_office.fujian.gov.cn,,blackhole,alt=https://fujian.gov.cn/p_office/
fujian.p_org,dept,provincial,中共福建省委组织部,cpc_org_dept,https://p_org.fujian.gov.cn,,blackhole,alt=https://fujian.gov.cn/p_org/
fujian.p_prop,dept,provincial,中共福建省委宣传部,cpc_propaganda,https://p_prop.fujian.gov.cn,,blackhole,alt=https://fujian.gov.cn/p_prop/
fujian.p_ufwd,dept,provincial,中共福建省委统战部,cpc_united_front,https://p_ufwd.fujian.gov.cn,,blackhole,alt=https://fujian.gov.cn/p_ufwd/
fujian.p_plac,dept,provincial,中共福建省委政法委员会,cpc_plac,https://p_plac.fujian.gov.cn,,blackhole,alt=https://fujian.gov.cn/p_plac/
fujian.p_cyber,dept,provincial,福建省委网信办,cac,https://p_cyber.fujian.gov.cn,,blackhole,alt=https://fujian.gov.cn/p_cyber/
fujian.p_ccdi,dept,provincial,中共福建省纪委监委,cpc_ccdi_nsc,https://p_ccdi.fujian.gov.cn,,blackhole,alt=https://fujian.gov.cn/p_ccdi/
geo.jiangxi,geo,provincial,江西省人民政府,,https://jiangxi.gov.cn,,blackhole,province portal
jiangxi.fgw,dept,provincial,江西省发展和改革委员会,ndrc,https://fgw.jiangxi.gov.cn,,blackhole,alt=https://jiangxi.gov.cn/fgw/
jiangxi.edu,dept,provincial,江西省教育厅,moe,https://edu.jiangxi.gov.cn,,blackhole,alt=https://jiangxi.gov.cn/edu/
jiangxi.kjt,dept,provincial,江西省科学技术厅,most,https://kjt.jiangxi.gov.cn,,blackhole,alt=https://jiangxi.gov.cn/kjt/
jiangxi.gxt,dept,provincial,江西省工业和信息化厅,miit,https://gxt.jiangxi.gov.cn,,blackhole,alt=https://jiangxi.gov.cn/gxt/
jiangxi.mzw,dept,provincial,江西省民族宗教事务委员会,neac,https://mzw.jiangxi.gov.cn,,blackhole,alt=https://jiangxi.gov.cn/mzw/
jiangxi.ga,dept,provincial,江西省公安厅,mps,https://ga.jiangxi.gov.cn,,blackhole,alt=https://jiangxi.gov.cn/ga/
jiangxi.at,dept,provincial,江西省国家安全厅,mss,https://at.jiangxi.gov.cn,,blackhole,alt=https://jiangxi.gov.cn/at/
jiangxi.mzt,dept,provincial,江西省民政厅,mca,https://mzt.jiangxi.gov.cn,,blackhole,alt=https://jiangxi.gov.cn/mzt/
jiangxi.sft,dept,provincial,江西省司法厅,moj,https://sft.jiangxi.gov.cn,,blackhole,alt=https://jiangxi.gov.cn/sft/
jiangxi.czt,dept,provincial,江西省财政厅,mof,https://czt.jiangxi.gov.cn,,blackhole,alt=https://jiangxi.gov.cn/czt/
jiangxi.hrss,dept,provincial,江西省人力资源和社会保障厅,mohrss,https://hrss.jiangxi.gov.cn,,blackhole,alt=https://jiangxi.gov.cn/hrss/
jiangxi.zrzyt,dept,provincial,江西省自然资源厅,mnr,https://zrzyt.jiangxi.gov.cn,,blackhole,alt=https://jiangxi.gov.cn/zrzyt/
jiangxi.sthjt,dept,provincial,江西省生态环境厅,mee,https://sthjt.jiangxi.gov.cn,,blackhole,alt=https://jiangxi.gov.cn/sthjt/
jiangxi.zjt,dept,provincial,江西省住房和城乡建设厅,mohurd,https://zjt.jiangxi.gov.cn,,blackhole,alt=https://jiangxi.gov.cn/zjt/
jiangxi.jtyst,dept,provincial,江西省交通运输厅,mot,https://jtyst.jiangxi.gov.cn,,blackhole,alt=https://jiangxi.gov.cn/jtyst/
jiangxi.slt,dept,provincial,江西省水利厅,mwr,https://slt.jiangxi.gov.cn,,blackhole,alt=https://jiangxi.gov.cn/slt/
jiangxi.nynct,dept,provincial,江西省农业农村厅,mara,https://nynct.jiangxi.gov.cn,,blackhole,alt=https://jiangxi.gov.cn/nynct/
jiangxi.swt,dept,provincial,江西省商务厅,mofcom,https://swt.jiangxi.gov.cn,,blackhole,alt=https://jiangxi.gov.cn/swt/
jiangxi.whlyt,dept,provincial,江西省文化和旅游厅,mct,https://whlyt.jiangxi.gov.cn,,blackhole,alt=https://jiangxi.gov.cn/whlyt/
jiangxi.wjw,dept,provincial,江西省卫生健康委员会,nhc,https://wjw.jiangxi.gov.cn,,blackhole,alt=https://jiangxi.gov.cn/wjw/
jiangxi.tyj,dept,provincial,江西省退役军人事务厅,mva,https://tyj.jiangxi.gov.cn,,blackhole,alt=https://jiangxi.gov.cn/tyj/
jiangxi.yjt,dept,provincial,江西省应急管理厅,mem,https://yjt.jiangxi.gov.cn,,blackhole,alt=https://jiangxi.gov.cn/yjt/
jiangxi.sjt,dept,provincial,江西省审计厅,cnao,https://sjt.jiangxi.gov.cn,,blackhole,alt=https://jiangxi.gov.cn/sjt/
jiangxi.wsb,dept,provincial,江西省人民政府外事办公室,mfa,https://wsb.jiangxi.gov.cn,,blackhole,alt=https://jiangxi.gov.cn/wsb/
jiangxi.gzw,dept,provincial,江西省国有资产监督管理委员会,sasac,https://gzw.jiangxi.gov.cn,,blackhole,alt=https://jiangxi.gov.cn/gzw/
jiangxi.scjgj,dept,provincial,江西省市场监督管理局,samr,https://scjgj.jiangxi.gov.cn,,blackhole,alt=https://jiangxi.gov.cn/scjgj/
jiangxi.tjj,dept,provincial,江西省统计局,nbs,https://tjj.jiangxi.gov.cn,,blackhole,alt=https://jiangxi.gov.cn/tjj/
jiangxi.ybj,dept,provincial,江西省医疗保障局,nhsa,https://ybj.jiangxi.gov.cn,,blackhole,alt=https://jiangxi.gov.cn/ybj/
jiangxi.tyjr,dept,provincial,江西省体育局,gas,https://tyjr.jiangxi.gov.cn,,blackhole,alt=https://jiangxi.gov.cn/tyjr/
jiangxi.gbdst,dept,provincial,江西省广播电视局,nrta,https://gbdst.jiangxi.gov.cn,,blackhole,alt=https://jiangxi.gov.cn/gbdst/
jiangxi.jrjgj,dept,provincial,江西省地方金融监督管理局,nfra,https://jrjgj.jiangxi.gov.cn,,blackhole,alt=https://jiangxi.gov.cn/jrjgj/
jiangxi.sjaqj,dept,provincial,江西省政务服务和数据管理局,nda,https://sjaqj.jiangxi.gov.cn,,blackhole,alt=https://jiangxi.gov.cn/sjaqj/
jiangxi.ylj,dept,provincial,江西省林业和草原局,forestry,https://ylj.jiangxi.gov.cn,,blackhole,alt=https://jiangxi.gov.cn/ylj/
jiangxi.nyj,dept,provincial,江西省能源局,nea,https://nyj.jiangxi.gov.cn,,blackhole,alt=https://jiangxi.gov.cn/nyj/
jiangxi.yjglj,dept,provincial,江西省药品监督管理局,nmpa,https://yjglj.jiangxi.gov.cn,,blackhole,alt=https://jiangxi.gov.cn/yjglj/
jiangxi.zscqj,dept,provincial,江西省知识产权局,cnipa,https://zscqj.jiangxi.gov.cn,,blackhole,alt=https://jiangxi.gov.cn/zscqj/
jiangxi.xfj,dept,provincial,江西省信访局,xinfang,https://xfj.jiangxi.gov.cn,,blackhole,alt=https://jiangxi.gov.cn/xfj/
jiangxi.jgswglj,dept,provincial,江西省机关事务管理局,ggj,https://jgswglj.jiangxi.gov.cn,,blackhole,alt=https://jiangxi.gov.cn/jgswglj/
jiangxi.tax,dept,provincial,国家税务总局江西省税务局,chinatax,https://tax.jiangxi.gov.cn,,blackhole,alt=https://jiangxi.gov.cn/tax/
jiangxi.customs,dept,provincial,江西省海关,gacc,https://customs.jiangxi.gov.cn,,blackhole,alt=https://jiangxi.gov.cn/customs/
jiangxi.pboc_br,dept,provincial,中国人民银行江西省分行,pbc,https://pboc_br.jiangxi.gov.cn,,blackhole,alt=https://jiangxi.gov.cn/pboc_br/
jiangxi.p_office,dept,provincial,中共江西省委员会办公厅,cpc_general_office,https://p_office.jiangxi.gov.cn,,blackhole,alt=https://jiangxi.gov.cn/p_office/
jiangxi.p_org,dept,provincial,中共江西省委组织部,cpc_org_dept,https://p_org.jiangxi.gov.cn,,blackhole,alt=https://jiangxi.gov.cn/p_org/
jiangxi.p_prop,dept,provincial,中共江西省委宣传部,cpc_propaganda,https://p_prop.jiangxi.gov.cn,,blackhole,alt=https://jiangxi.gov.cn/p_prop/
jiangxi.p_ufwd,dept,provincial,中共江西省委统战部,cpc_united_front,https://p_ufwd.jiangxi.gov.cn,,blackhole,alt=https://jiangxi.gov.cn/p_ufwd/
jiangxi.p_plac,dept,provincial,中共江西省委政法委员会,cpc_plac,https://p_plac.jiangxi.gov.cn,,blackhole,alt=https://jiangxi.gov.cn/p_plac/
jiangxi.p_cyber,dept,provincial,江西省委网信办,cac,https://p_cyber.jiangxi.gov.cn,,blackhole,alt=https://jiangxi.gov.cn/p_cyber/
jiangxi.p_ccdi,dept,provincial,中共江西省纪委监委,cpc_ccdi_nsc,https://p_ccdi.jiangxi.gov.cn,,blackhole,alt=https://jiangxi.gov.cn/p_ccdi/
geo.shandong,geo,provincial,山东省人民政府,,https://shandong.gov.cn,shandong,crawled,province portal
shandong.fgw,dept,provincial,山东省发展和改革委员会,ndrc,https://fgw.shandong.gov.cn,,blackhole,alt=https://shandong.gov.cn/fgw/
shandong.edu,dept,provincial,山东省教育厅,moe,https://edu.shandong.gov.cn,sd_edu,crawled,alt=https://shandong.gov.cn/edu/
shandong.kjt,dept,provincial,山东省科学技术厅,most,https://kjt.shandong.gov.cn,sd_kjt,crawled,alt=https://shandong.gov.cn/kjt/
shandong.gxt,dept,provincial,山东省工业和信息化厅,miit,https://gxt.shandong.gov.cn,sd_gxt,crawled,alt=https://shandong.gov.cn/gxt/
shandong.mzw,dept,provincial,山东省民族宗教事务委员会,neac,https://mzw.shandong.gov.cn,,blackhole,alt=https://shandong.gov.cn/mzw/
shandong.ga,dept,provincial,山东省公安厅,mps,https://ga.shandong.gov.cn,,blackhole,alt=https://shandong.gov.cn/ga/
shandong.at,dept,provincial,山东省国家安全厅,mss,https://at.shandong.gov.cn,,blackhole,alt=https://shandong.gov.cn/at/
shandong.mzt,dept,provincial,山东省民政厅,mca,https://mzt.shandong.gov.cn,,blackhole,alt=https://shandong.gov.cn/mzt/
shandong.sft,dept,provincial,山东省司法厅,moj,https://sft.shandong.gov.cn,,blackhole,alt=https://shandong.gov.cn/sft/
shandong.czt,dept,provincial,山东省财政厅,mof,https://czt.shandong.gov.cn,sd_czt,crawled,alt=https://shandong.gov.cn/czt/
shandong.hrss,dept,provincial,山东省人力资源和社会保障厅,mohrss,https://hrss.shandong.gov.cn,,proxy_gated,alt=https://shandong.gov.cn/hrss/
shandong.zrzyt,dept,provincial,山东省自然资源厅,mnr,https://zrzyt.shandong.gov.cn,,blackhole,alt=https://shandong.gov.cn/zrzyt/
shandong.sthjt,dept,provincial,山东省生态环境厅,mee,https://sthjt.shandong.gov.cn,,blackhole,alt=https://shandong.gov.cn/sthjt/
shandong.zjt,dept,provincial,山东省住房和城乡建设厅,mohurd,https://zjt.shandong.gov.cn,,blackhole,alt=https://shandong.gov.cn/zjt/
shandong.jtyst,dept,provincial,山东省交通运输厅,mot,https://jtyst.shandong.gov.cn,,blackhole,alt=https://shandong.gov.cn/jtyst/
shandong.slt,dept,provincial,山东省水利厅,mwr,https://slt.shandong.gov.cn,,blackhole,alt=https://shandong.gov.cn/slt/
shandong.nynct,dept,provincial,山东省农业农村厅,mara,https://nynct.shandong.gov.cn,,blackhole,alt=https://shandong.gov.cn/nynct/
shandong.swt,dept,provincial,山东省商务厅,mofcom,https://swt.shandong.gov.cn,,blackhole,alt=https://shandong.gov.cn/swt/
shandong.whlyt,dept,provincial,山东省文化和旅游厅,mct,https://whlyt.shandong.gov.cn,,blackhole,alt=https://shandong.gov.cn/whlyt/
shandong.wjw,dept,provincial,山东省卫生健康委员会,nhc,https://wjw.shandong.gov.cn,,blackhole,alt=https://shandong.gov.cn/wjw/
shandong.tyj,dept,provincial,山东省退役军人事务厅,mva,https://tyj.shandong.gov.cn,,blackhole,alt=https://shandong.gov.cn/tyj/
shandong.yjt,dept,provincial,山东省应急管理厅,mem,https://yjt.shandong.gov.cn,,blackhole,alt=https://shandong.gov.cn/yjt/
shandong.sjt,dept,provincial,山东省审计厅,cnao,https://sjt.shandong.gov.cn,,blackhole,alt=https://shandong.gov.cn/sjt/
shandong.wsb,dept,provincial,山东省人民政府外事办公室,mfa,https://wsb.shandong.gov.cn,,blackhole,alt=https://shandong.gov.cn/wsb/
shandong.gzw,dept,provincial,山东省国有资产监督管理委员会,sasac,https://gzw.shandong.gov.cn,,blackhole,alt=https://shandong.gov.cn/gzw/
shandong.scjgj,dept,provincial,山东省市场监督管理局,samr,https://scjgj.shandong.gov.cn,,blackhole,alt=https://shandong.gov.cn/scjgj/
shandong.tjj,dept,provincial,山东省统计局,nbs,https://tjj.shandong.gov.cn,,blackhole,alt=https://shandong.gov.cn/tjj/
shandong.ybj,dept,provincial,山东省医疗保障局,nhsa,https://ybj.shandong.gov.cn,,reachable_uncrawled,alt=https://shandong.gov.cn/ybj/
shandong.tyjr,dept,provincial,山东省体育局,gas,https://tyjr.shandong.gov.cn,,blackhole,alt=https://shandong.gov.cn/tyjr/
shandong.gbdst,dept,provincial,山东省广播电视局,nrta,https://gbdst.shandong.gov.cn,,blackhole,alt=https://shandong.gov.cn/gbdst/
shandong.jrjgj,dept,provincial,山东省地方金融监督管理局,nfra,https://jrjgj.shandong.gov.cn,,blackhole,alt=https://shandong.gov.cn/jrjgj/
shandong.sjaqj,dept,provincial,山东省政务服务和数据管理局,nda,https://sjaqj.shandong.gov.cn,,blackhole,alt=https://shandong.gov.cn/sjaqj/
shandong.ylj,dept,provincial,山东省林业和草原局,forestry,https://ylj.shandong.gov.cn,,blackhole,alt=https://shandong.gov.cn/ylj/
shandong.nyj,dept,provincial,山东省能源局,nea,https://nyj.shandong.gov.cn,,blackhole,alt=https://shandong.gov.cn/nyj/
shandong.yjglj,dept,provincial,山东省药品监督管理局,nmpa,https://yjglj.shandong.gov.cn,,blackhole,alt=https://shandong.gov.cn/yjglj/
shandong.zscqj,dept,provincial,山东省知识产权局,cnipa,https://zscqj.shandong.gov.cn,,blackhole,alt=https://shandong.gov.cn/zscqj/
shandong.xfj,dept,provincial,山东省信访局,xinfang,https://xfj.shandong.gov.cn,,blackhole,alt=https://shandong.gov.cn/xfj/
shandong.jgswglj,dept,provincial,山东省机关事务管理局,ggj,https://jgswglj.shandong.gov.cn,,blackhole,alt=https://shandong.gov.cn/jgswglj/
shandong.tax,dept,provincial,国家税务总局山东省税务局,chinatax,https://tax.shandong.gov.cn,,blackhole,alt=https://shandong.gov.cn/tax/
shandong.customs,dept,provincial,山东省海关,gacc,https://customs.shandong.gov.cn,,blackhole,alt=https://shandong.gov.cn/customs/
shandong.pboc_br,dept,provincial,中国人民银行山东省分行,pbc,https://pboc_br.shandong.gov.cn,,blackhole,alt=https://shandong.gov.cn/pboc_br/
shandong.p_office,dept,provincial,中共山东省委员会办公厅,cpc_general_office,https://p_office.shandong.gov.cn,,blackhole,alt=https://shandong.gov.cn/p_office/
shandong.p_org,dept,provincial,中共山东省委组织部,cpc_org_dept,https://p_org.shandong.gov.cn,,blackhole,alt=https://shandong.gov.cn/p_org/
shandong.p_prop,dept,provincial,中共山东省委宣传部,cpc_propaganda,https://p_prop.shandong.gov.cn,,blackhole,alt=https://shandong.gov.cn/p_prop/
shandong.p_ufwd,dept,provincial,中共山东省委统战部,cpc_united_front,https://p_ufwd.shandong.gov.cn,,blackhole,alt=https://shandong.gov.cn/p_ufwd/
shandong.p_plac,dept,provincial,中共山东省委政法委员会,cpc_plac,https://p_plac.shandong.gov.cn,,blackhole,alt=https://shandong.gov.cn/p_plac/
shandong.p_cyber,dept,provincial,山东省委网信办,cac,https://p_cyber.shandong.gov.cn,,blackhole,alt=https://shandong.gov.cn/p_cyber/
shandong.p_ccdi,dept,provincial,中共山东省纪委监委,cpc_ccdi_nsc,https://p_ccdi.shandong.gov.cn,,blackhole,alt=https://shandong.gov.cn/p_ccdi/
geo.henan,geo,provincial,河南省人民政府,,https://henan.gov.cn,,proxy_gated,province portal
henan.fgw,dept,provincial,河南省发展和改革委员会,ndrc,https://fgw.henan.gov.cn,,proxy_gated,alt=https://henan.gov.cn/fgw/
henan.edu,dept,provincial,河南省教育厅,moe,https://edu.henan.gov.cn,,blackhole,alt=https://henan.gov.cn/edu/
henan.kjt,dept,provincial,河南省科学技术厅,most,https://kjt.henan.gov.cn,,proxy_gated,alt=https://henan.gov.cn/kjt/
henan.gxt,dept,provincial,河南省工业和信息化厅,miit,https://gxt.henan.gov.cn,,proxy_gated,alt=https://henan.gov.cn/gxt/
henan.mzw,dept,provincial,河南省民族宗教事务委员会,neac,https://mzw.henan.gov.cn,,blackhole,alt=https://henan.gov.cn/mzw/
henan.ga,dept,provincial,河南省公安厅,mps,https://ga.henan.gov.cn,,blackhole,alt=https://henan.gov.cn/ga/
henan.at,dept,provincial,河南省国家安全厅,mss,https://at.henan.gov.cn,,blackhole,alt=https://henan.gov.cn/at/
henan.mzt,dept,provincial,河南省民政厅,mca,https://mzt.henan.gov.cn,,proxy_gated,alt=https://henan.gov.cn/mzt/
henan.sft,dept,provincial,河南省司法厅,moj,https://sft.henan.gov.cn,,proxy_gated,alt=https://henan.gov.cn/sft/
henan.czt,dept,provincial,河南省财政厅,mof,https://czt.henan.gov.cn,,proxy_gated,alt=https://henan.gov.cn/czt/
henan.hrss,dept,provincial,河南省人力资源和社会保障厅,mohrss,https://hrss.henan.gov.cn,,proxy_gated,alt=https://henan.gov.cn/hrss/
henan.zrzyt,dept,provincial,河南省自然资源厅,mnr,https://zrzyt.henan.gov.cn,,blackhole,alt=https://henan.gov.cn/zrzyt/
henan.sthjt,dept,provincial,河南省生态环境厅,mee,https://sthjt.henan.gov.cn,,proxy_gated,alt=https://henan.gov.cn/sthjt/
henan.zjt,dept,provincial,河南省住房和城乡建设厅,mohurd,https://zjt.henan.gov.cn,,blackhole,alt=https://henan.gov.cn/zjt/
henan.jtyst,dept,provincial,河南省交通运输厅,mot,https://jtyst.henan.gov.cn,,proxy_gated,alt=https://henan.gov.cn/jtyst/
henan.slt,dept,provincial,河南省水利厅,mwr,https://slt.henan.gov.cn,,proxy_gated,alt=https://henan.gov.cn/slt/
henan.nynct,dept,provincial,河南省农业农村厅,mara,https://nynct.henan.gov.cn,,proxy_gated,alt=https://henan.gov.cn/nynct/
henan.swt,dept,provincial,河南省商务厅,mofcom,https://swt.henan.gov.cn,,blackhole,alt=https://henan.gov.cn/swt/
henan.whlyt,dept,provincial,河南省文化和旅游厅,mct,https://whlyt.henan.gov.cn,,blackhole,alt=https://henan.gov.cn/whlyt/
henan.wjw,dept,provincial,河南省卫生健康委员会,nhc,https://wjw.henan.gov.cn,,blackhole,alt=https://henan.gov.cn/wjw/
henan.tyj,dept,provincial,河南省退役军人事务厅,mva,https://tyj.henan.gov.cn,,proxy_gated,alt=https://henan.gov.cn/tyj/
henan.yjt,dept,provincial,河南省应急管理厅,mem,https://yjt.henan.gov.cn,,blackhole,alt=https://henan.gov.cn/yjt/
henan.sjt,dept,provincial,河南省审计厅,cnao,https://sjt.henan.gov.cn,,proxy_gated,alt=https://henan.gov.cn/sjt/
henan.wsb,dept,provincial,河南省人民政府外事办公室,mfa,https://wsb.henan.gov.cn,,blackhole,alt=https://henan.gov.cn/wsb/
henan.gzw,dept,provincial,河南省国有资产监督管理委员会,sasac,https://gzw.henan.gov.cn,,proxy_gated,alt=https://henan.gov.cn/gzw/
henan.scjgj,dept,provincial,河南省市场监督管理局,samr,https://scjgj.henan.gov.cn,,blackhole,alt=https://henan.gov.cn/scjgj/
henan.tjj,dept,provincial,河南省统计局,nbs,https://tjj.henan.gov.cn,,proxy_gated,alt=https://henan.gov.cn/tjj/
henan.ybj,dept,provincial,河南省医疗保障局,nhsa,https://ybj.henan.gov.cn,,blackhole,alt=https://henan.gov.cn/ybj/
henan.tyjr,dept,provincial,河南省体育局,gas,https://tyjr.henan.gov.cn,,blackhole,alt=https://henan.gov.cn/tyjr/
henan.gbdst,dept,provincial,河南省广播电视局,nrta,https://gbdst.henan.gov.cn,,blackhole,alt=https://henan.gov.cn/gbdst/
henan.jrjgj,dept,provincial,河南省地方金融监督管理局,nfra,https://jrjgj.henan.gov.cn,,blackhole,alt=https://henan.gov.cn/jrjgj/
henan.sjaqj,dept,provincial,河南省政务服务和数据管理局,nda,https://sjaqj.henan.gov.cn,,blackhole,alt=https://henan.gov.cn/sjaqj/
henan.ylj,dept,provincial,河南省林业和草原局,forestry,https://ylj.henan.gov.cn,,blackhole,alt=https://henan.gov.cn/ylj/
henan.nyj,dept,provincial,河南省能源局,nea,https://nyj.henan.gov.cn,,blackhole,alt=https://henan.gov.cn/nyj/
henan.yjglj,dept,provincial,河南省药品监督管理局,nmpa,https://yjglj.henan.gov.cn,,blackhole,alt=https://henan.gov.cn/yjglj/
henan.zscqj,dept,provincial,河南省知识产权局,cnipa,https://zscqj.henan.gov.cn,,blackhole,alt=https://henan.gov.cn/zscqj/
henan.xfj,dept,provincial,河南省信访局,xinfang,https://xfj.henan.gov.cn,,proxy_gated,alt=https://henan.gov.cn/xfj/
henan.jgswglj,dept,provincial,河南省机关事务管理局,ggj,https://jgswglj.henan.gov.cn,,blackhole,alt=https://henan.gov.cn/jgswglj/
henan.tax,dept,provincial,国家税务总局河南省税务局,chinatax,https://tax.henan.gov.cn,,blackhole,alt=https://henan.gov.cn/tax/
henan.customs,dept,provincial,河南省海关,gacc,https://customs.henan.gov.cn,,blackhole,alt=https://henan.gov.cn/customs/
henan.pboc_br,dept,provincial,中国人民银行河南省分行,pbc,https://pboc_br.henan.gov.cn,,blackhole,alt=https://henan.gov.cn/pboc_br/
henan.p_office,dept,provincial,中共河南省委员会办公厅,cpc_general_office,https://p_office.henan.gov.cn,,blackhole,alt=https://henan.gov.cn/p_office/
henan.p_org,dept,provincial,中共河南省委组织部,cpc_org_dept,https://p_org.henan.gov.cn,,blackhole,alt=https://henan.gov.cn/p_org/
henan.p_prop,dept,provincial,中共河南省委宣传部,cpc_propaganda,https://p_prop.henan.gov.cn,,blackhole,alt=https://henan.gov.cn/p_prop/
henan.p_ufwd,dept,provincial,中共河南省委统战部,cpc_united_front,https://p_ufwd.henan.gov.cn,,blackhole,alt=https://henan.gov.cn/p_ufwd/
henan.p_plac,dept,provincial,中共河南省委政法委员会,cpc_plac,https://p_plac.henan.gov.cn,,blackhole,alt=https://henan.gov.cn/p_plac/
henan.p_cyber,dept,provincial,河南省委网信办,cac,https://p_cyber.henan.gov.cn,,blackhole,alt=https://henan.gov.cn/p_cyber/
henan.p_ccdi,dept,provincial,中共河南省纪委监委,cpc_ccdi_nsc,https://p_ccdi.henan.gov.cn,,blackhole,alt=https://henan.gov.cn/p_ccdi/
geo.hubei,geo,provincial,湖北省人民政府,,https://hubei.gov.cn,,blackhole,province portal
hubei.fgw,dept,provincial,湖北省发展和改革委员会,ndrc,https://fgw.hubei.gov.cn,,proxy_gated,alt=https://hubei.gov.cn/fgw/
hubei.edu,dept,provincial,湖北省教育厅,moe,https://edu.hubei.gov.cn,,blackhole,alt=https://hubei.gov.cn/edu/
hubei.kjt,dept,provincial,湖北省科学技术厅,most,https://kjt.hubei.gov.cn,,reachable_uncrawled,alt=https://hubei.gov.cn/kjt/
hubei.gxt,dept,provincial,湖北省工业和信息化厅,miit,https://gxt.hubei.gov.cn,,blackhole,alt=https://hubei.gov.cn/gxt/
hubei.mzw,dept,provincial,湖北省民族宗教事务委员会,neac,https://mzw.hubei.gov.cn,,reachable_uncrawled,alt=https://hubei.gov.cn/mzw/
hubei.ga,dept,provincial,湖北省公安厅,mps,https://ga.hubei.gov.cn,,blackhole,alt=https://hubei.gov.cn/ga/
hubei.at,dept,provincial,湖北省国家安全厅,mss,https://at.hubei.gov.cn,,blackhole,alt=https://hubei.gov.cn/at/
hubei.mzt,dept,provincial,湖北省民政厅,mca,https://mzt.hubei.gov.cn,,proxy_gated,alt=https://hubei.gov.cn/mzt/
hubei.sft,dept,provincial,湖北省司法厅,moj,https://sft.hubei.gov.cn,,reachable_uncrawled,alt=https://hubei.gov.cn/sft/
hubei.czt,dept,provincial,湖北省财政厅,mof,https://czt.hubei.gov.cn,,proxy_gated,alt=https://hubei.gov.cn/czt/
hubei.hrss,dept,provincial,湖北省人力资源和社会保障厅,mohrss,https://hrss.hubei.gov.cn,,blackhole,alt=https://hubei.gov.cn/hrss/
hubei.zrzyt,dept,provincial,湖北省自然资源厅,mnr,https://zrzyt.hubei.gov.cn,,reachable_uncrawled,alt=https://hubei.gov.cn/zrzyt/
hubei.sthjt,dept,provincial,湖北省生态环境厅,mee,https://sthjt.hubei.gov.cn,,proxy_gated,alt=https://hubei.gov.cn/sthjt/
hubei.zjt,dept,provincial,湖北省住房和城乡建设厅,mohurd,https://zjt.hubei.gov.cn,,reachable_uncrawled,alt=https://hubei.gov.cn/zjt/
hubei.jtyst,dept,provincial,湖北省交通运输厅,mot,https://jtyst.hubei.gov.cn,,blackhole,alt=https://hubei.gov.cn/jtyst/
hubei.slt,dept,provincial,湖北省水利厅,mwr,https://slt.hubei.gov.cn,,proxy_gated,alt=https://hubei.gov.cn/slt/
hubei.nynct,dept,provincial,湖北省农业农村厅,mara,https://nynct.hubei.gov.cn,,blackhole,alt=https://hubei.gov.cn/nynct/
hubei.swt,dept,provincial,湖北省商务厅,mofcom,https://swt.hubei.gov.cn,,reachable_uncrawled,alt=https://hubei.gov.cn/swt/
hubei.whlyt,dept,provincial,湖北省文化和旅游厅,mct,https://whlyt.hubei.gov.cn,,blackhole,alt=https://hubei.gov.cn/whlyt/
hubei.wjw,dept,provincial,湖北省卫生健康委员会,nhc,https://wjw.hubei.gov.cn,,reachable_uncrawled,alt=https://hubei.gov.cn/wjw/
hubei.tyj,dept,provincial,湖北省退役军人事务厅,mva,https://tyj.hubei.gov.cn,,proxy_gated,alt=https://hubei.gov.cn/tyj/
hubei.yjt,dept,provincial,湖北省应急管理厅,mem,https://yjt.hubei.gov.cn,,proxy_gated,alt=https://hubei.gov.cn/yjt/
hubei.sjt,dept,provincial,湖北省审计厅,cnao,https://sjt.hubei.gov.cn,,proxy_gated,alt=https://hubei.gov.cn/sjt/
hubei.wsb,dept,provincial,湖北省人民政府外事办公室,mfa,https://wsb.hubei.gov.cn,,blackhole,alt=https://hubei.gov.cn/wsb/
hubei.gzw,dept,provincial,湖北省国有资产监督管理委员会,sasac,https://gzw.hubei.gov.cn,,proxy_gated,alt=https://hubei.gov.cn/gzw/
hubei.scjgj,dept,provincial,湖北省市场监督管理局,samr,https://scjgj.hubei.gov.cn,,blackhole,alt=https://hubei.gov.cn/scjgj/
hubei.tjj,dept,provincial,湖北省统计局,nbs,https://tjj.hubei.gov.cn,,reachable_uncrawled,alt=https://hubei.gov.cn/tjj/
hubei.ybj,dept,provincial,湖北省医疗保障局,nhsa,https://ybj.hubei.gov.cn,,proxy_gated,alt=https://hubei.gov.cn/ybj/
hubei.tyjr,dept,provincial,湖北省体育局,gas,https://tyjr.hubei.gov.cn,,blackhole,alt=https://hubei.gov.cn/tyjr/
hubei.gbdst,dept,provincial,湖北省广播电视局,nrta,https://gbdst.hubei.gov.cn,,blackhole,alt=https://hubei.gov.cn/gbdst/
hubei.jrjgj,dept,provincial,湖北省地方金融监督管理局,nfra,https://jrjgj.hubei.gov.cn,,blackhole,alt=https://hubei.gov.cn/jrjgj/
hubei.sjaqj,dept,provincial,湖北省政务服务和数据管理局,nda,https://sjaqj.hubei.gov.cn,,blackhole,alt=https://hubei.gov.cn/sjaqj/
hubei.ylj,dept,provincial,湖北省林业和草原局,forestry,https://ylj.hubei.gov.cn,,blackhole,alt=https://hubei.gov.cn/ylj/
hubei.nyj,dept,provincial,湖北省能源局,nea,https://nyj.hubei.gov.cn,,blackhole,alt=https://hubei.gov.cn/nyj/
hubei.yjglj,dept,provincial,湖北省药品监督管理局,nmpa,https://yjglj.hubei.gov.cn,,blackhole,alt=https://hubei.gov.cn/yjglj/
hubei.zscqj,dept,provincial,湖北省知识产权局,cnipa,https://zscqj.hubei.gov.cn,,reachable_uncrawled,alt=https://hubei.gov.cn/zscqj/
hubei.xfj,dept,provincial,湖北省信访局,xinfang,https://xfj.hubei.gov.cn,,proxy_gated,alt=https://hubei.gov.cn/xfj/
hubei.jgswglj,dept,provincial,湖北省机关事务管理局,ggj,https://jgswglj.hubei.gov.cn,,blackhole,alt=https://hubei.gov.cn/jgswglj/
hubei.tax,dept,provincial,国家税务总局湖北省税务局,chinatax,https://tax.hubei.gov.cn,,blackhole,alt=https://hubei.gov.cn/tax/
hubei.customs,dept,provincial,湖北省海关,gacc,https://customs.hubei.gov.cn,,blackhole,alt=https://hubei.gov.cn/customs/
hubei.pboc_br,dept,provincial,中国人民银行湖北省分行,pbc,https://pboc_br.hubei.gov.cn,,blackhole,alt=https://hubei.gov.cn/pboc_br/
hubei.p_office,dept,provincial,中共湖北省委员会办公厅,cpc_general_office,https://p_office.hubei.gov.cn,,blackhole,alt=https://hubei.gov.cn/p_office/
hubei.p_org,dept,provincial,中共湖北省委组织部,cpc_org_dept,https://p_org.hubei.gov.cn,,blackhole,alt=https://hubei.gov.cn/p_org/
hubei.p_prop,dept,provincial,中共湖北省委宣传部,cpc_propaganda,https://p_prop.hubei.gov.cn,,blackhole,alt=https://hubei.gov.cn/p_prop/
hubei.p_ufwd,dept,provincial,中共湖北省委统战部,cpc_united_front,https://p_ufwd.hubei.gov.cn,,blackhole,alt=https://hubei.gov.cn/p_ufwd/
hubei.p_plac,dept,provincial,中共湖北省委政法委员会,cpc_plac,https://p_plac.hubei.gov.cn,,blackhole,alt=https://hubei.gov.cn/p_plac/
hubei.p_cyber,dept,provincial,湖北省委网信办,cac,https://p_cyber.hubei.gov.cn,,blackhole,alt=https://hubei.gov.cn/p_cyber/
hubei.p_ccdi,dept,provincial,中共湖北省纪委监委,cpc_ccdi_nsc,https://p_ccdi.hubei.gov.cn,,blackhole,alt=https://hubei.gov.cn/p_ccdi/
geo.hunan,geo,provincial,湖南省人民政府,,https://hunan.gov.cn,hunan,crawled,province portal
hunan.fgw,dept,provincial,湖南省发展和改革委员会,ndrc,https://fgw.hunan.gov.cn,hn_fgw,crawled,alt=https://hunan.gov.cn/fgw/
hunan.edu,dept,provincial,湖南省教育厅,moe,https://edu.hunan.gov.cn,,blackhole,alt=https://hunan.gov.cn/edu/
hunan.kjt,dept,provincial,湖南省科学技术厅,most,https://kjt.hunan.gov.cn,hn_kjt,crawled,alt=https://hunan.gov.cn/kjt/
hunan.gxt,dept,provincial,湖南省工业和信息化厅,miit,https://gxt.hunan.gov.cn,hn_gxt,crawled,alt=https://hunan.gov.cn/gxt/
hunan.mzw,dept,provincial,湖南省民族宗教事务委员会,neac,https://mzw.hunan.gov.cn,,blackhole,alt=https://hunan.gov.cn/mzw/
hunan.ga,dept,provincial,湖南省公安厅,mps,https://ga.hunan.gov.cn,,blackhole,alt=https://hunan.gov.cn/ga/
hunan.at,dept,provincial,湖南省国家安全厅,mss,https://at.hunan.gov.cn,,blackhole,alt=https://hunan.gov.cn/at/
hunan.mzt,dept,provincial,湖南省民政厅,mca,https://mzt.hunan.gov.cn,,blackhole,alt=https://hunan.gov.cn/mzt/
hunan.sft,dept,provincial,湖南省司法厅,moj,https://sft.hunan.gov.cn,,blackhole,alt=https://hunan.gov.cn/sft/
hunan.czt,dept,provincial,湖南省财政厅,mof,https://czt.hunan.gov.cn,hn_czt,crawled,alt=https://hunan.gov.cn/czt/
hunan.hrss,dept,provincial,湖南省人力资源和社会保障厅,mohrss,https://hrss.hunan.gov.cn,,blackhole,alt=https://hunan.gov.cn/hrss/
hunan.zrzyt,dept,provincial,湖南省自然资源厅,mnr,https://zrzyt.hunan.gov.cn,hn_zrzyt,crawled,alt=https://hunan.gov.cn/zrzyt/
hunan.sthjt,dept,provincial,湖南省生态环境厅,mee,https://sthjt.hunan.gov.cn,hn_sthjt,crawled,alt=https://hunan.gov.cn/sthjt/
hunan.zjt,dept,provincial,湖南省住房和城乡建设厅,mohurd,https://zjt.hunan.gov.cn,,blackhole,alt=https://hunan.gov.cn/zjt/
hunan.jtyst,dept,provincial,湖南省交通运输厅,mot,https://jtyst.hunan.gov.cn,,blackhole,alt=https://hunan.gov.cn/jtyst/
hunan.slt,dept,provincial,湖南省水利厅,mwr,https://slt.hunan.gov.cn,,blackhole,alt=https://hunan.gov.cn/slt/
hunan.nynct,dept,provincial,湖南省农业农村厅,mara,https://nynct.hunan.gov.cn,,blackhole,alt=https://hunan.gov.cn/nynct/
hunan.swt,dept,provincial,湖南省商务厅,mofcom,https://swt.hunan.gov.cn,hn_swt,crawled,alt=https://hunan.gov.cn/swt/
hunan.whlyt,dept,provincial,湖南省文化和旅游厅,mct,https://whlyt.hunan.gov.cn,,blackhole,alt=https://hunan.gov.cn/whlyt/
hunan.wjw,dept,provincial,湖南省卫生健康委员会,nhc,https://wjw.hunan.gov.cn,,blackhole,alt=https://hunan.gov.cn/wjw/
hunan.tyj,dept,provincial,湖南省退役军人事务厅,mva,https://tyj.hunan.gov.cn,,blackhole,alt=https://hunan.gov.cn/tyj/
hunan.yjt,dept,provincial,湖南省应急管理厅,mem,https://yjt.hunan.gov.cn,,blackhole,alt=https://hunan.gov.cn/yjt/
hunan.sjt,dept,provincial,湖南省审计厅,cnao,https://sjt.hunan.gov.cn,,blackhole,alt=https://hunan.gov.cn/sjt/
hunan.wsb,dept,provincial,湖南省人民政府外事办公室,mfa,https://wsb.hunan.gov.cn,,blackhole,alt=https://hunan.gov.cn/wsb/
hunan.gzw,dept,provincial,湖南省国有资产监督管理委员会,sasac,https://gzw.hunan.gov.cn,,blackhole,alt=https://hunan.gov.cn/gzw/
hunan.scjgj,dept,provincial,湖南省市场监督管理局,samr,https://scjgj.hunan.gov.cn,,blackhole,alt=https://hunan.gov.cn/scjgj/
hunan.tjj,dept,provincial,湖南省统计局,nbs,https://tjj.hunan.gov.cn,,blackhole,alt=https://hunan.gov.cn/tjj/
hunan.ybj,dept,provincial,湖南省医疗保障局,nhsa,https://ybj.hunan.gov.cn,,blackhole,alt=https://hunan.gov.cn/ybj/
hunan.tyjr,dept,provincial,湖南省体育局,gas,https://tyjr.hunan.gov.cn,,blackhole,alt=https://hunan.gov.cn/tyjr/
hunan.gbdst,dept,provincial,湖南省广播电视局,nrta,https://gbdst.hunan.gov.cn,,blackhole,alt=https://hunan.gov.cn/gbdst/
hunan.jrjgj,dept,provincial,湖南省地方金融监督管理局,nfra,https://jrjgj.hunan.gov.cn,,blackhole,alt=https://hunan.gov.cn/jrjgj/
hunan.sjaqj,dept,provincial,湖南省政务服务和数据管理局,nda,https://sjaqj.hunan.gov.cn,,blackhole,alt=https://hunan.gov.cn/sjaqj/
hunan.ylj,dept,provincial,湖南省林业和草原局,forestry,https://ylj.hunan.gov.cn,,blackhole,alt=https://hunan.gov.cn/ylj/
hunan.nyj,dept,provincial,湖南省能源局,nea,https://nyj.hunan.gov.cn,,blackhole,alt=https://hunan.gov.cn/nyj/
hunan.yjglj,dept,provincial,湖南省药品监督管理局,nmpa,https://yjglj.hunan.gov.cn,,blackhole,alt=https://hunan.gov.cn/yjglj/
hunan.zscqj,dept,provincial,湖南省知识产权局,cnipa,https://zscqj.hunan.gov.cn,,blackhole,alt=https://hunan.gov.cn/zscqj/
hunan.xfj,dept,provincial,湖南省信访局,xinfang,https://xfj.hunan.gov.cn,,blackhole,alt=https://hunan.gov.cn/xfj/
hunan.jgswglj,dept,provincial,湖南省机关事务管理局,ggj,https://jgswglj.hunan.gov.cn,,blackhole,alt=https://hunan.gov.cn/jgswglj/
hunan.tax,dept,provincial,国家税务总局湖南省税务局,chinatax,https://tax.hunan.gov.cn,,blackhole,alt=https://hunan.gov.cn/tax/
hunan.customs,dept,provincial,湖南省海关,gacc,https://customs.hunan.gov.cn,,blackhole,alt=https://hunan.gov.cn/customs/
hunan.pboc_br,dept,provincial,中国人民银行湖南省分行,pbc,https://pboc_br.hunan.gov.cn,,blackhole,alt=https://hunan.gov.cn/pboc_br/
hunan.p_office,dept,provincial,中共湖南省委员会办公厅,cpc_general_office,https://p_office.hunan.gov.cn,,blackhole,alt=https://hunan.gov.cn/p_office/
hunan.p_org,dept,provincial,中共湖南省委组织部,cpc_org_dept,https://p_org.hunan.gov.cn,,blackhole,alt=https://hunan.gov.cn/p_org/
hunan.p_prop,dept,provincial,中共湖南省委宣传部,cpc_propaganda,https://p_prop.hunan.gov.cn,,blackhole,alt=https://hunan.gov.cn/p_prop/
hunan.p_ufwd,dept,provincial,中共湖南省委统战部,cpc_united_front,https://p_ufwd.hunan.gov.cn,,blackhole,alt=https://hunan.gov.cn/p_ufwd/
hunan.p_plac,dept,provincial,中共湖南省委政法委员会,cpc_plac,https://p_plac.hunan.gov.cn,,blackhole,alt=https://hunan.gov.cn/p_plac/
hunan.p_cyber,dept,provincial,湖南省委网信办,cac,https://p_cyber.hunan.gov.cn,,blackhole,alt=https://hunan.gov.cn/p_cyber/
hunan.p_ccdi,dept,provincial,中共湖南省纪委监委,cpc_ccdi_nsc,https://p_ccdi.hunan.gov.cn,,blackhole,alt=https://hunan.gov.cn/p_ccdi/
geo.guangdong,geo,provincial,广东省人民政府,,https://gd.gov.cn,gd,crawled,province portal
guangdong.fgw,dept,provincial,广东省发展和改革委员会,ndrc,https://fgw.gd.gov.cn,,blackhole,alt=https://gd.gov.cn/fgw/
guangdong.edu,dept,provincial,广东省教育厅,moe,https://edu.gd.gov.cn,gdedu,crawled,alt=https://gd.gov.cn/edu/
guangdong.kjt,dept,provincial,广东省科学技术厅,most,https://kjt.gd.gov.cn,,blackhole,alt=https://gd.gov.cn/kjt/
guangdong.gxt,dept,provincial,广东省工业和信息化厅,miit,https://gxt.gd.gov.cn,,blackhole,alt=https://gd.gov.cn/gxt/
guangdong.mzw,dept,provincial,广东省民族宗教事务委员会,neac,https://mzw.gd.gov.cn,,blackhole,alt=https://gd.gov.cn/mzw/
guangdong.ga,dept,provincial,广东省公安厅,mps,https://ga.gd.gov.cn,,blackhole,alt=https://gd.gov.cn/ga/
guangdong.at,dept,provincial,广东省国家安全厅,mss,https://at.gd.gov.cn,,blackhole,alt=https://gd.gov.cn/at/
guangdong.mzt,dept,provincial,广东省民政厅,mca,https://mzt.gd.gov.cn,,blackhole,alt=https://gd.gov.cn/mzt/
guangdong.sft,dept,provincial,广东省司法厅,moj,https://sft.gd.gov.cn,,server_error,alt=https://gd.gov.cn/sft/
guangdong.czt,dept,provincial,广东省财政厅,mof,https://czt.gd.gov.cn,gdczt,crawled,alt=https://gd.gov.cn/czt/
guangdong.hrss,dept,provincial,广东省人力资源和社会保障厅,mohrss,https://hrss.gd.gov.cn,gdhrss,crawled,alt=https://gd.gov.cn/hrss/
guangdong.zrzyt,dept,provincial,广东省自然资源厅,mnr,https://zrzyt.gd.gov.cn,,blackhole,alt=https://gd.gov.cn/zrzyt/
guangdong.sthjt,dept,provincial,广东省生态环境厅,mee,https://sthjt.gd.gov.cn,,blackhole,alt=https://gd.gov.cn/sthjt/
guangdong.zjt,dept,provincial,广东省住房和城乡建设厅,mohurd,https://zjt.gd.gov.cn,,blackhole,alt=https://gd.gov.cn/zjt/
guangdong.jtyst,dept,provincial,广东省交通运输厅,mot,https://jtyst.gd.gov.cn,,blackhole,alt=https://gd.gov.cn/jtyst/
guangdong.slt,dept,provincial,广东省水利厅,mwr,https://slt.gd.gov.cn,,server_error,alt=https://gd.gov.cn/slt/
guangdong.nynct,dept,provincial,广东省农业农村厅,mara,https://nynct.gd.gov.cn,,blackhole,alt=https://gd.gov.cn/nynct/
guangdong.swt,dept,provincial,广东省商务厅,mofcom,https://swt.gd.gov.cn,,blackhole,alt=https://gd.gov.cn/swt/
guangdong.whlyt,dept,provincial,广东省文化和旅游厅,mct,https://whlyt.gd.gov.cn,,blackhole,alt=https://gd.gov.cn/whlyt/
guangdong.wjw,dept,provincial,广东省卫生健康委员会,nhc,https://wjw.gd.gov.cn,,blackhole,alt=https://gd.gov.cn/wjw/
guangdong.tyj,dept,provincial,广东省退役军人事务厅,mva,https://tyj.gd.gov.cn,,reachable_uncrawled,alt=https://gd.gov.cn/tyj/
guangdong.yjt,dept,provincial,广东省应急管理厅,mem,https://yjt.gd.gov.cn,,blackhole,alt=https://gd.gov.cn/yjt/
guangdong.sjt,dept,provincial,广东省审计厅,cnao,https://sjt.gd.gov.cn,,blackhole,alt=https://gd.gov.cn/sjt/
guangdong.wsb,dept,provincial,广东省人民政府外事办公室,mfa,https://wsb.gd.gov.cn,,blackhole,alt=https://gd.gov.cn/wsb/
guangdong.gzw,dept,provincial,广东省国有资产监督管理委员会,sasac,https://gzw.gd.gov.cn,,reachable_uncrawled,alt=https://gd.gov.cn/gzw/
guangdong.scjgj,dept,provincial,广东省市场监督管理局,samr,https://scjgj.gd.gov.cn,,blackhole,alt=https://gd.gov.cn/scjgj/
guangdong.tjj,dept,provincial,广东省统计局,nbs,https://tjj.gd.gov.cn,,blackhole,alt=https://gd.gov.cn/tjj/
guangdong.ybj,dept,provincial,广东省医疗保障局,nhsa,https://ybj.gd.gov.cn,,blackhole,alt=https://gd.gov.cn/ybj/
guangdong.tyjr,dept,provincial,广东省体育局,gas,https://tyjr.gd.gov.cn,,blackhole,alt=https://gd.gov.cn/tyjr/
guangdong.gbdst,dept,provincial,广东省广播电视局,nrta,https://gbdst.gd.gov.cn,,blackhole,alt=https://gd.gov.cn/gbdst/
guangdong.jrjgj,dept,provincial,广东省地方金融监督管理局,nfra,https://jrjgj.gd.gov.cn,,blackhole,alt=https://gd.gov.cn/jrjgj/
guangdong.sjaqj,dept,provincial,广东省政务服务和数据管理局,nda,https://sjaqj.gd.gov.cn,,blackhole,alt=https://gd.gov.cn/sjaqj/
guangdong.ylj,dept,provincial,广东省林业和草原局,forestry,https://ylj.gd.gov.cn,,blackhole,alt=https://gd.gov.cn/ylj/
guangdong.nyj,dept,provincial,广东省能源局,nea,https://nyj.gd.gov.cn,,blackhole,alt=https://gd.gov.cn/nyj/
guangdong.yjglj,dept,provincial,广东省药品监督管理局,nmpa,https://yjglj.gd.gov.cn,,blackhole,alt=https://gd.gov.cn/yjglj/
guangdong.zscqj,dept,provincial,广东省知识产权局,cnipa,https://zscqj.gd.gov.cn,,blackhole,alt=https://gd.gov.cn/zscqj/
guangdong.xfj,dept,provincial,广东省信访局,xinfang,https://xfj.gd.gov.cn,,blackhole,alt=https://gd.gov.cn/xfj/
guangdong.jgswglj,dept,provincial,广东省机关事务管理局,ggj,https://jgswglj.gd.gov.cn,,blackhole,alt=https://gd.gov.cn/jgswglj/
guangdong.tax,dept,provincial,国家税务总局广东省税务局,chinatax,https://tax.gd.gov.cn,,blackhole,alt=https://gd.gov.cn/tax/
guangdong.customs,dept,provincial,广东省海关,gacc,https://customs.gd.gov.cn,,blackhole,alt=https://gd.gov.cn/customs/
guangdong.pboc_br,dept,provincial,中国人民银行广东省分行,pbc,https://pboc_br.gd.gov.cn,,blackhole,alt=https://gd.gov.cn/pboc_br/
guangdong.p_office,dept,provincial,中共广东省委员会办公厅,cpc_general_office,https://p_office.gd.gov.cn,,blackhole,alt=https://gd.gov.cn/p_office/
guangdong.p_org,dept,provincial,中共广东省委组织部,cpc_org_dept,https://p_org.gd.gov.cn,,blackhole,alt=https://gd.gov.cn/p_org/
guangdong.p_prop,dept,provincial,中共广东省委宣传部,cpc_propaganda,https://p_prop.gd.gov.cn,,blackhole,alt=https://gd.gov.cn/p_prop/
guangdong.p_ufwd,dept,provincial,中共广东省委统战部,cpc_united_front,https://p_ufwd.gd.gov.cn,,blackhole,alt=https://gd.gov.cn/p_ufwd/
guangdong.p_plac,dept,provincial,中共广东省委政法委员会,cpc_plac,https://p_plac.gd.gov.cn,,blackhole,alt=https://gd.gov.cn/p_plac/
guangdong.p_cyber,dept,provincial,广东省委网信办,cac,https://p_cyber.gd.gov.cn,,blackhole,alt=https://gd.gov.cn/p_cyber/
guangdong.p_ccdi,dept,provincial,中共广东省纪委监委,cpc_ccdi_nsc,https://p_ccdi.gd.gov.cn,,blackhole,alt=https://gd.gov.cn/p_ccdi/
geo.hainan,geo,provincial,海南省人民政府,,https://hainan.gov.cn,,blackhole,province portal
hainan.fgw,dept,provincial,海南省发展和改革委员会,ndrc,https://fgw.hainan.gov.cn,,blackhole,alt=https://hainan.gov.cn/fgw/
hainan.edu,dept,provincial,海南省教育厅,moe,https://edu.hainan.gov.cn,,blackhole,alt=https://hainan.gov.cn/edu/
hainan.kjt,dept,provincial,海南省科学技术厅,most,https://kjt.hainan.gov.cn,,blackhole,alt=https://hainan.gov.cn/kjt/
hainan.gxt,dept,provincial,海南省工业和信息化厅,miit,https://gxt.hainan.gov.cn,,blackhole,alt=https://hainan.gov.cn/gxt/
hainan.mzw,dept,provincial,海南省民族宗教事务委员会,neac,https://mzw.hainan.gov.cn,,blackhole,alt=https://hainan.gov.cn/mzw/
hainan.ga,dept,provincial,海南省公安厅,mps,https://ga.hainan.gov.cn,,blackhole,alt=https://hainan.gov.cn/ga/
hainan.at,dept,provincial,海南省国家安全厅,mss,https://at.hainan.gov.cn,,blackhole,alt=https://hainan.gov.cn/at/
hainan.mzt,dept,provincial,海南省民政厅,mca,https://mzt.hainan.gov.cn,,blackhole,alt=https://hainan.gov.cn/mzt/
hainan.sft,dept,provincial,海南省司法厅,moj,https://sft.hainan.gov.cn,,blackhole,alt=https://hainan.gov.cn/sft/
hainan.czt,dept,provincial,海南省财政厅,mof,https://czt.hainan.gov.cn,,blackhole,alt=https://hainan.gov.cn/czt/
hainan.hrss,dept,provincial,海南省人力资源和社会保障厅,mohrss,https://hrss.hainan.gov.cn,,blackhole,alt=https://hainan.gov.cn/hrss/
hainan.zrzyt,dept,provincial,海南省自然资源厅,mnr,https://zrzyt.hainan.gov.cn,,blackhole,alt=https://hainan.gov.cn/zrzyt/
hainan.sthjt,dept,provincial,海南省生态环境厅,mee,https://sthjt.hainan.gov.cn,,blackhole,alt=https://hainan.gov.cn/sthjt/
hainan.zjt,dept,provincial,海南省住房和城乡建设厅,mohurd,https://zjt.hainan.gov.cn,,blackhole,alt=https://hainan.gov.cn/zjt/
hainan.jtyst,dept,provincial,海南省交通运输厅,mot,https://jtyst.hainan.gov.cn,,blackhole,alt=https://hainan.gov.cn/jtyst/
hainan.slt,dept,provincial,海南省水利厅,mwr,https://slt.hainan.gov.cn,,blackhole,alt=https://hainan.gov.cn/slt/
hainan.nynct,dept,provincial,海南省农业农村厅,mara,https://nynct.hainan.gov.cn,,blackhole,alt=https://hainan.gov.cn/nynct/
hainan.swt,dept,provincial,海南省商务厅,mofcom,https://swt.hainan.gov.cn,,blackhole,alt=https://hainan.gov.cn/swt/
hainan.whlyt,dept,provincial,海南省文化和旅游厅,mct,https://whlyt.hainan.gov.cn,,blackhole,alt=https://hainan.gov.cn/whlyt/
hainan.wjw,dept,provincial,海南省卫生健康委员会,nhc,https://wjw.hainan.gov.cn,,blackhole,alt=https://hainan.gov.cn/wjw/
hainan.tyj,dept,provincial,海南省退役军人事务厅,mva,https://tyj.hainan.gov.cn,,blackhole,alt=https://hainan.gov.cn/tyj/
hainan.yjt,dept,provincial,海南省应急管理厅,mem,https://yjt.hainan.gov.cn,,blackhole,alt=https://hainan.gov.cn/yjt/
hainan.sjt,dept,provincial,海南省审计厅,cnao,https://sjt.hainan.gov.cn,,blackhole,alt=https://hainan.gov.cn/sjt/
hainan.wsb,dept,provincial,海南省人民政府外事办公室,mfa,https://wsb.hainan.gov.cn,,blackhole,alt=https://hainan.gov.cn/wsb/
hainan.gzw,dept,provincial,海南省国有资产监督管理委员会,sasac,https://gzw.hainan.gov.cn,,blackhole,alt=https://hainan.gov.cn/gzw/
hainan.scjgj,dept,provincial,海南省市场监督管理局,samr,https://scjgj.hainan.gov.cn,,blackhole,alt=https://hainan.gov.cn/scjgj/
hainan.tjj,dept,provincial,海南省统计局,nbs,https://tjj.hainan.gov.cn,,blackhole,alt=https://hainan.gov.cn/tjj/
hainan.ybj,dept,provincial,海南省医疗保障局,nhsa,https://ybj.hainan.gov.cn,,blackhole,alt=https://hainan.gov.cn/ybj/
hainan.tyjr,dept,provincial,海南省体育局,gas,https://tyjr.hainan.gov.cn,,blackhole,alt=https://hainan.gov.cn/tyjr/
hainan.gbdst,dept,provincial,海南省广播电视局,nrta,https://gbdst.hainan.gov.cn,,blackhole,alt=https://hainan.gov.cn/gbdst/
hainan.jrjgj,dept,provincial,海南省地方金融监督管理局,nfra,https://jrjgj.hainan.gov.cn,,blackhole,alt=https://hainan.gov.cn/jrjgj/
hainan.sjaqj,dept,provincial,海南省政务服务和数据管理局,nda,https://sjaqj.hainan.gov.cn,,blackhole,alt=https://hainan.gov.cn/sjaqj/
hainan.ylj,dept,provincial,海南省林业和草原局,forestry,https://ylj.hainan.gov.cn,,blackhole,alt=https://hainan.gov.cn/ylj/
hainan.nyj,dept,provincial,海南省能源局,nea,https://nyj.hainan.gov.cn,,blackhole,alt=https://hainan.gov.cn/nyj/
hainan.yjglj,dept,provincial,海南省药品监督管理局,nmpa,https://yjglj.hainan.gov.cn,,blackhole,alt=https://hainan.gov.cn/yjglj/
hainan.zscqj,dept,provincial,海南省知识产权局,cnipa,https://zscqj.hainan.gov.cn,,blackhole,alt=https://hainan.gov.cn/zscqj/
hainan.xfj,dept,provincial,海南省信访局,xinfang,https://xfj.hainan.gov.cn,,blackhole,alt=https://hainan.gov.cn/xfj/
hainan.jgswglj,dept,provincial,海南省机关事务管理局,ggj,https://jgswglj.hainan.gov.cn,,blackhole,alt=https://hainan.gov.cn/jgswglj/
hainan.tax,dept,provincial,国家税务总局海南省税务局,chinatax,https://tax.hainan.gov.cn,,blackhole,alt=https://hainan.gov.cn/tax/
hainan.customs,dept,provincial,海南省海关,gacc,https://customs.hainan.gov.cn,,blackhole,alt=https://hainan.gov.cn/customs/
hainan.pboc_br,dept,provincial,中国人民银行海南省分行,pbc,https://pboc_br.hainan.gov.cn,,blackhole,alt=https://hainan.gov.cn/pboc_br/
hainan.p_office,dept,provincial,中共海南省委员会办公厅,cpc_general_office,https://p_office.hainan.gov.cn,,blackhole,alt=https://hainan.gov.cn/p_office/
hainan.p_org,dept,provincial,中共海南省委组织部,cpc_org_dept,https://p_org.hainan.gov.cn,,blackhole,alt=https://hainan.gov.cn/p_org/
hainan.p_prop,dept,provincial,中共海南省委宣传部,cpc_propaganda,https://p_prop.hainan.gov.cn,,blackhole,alt=https://hainan.gov.cn/p_prop/
hainan.p_ufwd,dept,provincial,中共海南省委统战部,cpc_united_front,https://p_ufwd.hainan.gov.cn,,blackhole,alt=https://hainan.gov.cn/p_ufwd/
hainan.p_plac,dept,provincial,中共海南省委政法委员会,cpc_plac,https://p_plac.hainan.gov.cn,,blackhole,alt=https://hainan.gov.cn/p_plac/
hainan.p_cyber,dept,provincial,海南省委网信办,cac,https://p_cyber.hainan.gov.cn,,blackhole,alt=https://hainan.gov.cn/p_cyber/
hainan.p_ccdi,dept,provincial,中共海南省纪委监委,cpc_ccdi_nsc,https://p_ccdi.hainan.gov.cn,,blackhole,alt=https://hainan.gov.cn/p_ccdi/
geo.sichuan,geo,provincial,四川省人民政府,,https://sc.gov.cn,,blackhole,province portal
sichuan.fgw,dept,provincial,四川省发展和改革委员会,ndrc,https://fgw.sc.gov.cn,,blackhole,alt=https://sc.gov.cn/fgw/
sichuan.edu,dept,provincial,四川省教育厅,moe,https://edu.sc.gov.cn,,blackhole,alt=https://sc.gov.cn/edu/
sichuan.kjt,dept,provincial,四川省科学技术厅,most,https://kjt.sc.gov.cn,,blackhole,alt=https://sc.gov.cn/kjt/
sichuan.gxt,dept,provincial,四川省工业和信息化厅,miit,https://gxt.sc.gov.cn,,blackhole,alt=https://sc.gov.cn/gxt/
sichuan.mzw,dept,provincial,四川省民族宗教事务委员会,neac,https://mzw.sc.gov.cn,,blackhole,alt=https://sc.gov.cn/mzw/
sichuan.ga,dept,provincial,四川省公安厅,mps,https://ga.sc.gov.cn,,blackhole,alt=https://sc.gov.cn/ga/
sichuan.at,dept,provincial,四川省国家安全厅,mss,https://at.sc.gov.cn,,blackhole,alt=https://sc.gov.cn/at/
sichuan.mzt,dept,provincial,四川省民政厅,mca,https://mzt.sc.gov.cn,,blackhole,alt=https://sc.gov.cn/mzt/
sichuan.sft,dept,provincial,四川省司法厅,moj,https://sft.sc.gov.cn,,blackhole,alt=https://sc.gov.cn/sft/
sichuan.czt,dept,provincial,四川省财政厅,mof,https://czt.sc.gov.cn,,blackhole,alt=https://sc.gov.cn/czt/
sichuan.hrss,dept,provincial,四川省人力资源和社会保障厅,mohrss,https://hrss.sc.gov.cn,,blackhole,alt=https://sc.gov.cn/hrss/
sichuan.zrzyt,dept,provincial,四川省自然资源厅,mnr,https://zrzyt.sc.gov.cn,,blackhole,alt=https://sc.gov.cn/zrzyt/
sichuan.sthjt,dept,provincial,四川省生态环境厅,mee,https://sthjt.sc.gov.cn,,blackhole,alt=https://sc.gov.cn/sthjt/
sichuan.zjt,dept,provincial,四川省住房和城乡建设厅,mohurd,https://zjt.sc.gov.cn,,blackhole,alt=https://sc.gov.cn/zjt/
sichuan.jtyst,dept,provincial,四川省交通运输厅,mot,https://jtyst.sc.gov.cn,,blackhole,alt=https://sc.gov.cn/jtyst/
sichuan.slt,dept,provincial,四川省水利厅,mwr,https://slt.sc.gov.cn,,blackhole,alt=https://sc.gov.cn/slt/
sichuan.nynct,dept,provincial,四川省农业农村厅,mara,https://nynct.sc.gov.cn,,blackhole,alt=https://sc.gov.cn/nynct/
sichuan.swt,dept,provincial,四川省商务厅,mofcom,https://swt.sc.gov.cn,,blackhole,alt=https://sc.gov.cn/swt/
sichuan.whlyt,dept,provincial,四川省文化和旅游厅,mct,https://whlyt.sc.gov.cn,,blackhole,alt=https://sc.gov.cn/whlyt/
sichuan.wjw,dept,provincial,四川省卫生健康委员会,nhc,https://wjw.sc.gov.cn,,blackhole,alt=https://sc.gov.cn/wjw/
sichuan.tyj,dept,provincial,四川省退役军人事务厅,mva,https://tyj.sc.gov.cn,,blackhole,alt=https://sc.gov.cn/tyj/
sichuan.yjt,dept,provincial,四川省应急管理厅,mem,https://yjt.sc.gov.cn,,blackhole,alt=https://sc.gov.cn/yjt/
sichuan.sjt,dept,provincial,四川省审计厅,cnao,https://sjt.sc.gov.cn,,blackhole,alt=https://sc.gov.cn/sjt/
sichuan.wsb,dept,provincial,四川省人民政府外事办公室,mfa,https://wsb.sc.gov.cn,,blackhole,alt=https://sc.gov.cn/wsb/
sichuan.gzw,dept,provincial,四川省国有资产监督管理委员会,sasac,https://gzw.sc.gov.cn,,blackhole,alt=https://sc.gov.cn/gzw/
sichuan.scjgj,dept,provincial,四川省市场监督管理局,samr,https://scjgj.sc.gov.cn,,blackhole,alt=https://sc.gov.cn/scjgj/
sichuan.tjj,dept,provincial,四川省统计局,nbs,https://tjj.sc.gov.cn,,blackhole,alt=https://sc.gov.cn/tjj/
sichuan.ybj,dept,provincial,四川省医疗保障局,nhsa,https://ybj.sc.gov.cn,,blackhole,alt=https://sc.gov.cn/ybj/
sichuan.tyjr,dept,provincial,四川省体育局,gas,https://tyjr.sc.gov.cn,,blackhole,alt=https://sc.gov.cn/tyjr/
sichuan.gbdst,dept,provincial,四川省广播电视局,nrta,https://gbdst.sc.gov.cn,,blackhole,alt=https://sc.gov.cn/gbdst/
sichuan.jrjgj,dept,provincial,四川省地方金融监督管理局,nfra,https://jrjgj.sc.gov.cn,,blackhole,alt=https://sc.gov.cn/jrjgj/
sichuan.sjaqj,dept,provincial,四川省政务服务和数据管理局,nda,https://sjaqj.sc.gov.cn,,blackhole,alt=https://sc.gov.cn/sjaqj/
sichuan.ylj,dept,provincial,四川省林业和草原局,forestry,https://ylj.sc.gov.cn,,blackhole,alt=https://sc.gov.cn/ylj/
sichuan.nyj,dept,provincial,四川省能源局,nea,https://nyj.sc.gov.cn,,blackhole,alt=https://sc.gov.cn/nyj/
sichuan.yjglj,dept,provincial,四川省药品监督管理局,nmpa,https://yjglj.sc.gov.cn,,blackhole,alt=https://sc.gov.cn/yjglj/
sichuan.zscqj,dept,provincial,四川省知识产权局,cnipa,https://zscqj.sc.gov.cn,,blackhole,alt=https://sc.gov.cn/zscqj/
sichuan.xfj,dept,provincial,四川省信访局,xinfang,https://xfj.sc.gov.cn,,blackhole,alt=https://sc.gov.cn/xfj/
sichuan.jgswglj,dept,provincial,四川省机关事务管理局,ggj,https://jgswglj.sc.gov.cn,,blackhole,alt=https://sc.gov.cn/jgswglj/
sichuan.tax,dept,provincial,国家税务总局四川省税务局,chinatax,https://tax.sc.gov.cn,,blackhole,alt=https://sc.gov.cn/tax/
sichuan.customs,dept,provincial,四川省海关,gacc,https://customs.sc.gov.cn,,blackhole,alt=https://sc.gov.cn/customs/
sichuan.pboc_br,dept,provincial,中国人民银行四川省分行,pbc,https://pboc_br.sc.gov.cn,,blackhole,alt=https://sc.gov.cn/pboc_br/
sichuan.p_office,dept,provincial,中共四川省委员会办公厅,cpc_general_office,https://p_office.sc.gov.cn,,blackhole,alt=https://sc.gov.cn/p_office/
sichuan.p_org,dept,provincial,中共四川省委组织部,cpc_org_dept,https://p_org.sc.gov.cn,,blackhole,alt=https://sc.gov.cn/p_org/
sichuan.p_prop,dept,provincial,中共四川省委宣传部,cpc_propaganda,https://p_prop.sc.gov.cn,,blackhole,alt=https://sc.gov.cn/p_prop/
sichuan.p_ufwd,dept,provincial,中共四川省委统战部,cpc_united_front,https://p_ufwd.sc.gov.cn,,blackhole,alt=https://sc.gov.cn/p_ufwd/
sichuan.p_plac,dept,provincial,中共四川省委政法委员会,cpc_plac,https://p_plac.sc.gov.cn,,blackhole,alt=https://sc.gov.cn/p_plac/
sichuan.p_cyber,dept,provincial,四川省委网信办,cac,https://p_cyber.sc.gov.cn,,blackhole,alt=https://sc.gov.cn/p_cyber/
sichuan.p_ccdi,dept,provincial,中共四川省纪委监委,cpc_ccdi_nsc,https://p_ccdi.sc.gov.cn,,blackhole,alt=https://sc.gov.cn/p_ccdi/
geo.guizhou,geo,provincial,贵州省人民政府,,https://guizhou.gov.cn,,blackhole,province portal
guizhou.fgw,dept,provincial,贵州省发展和改革委员会,ndrc,https://fgw.guizhou.gov.cn,,blackhole,alt=https://guizhou.gov.cn/fgw/
guizhou.edu,dept,provincial,贵州省教育厅,moe,https://edu.guizhou.gov.cn,,blackhole,alt=https://guizhou.gov.cn/edu/
guizhou.kjt,dept,provincial,贵州省科学技术厅,most,https://kjt.guizhou.gov.cn,,reachable_uncrawled,alt=https://guizhou.gov.cn/kjt/
guizhou.gxt,dept,provincial,贵州省工业和信息化厅,miit,https://gxt.guizhou.gov.cn,,blackhole,alt=https://guizhou.gov.cn/gxt/
guizhou.mzw,dept,provincial,贵州省民族宗教事务委员会,neac,https://mzw.guizhou.gov.cn,,server_error,alt=https://guizhou.gov.cn/mzw/
guizhou.ga,dept,provincial,贵州省公安厅,mps,https://ga.guizhou.gov.cn,,blackhole,alt=https://guizhou.gov.cn/ga/
guizhou.at,dept,provincial,贵州省国家安全厅,mss,https://at.guizhou.gov.cn,,blackhole,alt=https://guizhou.gov.cn/at/
guizhou.mzt,dept,provincial,贵州省民政厅,mca,https://mzt.guizhou.gov.cn,,blackhole,alt=https://guizhou.gov.cn/mzt/
guizhou.sft,dept,provincial,贵州省司法厅,moj,https://sft.guizhou.gov.cn,,blackhole,alt=https://guizhou.gov.cn/sft/
guizhou.czt,dept,provincial,贵州省财政厅,mof,https://czt.guizhou.gov.cn,,blackhole,alt=https://guizhou.gov.cn/czt/
guizhou.hrss,dept,provincial,贵州省人力资源和社会保障厅,mohrss,https://hrss.guizhou.gov.cn,,blackhole,alt=https://guizhou.gov.cn/hrss/
guizhou.zrzyt,dept,provincial,贵州省自然资源厅,mnr,https://zrzyt.guizhou.gov.cn,,blackhole,alt=https://guizhou.gov.cn/zrzyt/
guizhou.sthjt,dept,provincial,贵州省生态环境厅,mee,https://sthjt.guizhou.gov.cn,,blackhole,alt=https://guizhou.gov.cn/sthjt/
guizhou.zjt,dept,provincial,贵州省住房和城乡建设厅,mohurd,https://zjt.guizhou.gov.cn,,blackhole,alt=https://guizhou.gov.cn/zjt/
guizhou.jtyst,dept,provincial,贵州省交通运输厅,mot,https://jtyst.guizhou.gov.cn,,blackhole,alt=https://guizhou.gov.cn/jtyst/
guizhou.slt,dept,provincial,贵州省水利厅,mwr,https://slt.guizhou.gov.cn,,blackhole,alt=https://guizhou.gov.cn/slt/
guizhou.nynct,dept,provincial,贵州省农业农村厅,mara,https://nynct.guizhou.gov.cn,,blackhole,alt=https://guizhou.gov.cn/nynct/
guizhou.swt,dept,provincial,贵州省商务厅,mofcom,https://swt.guizhou.gov.cn,,blackhole,alt=https://guizhou.gov.cn/swt/
guizhou.whlyt,dept,provincial,贵州省文化和旅游厅,mct,https://whlyt.guizhou.gov.cn,,blackhole,alt=https://guizhou.gov.cn/whlyt/
guizhou.wjw,dept,provincial,贵州省卫生健康委员会,nhc,https://wjw.guizhou.gov.cn,,blackhole,alt=https://guizhou.gov.cn/wjw/
guizhou.tyj,dept,provincial,贵州省退役军人事务厅,mva,https://tyj.guizhou.gov.cn,,blackhole,alt=https://guizhou.gov.cn/tyj/
guizhou.yjt,dept,provincial,贵州省应急管理厅,mem,https://yjt.guizhou.gov.cn,,blackhole,alt=https://guizhou.gov.cn/yjt/
guizhou.sjt,dept,provincial,贵州省审计厅,cnao,https://sjt.guizhou.gov.cn,,blackhole,alt=https://guizhou.gov.cn/sjt/
guizhou.wsb,dept,provincial,贵州省人民政府外事办公室,mfa,https://wsb.guizhou.gov.cn,,blackhole,alt=https://guizhou.gov.cn/wsb/
guizhou.gzw,dept,provincial,贵州省国有资产监督管理委员会,sasac,https://gzw.guizhou.gov.cn,,blackhole,alt=https://guizhou.gov.cn/gzw/
guizhou.scjgj,dept,provincial,贵州省市场监督管理局,samr,https://scjgj.guizhou.gov.cn,,blackhole,alt=https://guizhou.gov.cn/scjgj/
guizhou.tjj,dept,provincial,贵州省统计局,nbs,https://tjj.guizhou.gov.cn,,blackhole,alt=https://guizhou.gov.cn/tjj/
guizhou.ybj,dept,provincial,贵州省医疗保障局,nhsa,https://ybj.guizhou.gov.cn,,blackhole,alt=https://guizhou.gov.cn/ybj/
guizhou.tyjr,dept,provincial,贵州省体育局,gas,https://tyjr.guizhou.gov.cn,,blackhole,alt=https://guizhou.gov.cn/tyjr/
guizhou.gbdst,dept,provincial,贵州省广播电视局,nrta,https://gbdst.guizhou.gov.cn,,blackhole,alt=https://guizhou.gov.cn/gbdst/
guizhou.jrjgj,dept,provincial,贵州省地方金融监督管理局,nfra,https://jrjgj.guizhou.gov.cn,,blackhole,alt=https://guizhou.gov.cn/jrjgj/
guizhou.sjaqj,dept,provincial,贵州省政务服务和数据管理局,nda,https://sjaqj.guizhou.gov.cn,,blackhole,alt=https://guizhou.gov.cn/sjaqj/
guizhou.ylj,dept,provincial,贵州省林业和草原局,forestry,https://ylj.guizhou.gov.cn,,blackhole,alt=https://guizhou.gov.cn/ylj/
guizhou.nyj,dept,provincial,贵州省能源局,nea,https://nyj.guizhou.gov.cn,,reachable_uncrawled,alt=https://guizhou.gov.cn/nyj/
guizhou.yjglj,dept,provincial,贵州省药品监督管理局,nmpa,https://yjglj.guizhou.gov.cn,,blackhole,alt=https://guizhou.gov.cn/yjglj/
guizhou.zscqj,dept,provincial,贵州省知识产权局,cnipa,https://zscqj.guizhou.gov.cn,,blackhole,alt=https://guizhou.gov.cn/zscqj/
guizhou.xfj,dept,provincial,贵州省信访局,xinfang,https://xfj.guizhou.gov.cn,,blackhole,alt=https://guizhou.gov.cn/xfj/
guizhou.jgswglj,dept,provincial,贵州省机关事务管理局,ggj,https://jgswglj.guizhou.gov.cn,,blackhole,alt=https://guizhou.gov.cn/jgswglj/
guizhou.tax,dept,provincial,国家税务总局贵州省税务局,chinatax,https://tax.guizhou.gov.cn,,blackhole,alt=https://guizhou.gov.cn/tax/
guizhou.customs,dept,provincial,贵州省海关,gacc,https://customs.guizhou.gov.cn,,blackhole,alt=https://guizhou.gov.cn/customs/
guizhou.pboc_br,dept,provincial,中国人民银行贵州省分行,pbc,https://pboc_br.guizhou.gov.cn,,blackhole,alt=https://guizhou.gov.cn/pboc_br/
guizhou.p_office,dept,provincial,中共贵州省委员会办公厅,cpc_general_office,https://p_office.guizhou.gov.cn,,blackhole,alt=https://guizhou.gov.cn/p_office/
guizhou.p_org,dept,provincial,中共贵州省委组织部,cpc_org_dept,https://p_org.guizhou.gov.cn,,blackhole,alt=https://guizhou.gov.cn/p_org/
guizhou.p_prop,dept,provincial,中共贵州省委宣传部,cpc_propaganda,https://p_prop.guizhou.gov.cn,,blackhole,alt=https://guizhou.gov.cn/p_prop/
guizhou.p_ufwd,dept,provincial,中共贵州省委统战部,cpc_united_front,https://p_ufwd.guizhou.gov.cn,,blackhole,alt=https://guizhou.gov.cn/p_ufwd/
guizhou.p_plac,dept,provincial,中共贵州省委政法委员会,cpc_plac,https://p_plac.guizhou.gov.cn,,blackhole,alt=https://guizhou.gov.cn/p_plac/
guizhou.p_cyber,dept,provincial,贵州省委网信办,cac,https://p_cyber.guizhou.gov.cn,,blackhole,alt=https://guizhou.gov.cn/p_cyber/
guizhou.p_ccdi,dept,provincial,中共贵州省纪委监委,cpc_ccdi_nsc,https://p_ccdi.guizhou.gov.cn,,blackhole,alt=https://guizhou.gov.cn/p_ccdi/
geo.yunnan,geo,provincial,云南省人民政府,,https://yn.gov.cn,,blackhole,province portal
yunnan.fgw,dept,provincial,云南省发展和改革委员会,ndrc,https://fgw.yn.gov.cn,,blackhole,alt=https://yn.gov.cn/fgw/
yunnan.edu,dept,provincial,云南省教育厅,moe,https://edu.yn.gov.cn,,blackhole,alt=https://yn.gov.cn/edu/
yunnan.kjt,dept,provincial,云南省科学技术厅,most,https://kjt.yn.gov.cn,,reachable_uncrawled,alt=https://yn.gov.cn/kjt/
yunnan.gxt,dept,provincial,云南省工业和信息化厅,miit,https://gxt.yn.gov.cn,,reachable_uncrawled,alt=https://yn.gov.cn/gxt/
yunnan.mzw,dept,provincial,云南省民族宗教事务委员会,neac,https://mzw.yn.gov.cn,,blackhole,alt=https://yn.gov.cn/mzw/
yunnan.ga,dept,provincial,云南省公安厅,mps,https://ga.yn.gov.cn,,blackhole,alt=https://yn.gov.cn/ga/
yunnan.at,dept,provincial,云南省国家安全厅,mss,https://at.yn.gov.cn,,blackhole,alt=https://yn.gov.cn/at/
yunnan.mzt,dept,provincial,云南省民政厅,mca,https://mzt.yn.gov.cn,,blackhole,alt=https://yn.gov.cn/mzt/
yunnan.sft,dept,provincial,云南省司法厅,moj,https://sft.yn.gov.cn,,reachable_uncrawled,alt=https://yn.gov.cn/sft/
yunnan.czt,dept,provincial,云南省财政厅,mof,https://czt.yn.gov.cn,,proxy_gated,alt=https://yn.gov.cn/czt/
yunnan.hrss,dept,provincial,云南省人力资源和社会保障厅,mohrss,https://hrss.yn.gov.cn,,blackhole,alt=https://yn.gov.cn/hrss/
yunnan.zrzyt,dept,provincial,云南省自然资源厅,mnr,https://zrzyt.yn.gov.cn,,blackhole,alt=https://yn.gov.cn/zrzyt/
yunnan.sthjt,dept,provincial,云南省生态环境厅,mee,https://sthjt.yn.gov.cn,,blackhole,alt=https://yn.gov.cn/sthjt/
yunnan.zjt,dept,provincial,云南省住房和城乡建设厅,mohurd,https://zjt.yn.gov.cn,,blackhole,alt=https://yn.gov.cn/zjt/
yunnan.jtyst,dept,provincial,云南省交通运输厅,mot,https://jtyst.yn.gov.cn,,reachable_uncrawled,alt=https://yn.gov.cn/jtyst/
yunnan.slt,dept,provincial,云南省水利厅,mwr,https://slt.yn.gov.cn,,blackhole,alt=https://yn.gov.cn/slt/
yunnan.nynct,dept,provincial,云南省农业农村厅,mara,https://nynct.yn.gov.cn,,blackhole,alt=https://yn.gov.cn/nynct/
yunnan.swt,dept,provincial,云南省商务厅,mofcom,https://swt.yn.gov.cn,,reachable_uncrawled,alt=https://yn.gov.cn/swt/
yunnan.whlyt,dept,provincial,云南省文化和旅游厅,mct,https://whlyt.yn.gov.cn,,blackhole,alt=https://yn.gov.cn/whlyt/
yunnan.wjw,dept,provincial,云南省卫生健康委员会,nhc,https://wjw.yn.gov.cn,,blackhole,alt=https://yn.gov.cn/wjw/
yunnan.tyj,dept,provincial,云南省退役军人事务厅,mva,https://tyj.yn.gov.cn,,reachable_uncrawled,alt=https://yn.gov.cn/tyj/
yunnan.yjt,dept,provincial,云南省应急管理厅,mem,https://yjt.yn.gov.cn,,blackhole,alt=https://yn.gov.cn/yjt/
yunnan.sjt,dept,provincial,云南省审计厅,cnao,https://sjt.yn.gov.cn,,blackhole,alt=https://yn.gov.cn/sjt/
yunnan.wsb,dept,provincial,云南省人民政府外事办公室,mfa,https://wsb.yn.gov.cn,,blackhole,alt=https://yn.gov.cn/wsb/
yunnan.gzw,dept,provincial,云南省国有资产监督管理委员会,sasac,https://gzw.yn.gov.cn,,reachable_uncrawled,alt=https://yn.gov.cn/gzw/
yunnan.scjgj,dept,provincial,云南省市场监督管理局,samr,https://scjgj.yn.gov.cn,,blackhole,alt=https://yn.gov.cn/scjgj/
yunnan.tjj,dept,provincial,云南省统计局,nbs,https://tjj.yn.gov.cn,,blackhole,alt=https://yn.gov.cn/tjj/
yunnan.ybj,dept,provincial,云南省医疗保障局,nhsa,https://ybj.yn.gov.cn,,blackhole,alt=https://yn.gov.cn/ybj/
yunnan.tyjr,dept,provincial,云南省体育局,gas,https://tyjr.yn.gov.cn,,blackhole,alt=https://yn.gov.cn/tyjr/
yunnan.gbdst,dept,provincial,云南省广播电视局,nrta,https://gbdst.yn.gov.cn,,blackhole,alt=https://yn.gov.cn/gbdst/
yunnan.jrjgj,dept,provincial,云南省地方金融监督管理局,nfra,https://jrjgj.yn.gov.cn,,blackhole,alt=https://yn.gov.cn/jrjgj/
yunnan.sjaqj,dept,provincial,云南省政务服务和数据管理局,nda,https://sjaqj.yn.gov.cn,,blackhole,alt=https://yn.gov.cn/sjaqj/
yunnan.ylj,dept,provincial,云南省林业和草原局,forestry,https://ylj.yn.gov.cn,,blackhole,alt=https://yn.gov.cn/ylj/
yunnan.nyj,dept,provincial,云南省能源局,nea,https://nyj.yn.gov.cn,,reachable_uncrawled,alt=https://yn.gov.cn/nyj/
yunnan.yjglj,dept,provincial,云南省药品监督管理局,nmpa,https://yjglj.yn.gov.cn,,blackhole,alt=https://yn.gov.cn/yjglj/
yunnan.zscqj,dept,provincial,云南省知识产权局,cnipa,https://zscqj.yn.gov.cn,,blackhole,alt=https://yn.gov.cn/zscqj/
yunnan.xfj,dept,provincial,云南省信访局,xinfang,https://xfj.yn.gov.cn,,blackhole,alt=https://yn.gov.cn/xfj/
yunnan.jgswglj,dept,provincial,云南省机关事务管理局,ggj,https://jgswglj.yn.gov.cn,,blackhole,alt=https://yn.gov.cn/jgswglj/
yunnan.tax,dept,provincial,国家税务总局云南省税务局,chinatax,https://tax.yn.gov.cn,,blackhole,alt=https://yn.gov.cn/tax/
yunnan.customs,dept,provincial,云南省海关,gacc,https://customs.yn.gov.cn,,blackhole,alt=https://yn.gov.cn/customs/
yunnan.pboc_br,dept,provincial,中国人民银行云南省分行,pbc,https://pboc_br.yn.gov.cn,,blackhole,alt=https://yn.gov.cn/pboc_br/
yunnan.p_office,dept,provincial,中共云南省委员会办公厅,cpc_general_office,https://p_office.yn.gov.cn,,blackhole,alt=https://yn.gov.cn/p_office/
yunnan.p_org,dept,provincial,中共云南省委组织部,cpc_org_dept,https://p_org.yn.gov.cn,,blackhole,alt=https://yn.gov.cn/p_org/
yunnan.p_prop,dept,provincial,中共云南省委宣传部,cpc_propaganda,https://p_prop.yn.gov.cn,,blackhole,alt=https://yn.gov.cn/p_prop/
yunnan.p_ufwd,dept,provincial,中共云南省委统战部,cpc_united_front,https://p_ufwd.yn.gov.cn,,blackhole,alt=https://yn.gov.cn/p_ufwd/
yunnan.p_plac,dept,provincial,中共云南省委政法委员会,cpc_plac,https://p_plac.yn.gov.cn,,blackhole,alt=https://yn.gov.cn/p_plac/
yunnan.p_cyber,dept,provincial,云南省委网信办,cac,https://p_cyber.yn.gov.cn,,blackhole,alt=https://yn.gov.cn/p_cyber/
yunnan.p_ccdi,dept,provincial,中共云南省纪委监委,cpc_ccdi_nsc,https://p_ccdi.yn.gov.cn,,blackhole,alt=https://yn.gov.cn/p_ccdi/
geo.shaanxi,geo,provincial,陕西省人民政府,,https://shaanxi.gov.cn,,blackhole,province portal
shaanxi.fgw,dept,provincial,陕西省发展和改革委员会,ndrc,https://fgw.shaanxi.gov.cn,,blackhole,alt=https://shaanxi.gov.cn/fgw/
shaanxi.edu,dept,provincial,陕西省教育厅,moe,https://edu.shaanxi.gov.cn,,blackhole,alt=https://shaanxi.gov.cn/edu/
shaanxi.kjt,dept,provincial,陕西省科学技术厅,most,https://kjt.shaanxi.gov.cn,,blackhole,alt=https://shaanxi.gov.cn/kjt/
shaanxi.gxt,dept,provincial,陕西省工业和信息化厅,miit,https://gxt.shaanxi.gov.cn,,blackhole,alt=https://shaanxi.gov.cn/gxt/
shaanxi.mzw,dept,provincial,陕西省民族宗教事务委员会,neac,https://mzw.shaanxi.gov.cn,,blackhole,alt=https://shaanxi.gov.cn/mzw/
shaanxi.ga,dept,provincial,陕西省公安厅,mps,https://ga.shaanxi.gov.cn,,blackhole,alt=https://shaanxi.gov.cn/ga/
shaanxi.at,dept,provincial,陕西省国家安全厅,mss,https://at.shaanxi.gov.cn,,blackhole,alt=https://shaanxi.gov.cn/at/
shaanxi.mzt,dept,provincial,陕西省民政厅,mca,https://mzt.shaanxi.gov.cn,,blackhole,alt=https://shaanxi.gov.cn/mzt/
shaanxi.sft,dept,provincial,陕西省司法厅,moj,https://sft.shaanxi.gov.cn,,blackhole,alt=https://shaanxi.gov.cn/sft/
shaanxi.czt,dept,provincial,陕西省财政厅,mof,https://czt.shaanxi.gov.cn,,blackhole,alt=https://shaanxi.gov.cn/czt/
shaanxi.hrss,dept,provincial,陕西省人力资源和社会保障厅,mohrss,https://hrss.shaanxi.gov.cn,,blackhole,alt=https://shaanxi.gov.cn/hrss/
shaanxi.zrzyt,dept,provincial,陕西省自然资源厅,mnr,https://zrzyt.shaanxi.gov.cn,,blackhole,alt=https://shaanxi.gov.cn/zrzyt/
shaanxi.sthjt,dept,provincial,陕西省生态环境厅,mee,https://sthjt.shaanxi.gov.cn,,blackhole,alt=https://shaanxi.gov.cn/sthjt/
shaanxi.zjt,dept,provincial,陕西省住房和城乡建设厅,mohurd,https://zjt.shaanxi.gov.cn,,blackhole,alt=https://shaanxi.gov.cn/zjt/
shaanxi.jtyst,dept,provincial,陕西省交通运输厅,mot,https://jtyst.shaanxi.gov.cn,,blackhole,alt=https://shaanxi.gov.cn/jtyst/
shaanxi.slt,dept,provincial,陕西省水利厅,mwr,https://slt.shaanxi.gov.cn,,blackhole,alt=https://shaanxi.gov.cn/slt/
shaanxi.nynct,dept,provincial,陕西省农业农村厅,mara,https://nynct.shaanxi.gov.cn,,blackhole,alt=https://shaanxi.gov.cn/nynct/
shaanxi.swt,dept,provincial,陕西省商务厅,mofcom,https://swt.shaanxi.gov.cn,,blackhole,alt=https://shaanxi.gov.cn/swt/
shaanxi.whlyt,dept,provincial,陕西省文化和旅游厅,mct,https://whlyt.shaanxi.gov.cn,,blackhole,alt=https://shaanxi.gov.cn/whlyt/
shaanxi.wjw,dept,provincial,陕西省卫生健康委员会,nhc,https://wjw.shaanxi.gov.cn,,blackhole,alt=https://shaanxi.gov.cn/wjw/
shaanxi.tyj,dept,provincial,陕西省退役军人事务厅,mva,https://tyj.shaanxi.gov.cn,,blackhole,alt=https://shaanxi.gov.cn/tyj/
shaanxi.yjt,dept,provincial,陕西省应急管理厅,mem,https://yjt.shaanxi.gov.cn,,blackhole,alt=https://shaanxi.gov.cn/yjt/
shaanxi.sjt,dept,provincial,陕西省审计厅,cnao,https://sjt.shaanxi.gov.cn,,blackhole,alt=https://shaanxi.gov.cn/sjt/
shaanxi.wsb,dept,provincial,陕西省人民政府外事办公室,mfa,https://wsb.shaanxi.gov.cn,,blackhole,alt=https://shaanxi.gov.cn/wsb/
shaanxi.gzw,dept,provincial,陕西省国有资产监督管理委员会,sasac,https://gzw.shaanxi.gov.cn,,blackhole,alt=https://shaanxi.gov.cn/gzw/
shaanxi.scjgj,dept,provincial,陕西省市场监督管理局,samr,https://scjgj.shaanxi.gov.cn,,blackhole,alt=https://shaanxi.gov.cn/scjgj/
shaanxi.tjj,dept,provincial,陕西省统计局,nbs,https://tjj.shaanxi.gov.cn,,blackhole,alt=https://shaanxi.gov.cn/tjj/
shaanxi.ybj,dept,provincial,陕西省医疗保障局,nhsa,https://ybj.shaanxi.gov.cn,,blackhole,alt=https://shaanxi.gov.cn/ybj/
shaanxi.tyjr,dept,provincial,陕西省体育局,gas,https://tyjr.shaanxi.gov.cn,,blackhole,alt=https://shaanxi.gov.cn/tyjr/
shaanxi.gbdst,dept,provincial,陕西省广播电视局,nrta,https://gbdst.shaanxi.gov.cn,,blackhole,alt=https://shaanxi.gov.cn/gbdst/
shaanxi.jrjgj,dept,provincial,陕西省地方金融监督管理局,nfra,https://jrjgj.shaanxi.gov.cn,,blackhole,alt=https://shaanxi.gov.cn/jrjgj/
shaanxi.sjaqj,dept,provincial,陕西省政务服务和数据管理局,nda,https://sjaqj.shaanxi.gov.cn,,blackhole,alt=https://shaanxi.gov.cn/sjaqj/
shaanxi.ylj,dept,provincial,陕西省林业和草原局,forestry,https://ylj.shaanxi.gov.cn,,blackhole,alt=https://shaanxi.gov.cn/ylj/
shaanxi.nyj,dept,provincial,陕西省能源局,nea,https://nyj.shaanxi.gov.cn,,blackhole,alt=https://shaanxi.gov.cn/nyj/
shaanxi.yjglj,dept,provincial,陕西省药品监督管理局,nmpa,https://yjglj.shaanxi.gov.cn,,blackhole,alt=https://shaanxi.gov.cn/yjglj/
shaanxi.zscqj,dept,provincial,陕西省知识产权局,cnipa,https://zscqj.shaanxi.gov.cn,,blackhole,alt=https://shaanxi.gov.cn/zscqj/
shaanxi.xfj,dept,provincial,陕西省信访局,xinfang,https://xfj.shaanxi.gov.cn,,blackhole,alt=https://shaanxi.gov.cn/xfj/
shaanxi.jgswglj,dept,provincial,陕西省机关事务管理局,ggj,https://jgswglj.shaanxi.gov.cn,,blackhole,alt=https://shaanxi.gov.cn/jgswglj/
shaanxi.tax,dept,provincial,国家税务总局陕西省税务局,chinatax,https://tax.shaanxi.gov.cn,,blackhole,alt=https://shaanxi.gov.cn/tax/
shaanxi.customs,dept,provincial,陕西省海关,gacc,https://customs.shaanxi.gov.cn,,blackhole,alt=https://shaanxi.gov.cn/customs/
shaanxi.pboc_br,dept,provincial,中国人民银行陕西省分行,pbc,https://pboc_br.shaanxi.gov.cn,,blackhole,alt=https://shaanxi.gov.cn/pboc_br/
shaanxi.p_office,dept,provincial,中共陕西省委员会办公厅,cpc_general_office,https://p_office.shaanxi.gov.cn,,blackhole,alt=https://shaanxi.gov.cn/p_office/
shaanxi.p_org,dept,provincial,中共陕西省委组织部,cpc_org_dept,https://p_org.shaanxi.gov.cn,,blackhole,alt=https://shaanxi.gov.cn/p_org/
shaanxi.p_prop,dept,provincial,中共陕西省委宣传部,cpc_propaganda,https://p_prop.shaanxi.gov.cn,,blackhole,alt=https://shaanxi.gov.cn/p_prop/
shaanxi.p_ufwd,dept,provincial,中共陕西省委统战部,cpc_united_front,https://p_ufwd.shaanxi.gov.cn,,blackhole,alt=https://shaanxi.gov.cn/p_ufwd/
shaanxi.p_plac,dept,provincial,中共陕西省委政法委员会,cpc_plac,https://p_plac.shaanxi.gov.cn,,blackhole,alt=https://shaanxi.gov.cn/p_plac/
shaanxi.p_cyber,dept,provincial,陕西省委网信办,cac,https://p_cyber.shaanxi.gov.cn,,blackhole,alt=https://shaanxi.gov.cn/p_cyber/
shaanxi.p_ccdi,dept,provincial,中共陕西省纪委监委,cpc_ccdi_nsc,https://p_ccdi.shaanxi.gov.cn,,blackhole,alt=https://shaanxi.gov.cn/p_ccdi/
geo.gansu,geo,provincial,甘肃省人民政府,,https://gansu.gov.cn,,proxy_gated,province portal
gansu.fgw,dept,provincial,甘肃省发展和改革委员会,ndrc,https://fgw.gansu.gov.cn,,blackhole,alt=https://gansu.gov.cn/fgw/
gansu.edu,dept,provincial,甘肃省教育厅,moe,https://edu.gansu.gov.cn,,blackhole,alt=https://gansu.gov.cn/edu/
gansu.kjt,dept,provincial,甘肃省科学技术厅,most,https://kjt.gansu.gov.cn,,proxy_gated,alt=https://gansu.gov.cn/kjt/
gansu.gxt,dept,provincial,甘肃省工业和信息化厅,miit,https://gxt.gansu.gov.cn,,proxy_gated,alt=https://gansu.gov.cn/gxt/
gansu.mzw,dept,provincial,甘肃省民族宗教事务委员会,neac,https://mzw.gansu.gov.cn,,blackhole,alt=https://gansu.gov.cn/mzw/
gansu.ga,dept,provincial,甘肃省公安厅,mps,https://ga.gansu.gov.cn,,blackhole,alt=https://gansu.gov.cn/ga/
gansu.at,dept,provincial,甘肃省国家安全厅,mss,https://at.gansu.gov.cn,,blackhole,alt=https://gansu.gov.cn/at/
gansu.mzt,dept,provincial,甘肃省民政厅,mca,https://mzt.gansu.gov.cn,,proxy_gated,alt=https://gansu.gov.cn/mzt/
gansu.sft,dept,provincial,甘肃省司法厅,moj,https://sft.gansu.gov.cn,,proxy_gated,alt=https://gansu.gov.cn/sft/
gansu.czt,dept,provincial,甘肃省财政厅,mof,https://czt.gansu.gov.cn,,proxy_gated,alt=https://gansu.gov.cn/czt/
gansu.hrss,dept,provincial,甘肃省人力资源和社会保障厅,mohrss,https://hrss.gansu.gov.cn,,blackhole,alt=https://gansu.gov.cn/hrss/
gansu.zrzyt,dept,provincial,甘肃省自然资源厅,mnr,https://zrzyt.gansu.gov.cn,,blackhole,alt=https://gansu.gov.cn/zrzyt/
gansu.sthjt,dept,provincial,甘肃省生态环境厅,mee,https://sthjt.gansu.gov.cn,,blackhole,alt=https://gansu.gov.cn/sthjt/
gansu.zjt,dept,provincial,甘肃省住房和城乡建设厅,mohurd,https://zjt.gansu.gov.cn,,proxy_gated,alt=https://gansu.gov.cn/zjt/
gansu.jtyst,dept,provincial,甘肃省交通运输厅,mot,https://jtyst.gansu.gov.cn,,blackhole,alt=https://gansu.gov.cn/jtyst/
gansu.slt,dept,provincial,甘肃省水利厅,mwr,https://slt.gansu.gov.cn,,proxy_gated,alt=https://gansu.gov.cn/slt/
gansu.nynct,dept,provincial,甘肃省农业农村厅,mara,https://nynct.gansu.gov.cn,,blackhole,alt=https://gansu.gov.cn/nynct/
gansu.swt,dept,provincial,甘肃省商务厅,mofcom,https://swt.gansu.gov.cn,,proxy_gated,alt=https://gansu.gov.cn/swt/
gansu.whlyt,dept,provincial,甘肃省文化和旅游厅,mct,https://whlyt.gansu.gov.cn,,blackhole,alt=https://gansu.gov.cn/whlyt/
gansu.wjw,dept,provincial,甘肃省卫生健康委员会,nhc,https://wjw.gansu.gov.cn,,blackhole,alt=https://gansu.gov.cn/wjw/
gansu.tyj,dept,provincial,甘肃省退役军人事务厅,mva,https://tyj.gansu.gov.cn,,proxy_gated,alt=https://gansu.gov.cn/tyj/
gansu.yjt,dept,provincial,甘肃省应急管理厅,mem,https://yjt.gansu.gov.cn,,blackhole,alt=https://gansu.gov.cn/yjt/
gansu.sjt,dept,provincial,甘肃省审计厅,cnao,https://sjt.gansu.gov.cn,,proxy_gated,alt=https://gansu.gov.cn/sjt/
gansu.wsb,dept,provincial,甘肃省人民政府外事办公室,mfa,https://wsb.gansu.gov.cn,,proxy_gated,alt=https://gansu.gov.cn/wsb/
gansu.gzw,dept,provincial,甘肃省国有资产监督管理委员会,sasac,https://gzw.gansu.gov.cn,,proxy_gated,alt=https://gansu.gov.cn/gzw/
gansu.scjgj,dept,provincial,甘肃省市场监督管理局,samr,https://scjgj.gansu.gov.cn,,blackhole,alt=https://gansu.gov.cn/scjgj/
gansu.tjj,dept,provincial,甘肃省统计局,nbs,https://tjj.gansu.gov.cn,,proxy_gated,alt=https://gansu.gov.cn/tjj/
gansu.ybj,dept,provincial,甘肃省医疗保障局,nhsa,https://ybj.gansu.gov.cn,,blackhole,alt=https://gansu.gov.cn/ybj/
gansu.tyjr,dept,provincial,甘肃省体育局,gas,https://tyjr.gansu.gov.cn,,proxy_gated,alt=https://gansu.gov.cn/tyjr/
gansu.gbdst,dept,provincial,甘肃省广播电视局,nrta,https://gbdst.gansu.gov.cn,,blackhole,alt=https://gansu.gov.cn/gbdst/
gansu.jrjgj,dept,provincial,甘肃省地方金融监督管理局,nfra,https://jrjgj.gansu.gov.cn,,blackhole,alt=https://gansu.gov.cn/jrjgj/
gansu.sjaqj,dept,provincial,甘肃省政务服务和数据管理局,nda,https://sjaqj.gansu.gov.cn,,blackhole,alt=https://gansu.gov.cn/sjaqj/
gansu.ylj,dept,provincial,甘肃省林业和草原局,forestry,https://ylj.gansu.gov.cn,,blackhole,alt=https://gansu.gov.cn/ylj/
gansu.nyj,dept,provincial,甘肃省能源局,nea,https://nyj.gansu.gov.cn,,blackhole,alt=https://gansu.gov.cn/nyj/
gansu.yjglj,dept,provincial,甘肃省药品监督管理局,nmpa,https://yjglj.gansu.gov.cn,,blackhole,alt=https://gansu.gov.cn/yjglj/
gansu.zscqj,dept,provincial,甘肃省知识产权局,cnipa,https://zscqj.gansu.gov.cn,,blackhole,alt=https://gansu.gov.cn/zscqj/
gansu.xfj,dept,provincial,甘肃省信访局,xinfang,https://xfj.gansu.gov.cn,,blackhole,alt=https://gansu.gov.cn/xfj/
gansu.jgswglj,dept,provincial,甘肃省机关事务管理局,ggj,https://jgswglj.gansu.gov.cn,,blackhole,alt=https://gansu.gov.cn/jgswglj/
gansu.tax,dept,provincial,国家税务总局甘肃省税务局,chinatax,https://tax.gansu.gov.cn,,blackhole,alt=https://gansu.gov.cn/tax/
gansu.customs,dept,provincial,甘肃省海关,gacc,https://customs.gansu.gov.cn,,blackhole,alt=https://gansu.gov.cn/customs/
gansu.pboc_br,dept,provincial,中国人民银行甘肃省分行,pbc,https://pboc_br.gansu.gov.cn,,blackhole,alt=https://gansu.gov.cn/pboc_br/
gansu.p_office,dept,provincial,中共甘肃省委员会办公厅,cpc_general_office,https://p_office.gansu.gov.cn,,blackhole,alt=https://gansu.gov.cn/p_office/
gansu.p_org,dept,provincial,中共甘肃省委组织部,cpc_org_dept,https://p_org.gansu.gov.cn,,blackhole,alt=https://gansu.gov.cn/p_org/
gansu.p_prop,dept,provincial,中共甘肃省委宣传部,cpc_propaganda,https://p_prop.gansu.gov.cn,,blackhole,alt=https://gansu.gov.cn/p_prop/
gansu.p_ufwd,dept,provincial,中共甘肃省委统战部,cpc_united_front,https://p_ufwd.gansu.gov.cn,,blackhole,alt=https://gansu.gov.cn/p_ufwd/
gansu.p_plac,dept,provincial,中共甘肃省委政法委员会,cpc_plac,https://p_plac.gansu.gov.cn,,blackhole,alt=https://gansu.gov.cn/p_plac/
gansu.p_cyber,dept,provincial,甘肃省委网信办,cac,https://p_cyber.gansu.gov.cn,,blackhole,alt=https://gansu.gov.cn/p_cyber/
gansu.p_ccdi,dept,provincial,中共甘肃省纪委监委,cpc_ccdi_nsc,https://p_ccdi.gansu.gov.cn,,blackhole,alt=https://gansu.gov.cn/p_ccdi/
geo.qinghai,geo,provincial,青海省人民政府,,https://qinghai.gov.cn,qinghai,crawled,province portal
qinghai.fgw,dept,provincial,青海省发展和改革委员会,ndrc,https://fgw.qinghai.gov.cn,,blackhole,alt=https://qinghai.gov.cn/fgw/
qinghai.edu,dept,provincial,青海省教育厅,moe,https://edu.qinghai.gov.cn,,blackhole,alt=https://qinghai.gov.cn/edu/
qinghai.kjt,dept,provincial,青海省科学技术厅,most,https://kjt.qinghai.gov.cn,,blackhole,alt=https://qinghai.gov.cn/kjt/
qinghai.gxt,dept,provincial,青海省工业和信息化厅,miit,https://gxt.qinghai.gov.cn,,blackhole,alt=https://qinghai.gov.cn/gxt/
qinghai.mzw,dept,provincial,青海省民族宗教事务委员会,neac,https://mzw.qinghai.gov.cn,,blackhole,alt=https://qinghai.gov.cn/mzw/
qinghai.ga,dept,provincial,青海省公安厅,mps,https://ga.qinghai.gov.cn,,blackhole,alt=https://qinghai.gov.cn/ga/
qinghai.at,dept,provincial,青海省国家安全厅,mss,https://at.qinghai.gov.cn,,blackhole,alt=https://qinghai.gov.cn/at/
qinghai.mzt,dept,provincial,青海省民政厅,mca,https://mzt.qinghai.gov.cn,,blackhole,alt=https://qinghai.gov.cn/mzt/
qinghai.sft,dept,provincial,青海省司法厅,moj,https://sft.qinghai.gov.cn,,server_error,alt=https://qinghai.gov.cn/sft/
qinghai.czt,dept,provincial,青海省财政厅,mof,https://czt.qinghai.gov.cn,,proxy_gated,alt=https://qinghai.gov.cn/czt/
qinghai.hrss,dept,provincial,青海省人力资源和社会保障厅,mohrss,https://hrss.qinghai.gov.cn,,blackhole,alt=https://qinghai.gov.cn/hrss/
qinghai.zrzyt,dept,provincial,青海省自然资源厅,mnr,https://zrzyt.qinghai.gov.cn,,proxy_gated,alt=https://qinghai.gov.cn/zrzyt/
qinghai.sthjt,dept,provincial,青海省生态环境厅,mee,https://sthjt.qinghai.gov.cn,,blackhole,alt=https://qinghai.gov.cn/sthjt/
qinghai.zjt,dept,provincial,青海省住房和城乡建设厅,mohurd,https://zjt.qinghai.gov.cn,,proxy_gated,alt=https://qinghai.gov.cn/zjt/
qinghai.jtyst,dept,provincial,青海省交通运输厅,mot,https://jtyst.qinghai.gov.cn,,reachable_uncrawled,alt=https://qinghai.gov.cn/jtyst/
qinghai.slt,dept,provincial,青海省水利厅,mwr,https://slt.qinghai.gov.cn,,blackhole,alt=https://qinghai.gov.cn/slt/
qinghai.nynct,dept,provincial,青海省农业农村厅,mara,https://nynct.qinghai.gov.cn,,proxy_gated,alt=https://qinghai.gov.cn/nynct/
qinghai.swt,dept,provincial,青海省商务厅,mofcom,https://swt.qinghai.gov.cn,,blackhole,alt=https://qinghai.gov.cn/swt/
qinghai.whlyt,dept,provincial,青海省文化和旅游厅,mct,https://whlyt.qinghai.gov.cn,,blackhole,alt=https://qinghai.gov.cn/whlyt/
qinghai.wjw,dept,provincial,青海省卫生健康委员会,nhc,https://wjw.qinghai.gov.cn,,blackhole,alt=https://qinghai.gov.cn/wjw/
qinghai.tyj,dept,provincial,青海省退役军人事务厅,mva,https://tyj.qinghai.gov.cn,,blackhole,alt=https://qinghai.gov.cn/tyj/
qinghai.yjt,dept,provincial,青海省应急管理厅,mem,https://yjt.qinghai.gov.cn,,blackhole,alt=https://qinghai.gov.cn/yjt/
qinghai.sjt,dept,provincial,青海省审计厅,cnao,https://sjt.qinghai.gov.cn,,blackhole,alt=https://qinghai.gov.cn/sjt/
qinghai.wsb,dept,provincial,青海省人民政府外事办公室,mfa,https://wsb.qinghai.gov.cn,,blackhole,alt=https://qinghai.gov.cn/wsb/
qinghai.gzw,dept,provincial,青海省国有资产监督管理委员会,sasac,https://gzw.qinghai.gov.cn,,blackhole,alt=https://qinghai.gov.cn/gzw/
qinghai.scjgj,dept,provincial,青海省市场监督管理局,samr,https://scjgj.qinghai.gov.cn,,blackhole,alt=https://qinghai.gov.cn/scjgj/
qinghai.tjj,dept,provincial,青海省统计局,nbs,https://tjj.qinghai.gov.cn,,blackhole,alt=https://qinghai.gov.cn/tjj/
qinghai.ybj,dept,provincial,青海省医疗保障局,nhsa,https://ybj.qinghai.gov.cn,,reachable_uncrawled,alt=https://qinghai.gov.cn/ybj/
qinghai.tyjr,dept,provincial,青海省体育局,gas,https://tyjr.qinghai.gov.cn,,blackhole,alt=https://qinghai.gov.cn/tyjr/
qinghai.gbdst,dept,provincial,青海省广播电视局,nrta,https://gbdst.qinghai.gov.cn,,blackhole,alt=https://qinghai.gov.cn/gbdst/
qinghai.jrjgj,dept,provincial,青海省地方金融监督管理局,nfra,https://jrjgj.qinghai.gov.cn,,blackhole,alt=https://qinghai.gov.cn/jrjgj/
qinghai.sjaqj,dept,provincial,青海省政务服务和数据管理局,nda,https://sjaqj.qinghai.gov.cn,,blackhole,alt=https://qinghai.gov.cn/sjaqj/
qinghai.ylj,dept,provincial,青海省林业和草原局,forestry,https://ylj.qinghai.gov.cn,,blackhole,alt=https://qinghai.gov.cn/ylj/
qinghai.nyj,dept,provincial,青海省能源局,nea,https://nyj.qinghai.gov.cn,,blackhole,alt=https://qinghai.gov.cn/nyj/
qinghai.yjglj,dept,provincial,青海省药品监督管理局,nmpa,https://yjglj.qinghai.gov.cn,,blackhole,alt=https://qinghai.gov.cn/yjglj/
qinghai.zscqj,dept,provincial,青海省知识产权局,cnipa,https://zscqj.qinghai.gov.cn,,blackhole,alt=https://qinghai.gov.cn/zscqj/
qinghai.xfj,dept,provincial,青海省信访局,xinfang,https://xfj.qinghai.gov.cn,,blackhole,alt=https://qinghai.gov.cn/xfj/
qinghai.jgswglj,dept,provincial,青海省机关事务管理局,ggj,https://jgswglj.qinghai.gov.cn,,blackhole,alt=https://qinghai.gov.cn/jgswglj/
qinghai.tax,dept,provincial,国家税务总局青海省税务局,chinatax,https://tax.qinghai.gov.cn,,blackhole,alt=https://qinghai.gov.cn/tax/
qinghai.customs,dept,provincial,青海省海关,gacc,https://customs.qinghai.gov.cn,,blackhole,alt=https://qinghai.gov.cn/customs/
qinghai.pboc_br,dept,provincial,中国人民银行青海省分行,pbc,https://pboc_br.qinghai.gov.cn,,blackhole,alt=https://qinghai.gov.cn/pboc_br/
qinghai.p_office,dept,provincial,中共青海省委员会办公厅,cpc_general_office,https://p_office.qinghai.gov.cn,,blackhole,alt=https://qinghai.gov.cn/p_office/
qinghai.p_org,dept,provincial,中共青海省委组织部,cpc_org_dept,https://p_org.qinghai.gov.cn,,blackhole,alt=https://qinghai.gov.cn/p_org/
qinghai.p_prop,dept,provincial,中共青海省委宣传部,cpc_propaganda,https://p_prop.qinghai.gov.cn,,blackhole,alt=https://qinghai.gov.cn/p_prop/
qinghai.p_ufwd,dept,provincial,中共青海省委统战部,cpc_united_front,https://p_ufwd.qinghai.gov.cn,,blackhole,alt=https://qinghai.gov.cn/p_ufwd/
qinghai.p_plac,dept,provincial,中共青海省委政法委员会,cpc_plac,https://p_plac.qinghai.gov.cn,,blackhole,alt=https://qinghai.gov.cn/p_plac/
qinghai.p_cyber,dept,provincial,青海省委网信办,cac,https://p_cyber.qinghai.gov.cn,,blackhole,alt=https://qinghai.gov.cn/p_cyber/
qinghai.p_ccdi,dept,provincial,中共青海省纪委监委,cpc_ccdi_nsc,https://p_ccdi.qinghai.gov.cn,,blackhole,alt=https://qinghai.gov.cn/p_ccdi/
geo.taiwan,geo,provincial,台湾省人民政府,,,,unknown,province portal
geo.innermongolia,geo,provincial,内蒙古自治区人民政府,,https://nmg.gov.cn,,blackhole,province portal
innermongolia.fgw,dept,provincial,内蒙古自治区发展和改革委员会,ndrc,https://fgw.nmg.gov.cn,,proxy_gated,alt=https://nmg.gov.cn/fgw/
innermongolia.edu,dept,provincial,内蒙古自治区教育厅,moe,https://edu.nmg.gov.cn,,blackhole,alt=https://nmg.gov.cn/edu/
innermongolia.kjt,dept,provincial,内蒙古自治区科学技术厅,most,https://kjt.nmg.gov.cn,,proxy_gated,alt=https://nmg.gov.cn/kjt/
innermongolia.gxt,dept,provincial,内蒙古自治区工业和信息化厅,miit,https://gxt.nmg.gov.cn,,proxy_gated,alt=https://nmg.gov.cn/gxt/
innermongolia.mzw,dept,provincial,内蒙古自治区民族宗教事务委员会,neac,https://mzw.nmg.gov.cn,,blackhole,alt=https://nmg.gov.cn/mzw/
innermongolia.ga,dept,provincial,内蒙古自治区公安厅,mps,https://ga.nmg.gov.cn,,blackhole,alt=https://nmg.gov.cn/ga/
innermongolia.at,dept,provincial,内蒙古自治区国家安全厅,mss,https://at.nmg.gov.cn,,blackhole,alt=https://nmg.gov.cn/at/
innermongolia.mzt,dept,provincial,内蒙古自治区民政厅,mca,https://mzt.nmg.gov.cn,,blackhole,alt=https://nmg.gov.cn/mzt/
innermongolia.sft,dept,provincial,内蒙古自治区司法厅,moj,https://sft.nmg.gov.cn,,proxy_gated,alt=https://nmg.gov.cn/sft/
innermongolia.czt,dept,provincial,内蒙古自治区财政厅,mof,https://czt.nmg.gov.cn,,reachable_uncrawled,alt=https://nmg.gov.cn/czt/
innermongolia.hrss,dept,provincial,内蒙古自治区人力资源和社会保障厅,mohrss,https://hrss.nmg.gov.cn,,blackhole,alt=https://nmg.gov.cn/hrss/
innermongolia.zrzyt,dept,provincial,内蒙古自治区自然资源厅,mnr,https://zrzyt.nmg.gov.cn,,blackhole,alt=https://nmg.gov.cn/zrzyt/
innermongolia.sthjt,dept,provincial,内蒙古自治区生态环境厅,mee,https://sthjt.nmg.gov.cn,,reachable_uncrawled,alt=https://nmg.gov.cn/sthjt/
innermongolia.zjt,dept,provincial,内蒙古自治区住房和城乡建设厅,mohurd,https://zjt.nmg.gov.cn,,proxy_gated,alt=https://nmg.gov.cn/zjt/
innermongolia.jtyst,dept,provincial,内蒙古自治区交通运输厅,mot,https://jtyst.nmg.gov.cn,,blackhole,alt=https://nmg.gov.cn/jtyst/
innermongolia.slt,dept,provincial,内蒙古自治区水利厅,mwr,https://slt.nmg.gov.cn,,proxy_gated,alt=https://nmg.gov.cn/slt/
innermongolia.nynct,dept,provincial,内蒙古自治区农业农村厅,mara,https://nynct.nmg.gov.cn,,blackhole,alt=https://nmg.gov.cn/nynct/
innermongolia.swt,dept,provincial,内蒙古自治区商务厅,mofcom,https://swt.nmg.gov.cn,,proxy_gated,alt=https://nmg.gov.cn/swt/
innermongolia.whlyt,dept,provincial,内蒙古自治区文化和旅游厅,mct,https://whlyt.nmg.gov.cn,,blackhole,alt=https://nmg.gov.cn/whlyt/
innermongolia.wjw,dept,provincial,内蒙古自治区卫生健康委员会,nhc,https://wjw.nmg.gov.cn,,reachable_uncrawled,alt=https://nmg.gov.cn/wjw/
innermongolia.tyj,dept,provincial,内蒙古自治区退役军人事务厅,mva,https://tyj.nmg.gov.cn,,proxy_gated,alt=https://nmg.gov.cn/tyj/
innermongolia.yjt,dept,provincial,内蒙古自治区应急管理厅,mem,https://yjt.nmg.gov.cn,,blackhole,alt=https://nmg.gov.cn/yjt/
innermongolia.sjt,dept,provincial,内蒙古自治区审计厅,cnao,https://sjt.nmg.gov.cn,,blackhole,alt=https://nmg.gov.cn/sjt/
innermongolia.wsb,dept,provincial,内蒙古自治区人民政府外事办公室,mfa,https://wsb.nmg.gov.cn,,server_error,alt=https://nmg.gov.cn/wsb/
innermongolia.gzw,dept,provincial,内蒙古自治区国有资产监督管理委员会,sasac,https://gzw.nmg.gov.cn,,proxy_gated,alt=https://nmg.gov.cn/gzw/
innermongolia.scjgj,dept,provincial,内蒙古自治区市场监督管理局,samr,https://scjgj.nmg.gov.cn,,blackhole,alt=https://nmg.gov.cn/scjgj/
innermongolia.tjj,dept,provincial,内蒙古自治区统计局,nbs,https://tjj.nmg.gov.cn,,blackhole,alt=https://nmg.gov.cn/tjj/
innermongolia.ybj,dept,provincial,内蒙古自治区医疗保障局,nhsa,https://ybj.nmg.gov.cn,,blackhole,alt=https://nmg.gov.cn/ybj/
innermongolia.tyjr,dept,provincial,内蒙古自治区体育局,gas,https://tyjr.nmg.gov.cn,,blackhole,alt=https://nmg.gov.cn/tyjr/
innermongolia.gbdst,dept,provincial,内蒙古自治区广播电视局,nrta,https://gbdst.nmg.gov.cn,,blackhole,alt=https://nmg.gov.cn/gbdst/
innermongolia.jrjgj,dept,provincial,内蒙古自治区地方金融监督管理局,nfra,https://jrjgj.nmg.gov.cn,,blackhole,alt=https://nmg.gov.cn/jrjgj/
innermongolia.sjaqj,dept,provincial,内蒙古自治区政务服务和数据管理局,nda,https://sjaqj.nmg.gov.cn,,blackhole,alt=https://nmg.gov.cn/sjaqj/
innermongolia.ylj,dept,provincial,内蒙古自治区林业和草原局,forestry,https://ylj.nmg.gov.cn,,blackhole,alt=https://nmg.gov.cn/ylj/
innermongolia.nyj,dept,provincial,内蒙古自治区能源局,nea,https://nyj.nmg.gov.cn,,reachable_uncrawled,alt=https://nmg.gov.cn/nyj/
innermongolia.yjglj,dept,provincial,内蒙古自治区药品监督管理局,nmpa,https://yjglj.nmg.gov.cn,,blackhole,alt=https://nmg.gov.cn/yjglj/
innermongolia.zscqj,dept,provincial,内蒙古自治区知识产权局,cnipa,https://zscqj.nmg.gov.cn,,blackhole,alt=https://nmg.gov.cn/zscqj/
innermongolia.xfj,dept,provincial,内蒙古自治区信访局,xinfang,https://xfj.nmg.gov.cn,,proxy_gated,alt=https://nmg.gov.cn/xfj/
innermongolia.jgswglj,dept,provincial,内蒙古自治区机关事务管理局,ggj,https://jgswglj.nmg.gov.cn,,blackhole,alt=https://nmg.gov.cn/jgswglj/
innermongolia.tax,dept,provincial,国家税务总局内蒙古自治区税务局,chinatax,https://tax.nmg.gov.cn,,blackhole,alt=https://nmg.gov.cn/tax/
innermongolia.customs,dept,provincial,内蒙古自治区海关,gacc,https://customs.nmg.gov.cn,,blackhole,alt=https://nmg.gov.cn/customs/
innermongolia.pboc_br,dept,provincial,中国人民银行内蒙古自治区分行,pbc,https://pboc_br.nmg.gov.cn,,blackhole,alt=https://nmg.gov.cn/pboc_br/
innermongolia.p_office,dept,provincial,中共内蒙古自治区委员会办公厅,cpc_general_office,https://p_office.nmg.gov.cn,,blackhole,alt=https://nmg.gov.cn/p_office/
innermongolia.p_org,dept,provincial,中共内蒙古自治区委组织部,cpc_org_dept,https://p_org.nmg.gov.cn,,blackhole,alt=https://nmg.gov.cn/p_org/
innermongolia.p_prop,dept,provincial,中共内蒙古自治区委宣传部,cpc_propaganda,https://p_prop.nmg.gov.cn,,blackhole,alt=https://nmg.gov.cn/p_prop/
innermongolia.p_ufwd,dept,provincial,中共内蒙古自治区委统战部,cpc_united_front,https://p_ufwd.nmg.gov.cn,,blackhole,alt=https://nmg.gov.cn/p_ufwd/
innermongolia.p_plac,dept,provincial,中共内蒙古自治区委政法委员会,cpc_plac,https://p_plac.nmg.gov.cn,,blackhole,alt=https://nmg.gov.cn/p_plac/
innermongolia.p_cyber,dept,provincial,内蒙古自治区委网信办,cac,https://p_cyber.nmg.gov.cn,,blackhole,alt=https://nmg.gov.cn/p_cyber/
innermongolia.p_ccdi,dept,provincial,中共内蒙古自治区纪委监委,cpc_ccdi_nsc,https://p_ccdi.nmg.gov.cn,,blackhole,alt=https://nmg.gov.cn/p_ccdi/
geo.guangxi,geo,provincial,广西壮族自治区人民政府,,https://gxzf.gov.cn,,blackhole,province portal
guangxi.fgw,dept,provincial,广西壮族自治区发展和改革委员会,ndrc,https://fgw.gxzf.gov.cn,,blackhole,alt=https://gxzf.gov.cn/fgw/
guangxi.edu,dept,provincial,广西壮族自治区教育厅,moe,https://edu.gxzf.gov.cn,,blackhole,alt=https://gxzf.gov.cn/edu/
guangxi.kjt,dept,provincial,广西壮族自治区科学技术厅,most,https://kjt.gxzf.gov.cn,,blackhole,alt=https://gxzf.gov.cn/kjt/
guangxi.gxt,dept,provincial,广西壮族自治区工业和信息化厅,miit,https://gxt.gxzf.gov.cn,,blackhole,alt=https://gxzf.gov.cn/gxt/
guangxi.mzw,dept,provincial,广西壮族自治区民族宗教事务委员会,neac,https://mzw.gxzf.gov.cn,,blackhole,alt=https://gxzf.gov.cn/mzw/
guangxi.ga,dept,provincial,广西壮族自治区公安厅,mps,https://ga.gxzf.gov.cn,,blackhole,alt=https://gxzf.gov.cn/ga/
guangxi.at,dept,provincial,广西壮族自治区国家安全厅,mss,https://at.gxzf.gov.cn,,blackhole,alt=https://gxzf.gov.cn/at/
guangxi.mzt,dept,provincial,广西壮族自治区民政厅,mca,https://mzt.gxzf.gov.cn,,blackhole,alt=https://gxzf.gov.cn/mzt/
guangxi.sft,dept,provincial,广西壮族自治区司法厅,moj,https://sft.gxzf.gov.cn,,blackhole,alt=https://gxzf.gov.cn/sft/
guangxi.czt,dept,provincial,广西壮族自治区财政厅,mof,https://czt.gxzf.gov.cn,,proxy_gated,alt=https://gxzf.gov.cn/czt/
guangxi.hrss,dept,provincial,广西壮族自治区人力资源和社会保障厅,mohrss,https://hrss.gxzf.gov.cn,,blackhole,alt=https://gxzf.gov.cn/hrss/
guangxi.zrzyt,dept,provincial,广西壮族自治区自然资源厅,mnr,https://zrzyt.gxzf.gov.cn,,blackhole,alt=https://gxzf.gov.cn/zrzyt/
guangxi.sthjt,dept,provincial,广西壮族自治区生态环境厅,mee,https://sthjt.gxzf.gov.cn,,blackhole,alt=https://gxzf.gov.cn/sthjt/
guangxi.zjt,dept,provincial,广西壮族自治区住房和城乡建设厅,mohurd,https://zjt.gxzf.gov.cn,,blackhole,alt=https://gxzf.gov.cn/zjt/
guangxi.jtyst,dept,provincial,广西壮族自治区交通运输厅,mot,https://jtyst.gxzf.gov.cn,,blackhole,alt=https://gxzf.gov.cn/jtyst/
guangxi.slt,dept,provincial,广西壮族自治区水利厅,mwr,https://slt.gxzf.gov.cn,,blackhole,alt=https://gxzf.gov.cn/slt/
guangxi.nynct,dept,provincial,广西壮族自治区农业农村厅,mara,https://nynct.gxzf.gov.cn,,blackhole,alt=https://gxzf.gov.cn/nynct/
guangxi.swt,dept,provincial,广西壮族自治区商务厅,mofcom,https://swt.gxzf.gov.cn,,blackhole,alt=https://gxzf.gov.cn/swt/
guangxi.whlyt,dept,provincial,广西壮族自治区文化和旅游厅,mct,https://whlyt.gxzf.gov.cn,,blackhole,alt=https://gxzf.gov.cn/whlyt/
guangxi.wjw,dept,provincial,广西壮族自治区卫生健康委员会,nhc,https://wjw.gxzf.gov.cn,,blackhole,alt=https://gxzf.gov.cn/wjw/
guangxi.tyj,dept,provincial,广西壮族自治区退役军人事务厅,mva,https://tyj.gxzf.gov.cn,,blackhole,alt=https://gxzf.gov.cn/tyj/
guangxi.yjt,dept,provincial,广西壮族自治区应急管理厅,mem,https://yjt.gxzf.gov.cn,,blackhole,alt=https://gxzf.gov.cn/yjt/
guangxi.sjt,dept,provincial,广西壮族自治区审计厅,cnao,https://sjt.gxzf.gov.cn,,blackhole,alt=https://gxzf.gov.cn/sjt/
guangxi.wsb,dept,provincial,广西壮族自治区人民政府外事办公室,mfa,https://wsb.gxzf.gov.cn,,blackhole,alt=https://gxzf.gov.cn/wsb/
guangxi.gzw,dept,provincial,广西壮族自治区国有资产监督管理委员会,sasac,https://gzw.gxzf.gov.cn,,blackhole,alt=https://gxzf.gov.cn/gzw/
guangxi.scjgj,dept,provincial,广西壮族自治区市场监督管理局,samr,https://scjgj.gxzf.gov.cn,,blackhole,alt=https://gxzf.gov.cn/scjgj/
guangxi.tjj,dept,provincial,广西壮族自治区统计局,nbs,https://tjj.gxzf.gov.cn,,blackhole,alt=https://gxzf.gov.cn/tjj/
guangxi.ybj,dept,provincial,广西壮族自治区医疗保障局,nhsa,https://ybj.gxzf.gov.cn,,blackhole,alt=https://gxzf.gov.cn/ybj/
guangxi.tyjr,dept,provincial,广西壮族自治区体育局,gas,https://tyjr.gxzf.gov.cn,,blackhole,alt=https://gxzf.gov.cn/tyjr/
guangxi.gbdst,dept,provincial,广西壮族自治区广播电视局,nrta,https://gbdst.gxzf.gov.cn,,blackhole,alt=https://gxzf.gov.cn/gbdst/
guangxi.jrjgj,dept,provincial,广西壮族自治区地方金融监督管理局,nfra,https://jrjgj.gxzf.gov.cn,,blackhole,alt=https://gxzf.gov.cn/jrjgj/
guangxi.sjaqj,dept,provincial,广西壮族自治区政务服务和数据管理局,nda,https://sjaqj.gxzf.gov.cn,,blackhole,alt=https://gxzf.gov.cn/sjaqj/
guangxi.ylj,dept,provincial,广西壮族自治区林业和草原局,forestry,https://ylj.gxzf.gov.cn,,blackhole,alt=https://gxzf.gov.cn/ylj/
guangxi.nyj,dept,provincial,广西壮族自治区能源局,nea,https://nyj.gxzf.gov.cn,,blackhole,alt=https://gxzf.gov.cn/nyj/
guangxi.yjglj,dept,provincial,广西壮族自治区药品监督管理局,nmpa,https://yjglj.gxzf.gov.cn,,blackhole,alt=https://gxzf.gov.cn/yjglj/
guangxi.zscqj,dept,provincial,广西壮族自治区知识产权局,cnipa,https://zscqj.gxzf.gov.cn,,blackhole,alt=https://gxzf.gov.cn/zscqj/
guangxi.xfj,dept,provincial,广西壮族自治区信访局,xinfang,https://xfj.gxzf.gov.cn,,blackhole,alt=https://gxzf.gov.cn/xfj/
guangxi.jgswglj,dept,provincial,广西壮族自治区机关事务管理局,ggj,https://jgswglj.gxzf.gov.cn,,blackhole,alt=https://gxzf.gov.cn/jgswglj/
guangxi.tax,dept,provincial,国家税务总局广西壮族自治区税务局,chinatax,https://tax.gxzf.gov.cn,,blackhole,alt=https://gxzf.gov.cn/tax/
guangxi.customs,dept,provincial,广西壮族自治区海关,gacc,https://customs.gxzf.gov.cn,,blackhole,alt=https://gxzf.gov.cn/customs/
guangxi.pboc_br,dept,provincial,中国人民银行广西壮族自治区分行,pbc,https://pboc_br.gxzf.gov.cn,,blackhole,alt=https://gxzf.gov.cn/pboc_br/
guangxi.p_office,dept,provincial,中共广西壮族自治区委员会办公厅,cpc_general_office,https://p_office.gxzf.gov.cn,,blackhole,alt=https://gxzf.gov.cn/p_office/
guangxi.p_org,dept,provincial,中共广西壮族自治区委组织部,cpc_org_dept,https://p_org.gxzf.gov.cn,,blackhole,alt=https://gxzf.gov.cn/p_org/
guangxi.p_prop,dept,provincial,中共广西壮族自治区委宣传部,cpc_propaganda,https://p_prop.gxzf.gov.cn,,blackhole,alt=https://gxzf.gov.cn/p_prop/
guangxi.p_ufwd,dept,provincial,中共广西壮族自治区委统战部,cpc_united_front,https://p_ufwd.gxzf.gov.cn,,blackhole,alt=https://gxzf.gov.cn/p_ufwd/
guangxi.p_plac,dept,provincial,中共广西壮族自治区委政法委员会,cpc_plac,https://p_plac.gxzf.gov.cn,,blackhole,alt=https://gxzf.gov.cn/p_plac/
guangxi.p_cyber,dept,provincial,广西壮族自治区委网信办,cac,https://p_cyber.gxzf.gov.cn,,blackhole,alt=https://gxzf.gov.cn/p_cyber/
guangxi.p_ccdi,dept,provincial,中共广西壮族自治区纪委监委,cpc_ccdi_nsc,https://p_ccdi.gxzf.gov.cn,,blackhole,alt=https://gxzf.gov.cn/p_ccdi/
geo.tibet,geo,provincial,西藏自治区人民政府,,https://xizang.gov.cn,xizang,crawled,province portal
tibet.fgw,dept,provincial,西藏自治区发展和改革委员会,ndrc,https://fgw.xizang.gov.cn,,blackhole,alt=https://xizang.gov.cn/fgw/
tibet.edu,dept,provincial,西藏自治区教育厅,moe,https://edu.xizang.gov.cn,,blackhole,alt=https://xizang.gov.cn/edu/
tibet.kjt,dept,provincial,西藏自治区科学技术厅,most,https://kjt.xizang.gov.cn,,blackhole,alt=https://xizang.gov.cn/kjt/
tibet.gxt,dept,provincial,西藏自治区工业和信息化厅,miit,https://gxt.xizang.gov.cn,,blackhole,alt=https://xizang.gov.cn/gxt/
tibet.mzw,dept,provincial,西藏自治区民族宗教事务委员会,neac,https://mzw.xizang.gov.cn,,blackhole,alt=https://xizang.gov.cn/mzw/
tibet.ga,dept,provincial,西藏自治区公安厅,mps,https://ga.xizang.gov.cn,,blackhole,alt=https://xizang.gov.cn/ga/
tibet.at,dept,provincial,西藏自治区国家安全厅,mss,https://at.xizang.gov.cn,,blackhole,alt=https://xizang.gov.cn/at/
tibet.mzt,dept,provincial,西藏自治区民政厅,mca,https://mzt.xizang.gov.cn,xz_mzt,crawled,alt=https://xizang.gov.cn/mzt/
tibet.sft,dept,provincial,西藏自治区司法厅,moj,https://sft.xizang.gov.cn,xz_sft,crawled,alt=https://xizang.gov.cn/sft/
tibet.czt,dept,provincial,西藏自治区财政厅,mof,https://czt.xizang.gov.cn,,blackhole,alt=https://xizang.gov.cn/czt/
tibet.hrss,dept,provincial,西藏自治区人力资源和社会保障厅,mohrss,https://hrss.xizang.gov.cn,xz_hrss,crawled,alt=https://xizang.gov.cn/hrss/
tibet.zrzyt,dept,provincial,西藏自治区自然资源厅,mnr,https://zrzyt.xizang.gov.cn,xz_zrzyt,crawled,alt=https://xizang.gov.cn/zrzyt/
tibet.sthjt,dept,provincial,西藏自治区生态环境厅,mee,https://sthjt.xizang.gov.cn,,blackhole,alt=https://xizang.gov.cn/sthjt/
tibet.zjt,dept,provincial,西藏自治区住房和城乡建设厅,mohurd,https://zjt.xizang.gov.cn,,reachable_uncrawled,alt=https://xizang.gov.cn/zjt/
tibet.jtyst,dept,provincial,西藏自治区交通运输厅,mot,https://jtyst.xizang.gov.cn,,blackhole,alt=https://xizang.gov.cn/jtyst/
tibet.slt,dept,provincial,西藏自治区水利厅,mwr,https://slt.xizang.gov.cn,,blackhole,alt=https://xizang.gov.cn/slt/
tibet.nynct,dept,provincial,西藏自治区农业农村厅,mara,https://nynct.xizang.gov.cn,xz_nynct,crawled,alt=https://xizang.gov.cn/nynct/
tibet.swt,dept,provincial,西藏自治区商务厅,mofcom,https://swt.xizang.gov.cn,xz_swt,crawled,alt=https://xizang.gov.cn/swt/
tibet.whlyt,dept,provincial,西藏自治区文化和旅游厅,mct,https://whlyt.xizang.gov.cn,,blackhole,alt=https://xizang.gov.cn/whlyt/
tibet.wjw,dept,provincial,西藏自治区卫生健康委员会,nhc,https://wjw.xizang.gov.cn,xz_wjw,crawled,alt=https://xizang.gov.cn/wjw/
tibet.tyj,dept,provincial,西藏自治区退役军人事务厅,mva,https://tyj.xizang.gov.cn,,blackhole,alt=https://xizang.gov.cn/tyj/
tibet.yjt,dept,provincial,西藏自治区应急管理厅,mem,https://yjt.xizang.gov.cn,,blackhole,alt=https://xizang.gov.cn/yjt/
tibet.sjt,dept,provincial,西藏自治区审计厅,cnao,https://sjt.xizang.gov.cn,xz_sjt,crawled,alt=https://xizang.gov.cn/sjt/
tibet.wsb,dept,provincial,西藏自治区人民政府外事办公室,mfa,https://wsb.xizang.gov.cn,,reachable_uncrawled,alt=https://xizang.gov.cn/wsb/
tibet.gzw,dept,provincial,西藏自治区国有资产监督管理委员会,sasac,https://gzw.xizang.gov.cn,,blackhole,alt=https://xizang.gov.cn/gzw/
tibet.scjgj,dept,provincial,西藏自治区市场监督管理局,samr,https://scjgj.xizang.gov.cn,,blackhole,alt=https://xizang.gov.cn/scjgj/
tibet.tjj,dept,provincial,西藏自治区统计局,nbs,https://tjj.xizang.gov.cn,xz_tjj,crawled,alt=https://xizang.gov.cn/tjj/
tibet.ybj,dept,provincial,西藏自治区医疗保障局,nhsa,https://ybj.xizang.gov.cn,,blackhole,alt=https://xizang.gov.cn/ybj/
tibet.tyjr,dept,provincial,西藏自治区体育局,gas,https://tyjr.xizang.gov.cn,xz_tyjr,crawled,alt=https://xizang.gov.cn/tyjr/
tibet.gbdst,dept,provincial,西藏自治区广播电视局,nrta,https://gbdst.xizang.gov.cn,,blackhole,alt=https://xizang.gov.cn/gbdst/
tibet.jrjgj,dept,provincial,西藏自治区地方金融监督管理局,nfra,https://jrjgj.xizang.gov.cn,,blackhole,alt=https://xizang.gov.cn/jrjgj/
tibet.sjaqj,dept,provincial,西藏自治区政务服务和数据管理局,nda,https://sjaqj.xizang.gov.cn,,blackhole,alt=https://xizang.gov.cn/sjaqj/
tibet.ylj,dept,provincial,西藏自治区林业和草原局,forestry,https://ylj.xizang.gov.cn,,blackhole,alt=https://xizang.gov.cn/ylj/
tibet.nyj,dept,provincial,西藏自治区能源局,nea,https://nyj.xizang.gov.cn,,blackhole,alt=https://xizang.gov.cn/nyj/
tibet.yjglj,dept,provincial,西藏自治区药品监督管理局,nmpa,https://yjglj.xizang.gov.cn,,blackhole,alt=https://xizang.gov.cn/yjglj/
tibet.zscqj,dept,provincial,西藏自治区知识产权局,cnipa,https://zscqj.xizang.gov.cn,,blackhole,alt=https://xizang.gov.cn/zscqj/
tibet.xfj,dept,provincial,西藏自治区信访局,xinfang,https://xfj.xizang.gov.cn,,blackhole,alt=https://xizang.gov.cn/xfj/
tibet.jgswglj,dept,provincial,西藏自治区机关事务管理局,ggj,https://jgswglj.xizang.gov.cn,,blackhole,alt=https://xizang.gov.cn/jgswglj/
tibet.tax,dept,provincial,国家税务总局西藏自治区税务局,chinatax,https://tax.xizang.gov.cn,,blackhole,alt=https://xizang.gov.cn/tax/
tibet.customs,dept,provincial,西藏自治区海关,gacc,https://customs.xizang.gov.cn,,blackhole,alt=https://xizang.gov.cn/customs/
tibet.pboc_br,dept,provincial,中国人民银行西藏自治区分行,pbc,https://pboc_br.xizang.gov.cn,,blackhole,alt=https://xizang.gov.cn/pboc_br/
tibet.p_office,dept,provincial,中共西藏自治区委员会办公厅,cpc_general_office,https://p_office.xizang.gov.cn,,blackhole,alt=https://xizang.gov.cn/p_office/
tibet.p_org,dept,provincial,中共西藏自治区委组织部,cpc_org_dept,https://p_org.xizang.gov.cn,,blackhole,alt=https://xizang.gov.cn/p_org/
tibet.p_prop,dept,provincial,中共西藏自治区委宣传部,cpc_propaganda,https://p_prop.xizang.gov.cn,,blackhole,alt=https://xizang.gov.cn/p_prop/
tibet.p_ufwd,dept,provincial,中共西藏自治区委统战部,cpc_united_front,https://p_ufwd.xizang.gov.cn,,blackhole,alt=https://xizang.gov.cn/p_ufwd/
tibet.p_plac,dept,provincial,中共西藏自治区委政法委员会,cpc_plac,https://p_plac.xizang.gov.cn,,blackhole,alt=https://xizang.gov.cn/p_plac/
tibet.p_cyber,dept,provincial,西藏自治区委网信办,cac,https://p_cyber.xizang.gov.cn,,blackhole,alt=https://xizang.gov.cn/p_cyber/
tibet.p_ccdi,dept,provincial,中共西藏自治区纪委监委,cpc_ccdi_nsc,https://p_ccdi.xizang.gov.cn,,blackhole,alt=https://xizang.gov.cn/p_ccdi/
geo.ningxia,geo,provincial,宁夏回族自治区人民政府,,https://nx.gov.cn,ningxia,crawled,province portal
ningxia.fgw,dept,provincial,宁夏回族自治区发展和改革委员会,ndrc,https://fgw.nx.gov.cn,,blackhole,alt=https://nx.gov.cn/fgw/
ningxia.edu,dept,provincial,宁夏回族自治区教育厅,moe,https://edu.nx.gov.cn,,blackhole,alt=https://nx.gov.cn/edu/
ningxia.kjt,dept,provincial,宁夏回族自治区科学技术厅,most,https://kjt.nx.gov.cn,nx_kjt,crawled,alt=https://nx.gov.cn/kjt/
ningxia.gxt,dept,provincial,宁夏回族自治区工业和信息化厅,miit,https://gxt.nx.gov.cn,nx_gxt,crawled,alt=https://nx.gov.cn/gxt/
ningxia.mzw,dept,provincial,宁夏回族自治区民族宗教事务委员会,neac,https://mzw.nx.gov.cn,,blackhole,alt=https://nx.gov.cn/mzw/
ningxia.ga,dept,provincial,宁夏回族自治区公安厅,mps,https://ga.nx.gov.cn,,blackhole,alt=https://nx.gov.cn/ga/
ningxia.at,dept,provincial,宁夏回族自治区国家安全厅,mss,https://at.nx.gov.cn,,blackhole,alt=https://nx.gov.cn/at/
ningxia.mzt,dept,provincial,宁夏回族自治区民政厅,mca,https://mzt.nx.gov.cn,,blackhole,alt=https://nx.gov.cn/mzt/
ningxia.sft,dept,provincial,宁夏回族自治区司法厅,moj,https://sft.nx.gov.cn,nx_sft,crawled,alt=https://nx.gov.cn/sft/
ningxia.czt,dept,provincial,宁夏回族自治区财政厅,mof,https://czt.nx.gov.cn,nx_czt,crawled,alt=https://nx.gov.cn/czt/
ningxia.hrss,dept,provincial,宁夏回族自治区人力资源和社会保障厅,mohrss,https://hrss.nx.gov.cn,nx_hrss,crawled,alt=https://nx.gov.cn/hrss/
ningxia.zrzyt,dept,provincial,宁夏回族自治区自然资源厅,mnr,https://zrzyt.nx.gov.cn,nx_zrzyt,crawled,alt=https://nx.gov.cn/zrzyt/
ningxia.sthjt,dept,provincial,宁夏回族自治区生态环境厅,mee,https://sthjt.nx.gov.cn,nx_sthjt,crawled,alt=https://nx.gov.cn/sthjt/
ningxia.zjt,dept,provincial,宁夏回族自治区住房和城乡建设厅,mohurd,https://zjt.nx.gov.cn,,blackhole,alt=https://nx.gov.cn/zjt/
ningxia.jtyst,dept,provincial,宁夏回族自治区交通运输厅,mot,https://jtyst.nx.gov.cn,,blackhole,alt=https://nx.gov.cn/jtyst/
ningxia.slt,dept,provincial,宁夏回族自治区水利厅,mwr,https://slt.nx.gov.cn,,reachable_uncrawled,alt=https://nx.gov.cn/slt/
ningxia.nynct,dept,provincial,宁夏回族自治区农业农村厅,mara,https://nynct.nx.gov.cn,nx_nynct,crawled,alt=https://nx.gov.cn/nynct/
ningxia.swt,dept,provincial,宁夏回族自治区商务厅,mofcom,https://swt.nx.gov.cn,,blackhole,alt=https://nx.gov.cn/swt/
ningxia.whlyt,dept,provincial,宁夏回族自治区文化和旅游厅,mct,https://whlyt.nx.gov.cn,,blackhole,alt=https://nx.gov.cn/whlyt/
ningxia.wjw,dept,provincial,宁夏回族自治区卫生健康委员会,nhc,https://wjw.nx.gov.cn,,blackhole,alt=https://nx.gov.cn/wjw/
ningxia.tyj,dept,provincial,宁夏回族自治区退役军人事务厅,mva,https://tyj.nx.gov.cn,,blackhole,alt=https://nx.gov.cn/tyj/
ningxia.yjt,dept,provincial,宁夏回族自治区应急管理厅,mem,https://yjt.nx.gov.cn,,blackhole,alt=https://nx.gov.cn/yjt/
ningxia.sjt,dept,provincial,宁夏回族自治区审计厅,cnao,https://sjt.nx.gov.cn,nx_sjt,crawled,alt=https://nx.gov.cn/sjt/
ningxia.wsb,dept,provincial,宁夏回族自治区人民政府外事办公室,mfa,https://wsb.nx.gov.cn,,blackhole,alt=https://nx.gov.cn/wsb/
ningxia.gzw,dept,provincial,宁夏回族自治区国有资产监督管理委员会,sasac,https://gzw.nx.gov.cn,,blackhole,alt=https://nx.gov.cn/gzw/
ningxia.scjgj,dept,provincial,宁夏回族自治区市场监督管理局,samr,https://scjgj.nx.gov.cn,,blackhole,alt=https://nx.gov.cn/scjgj/
ningxia.tjj,dept,provincial,宁夏回族自治区统计局,nbs,https://tjj.nx.gov.cn,,blackhole,alt=https://nx.gov.cn/tjj/
ningxia.ybj,dept,provincial,宁夏回族自治区医疗保障局,nhsa,https://ybj.nx.gov.cn,,blackhole,alt=https://nx.gov.cn/ybj/
ningxia.tyjr,dept,provincial,宁夏回族自治区体育局,gas,https://tyjr.nx.gov.cn,,blackhole,alt=https://nx.gov.cn/tyjr/
ningxia.gbdst,dept,provincial,宁夏回族自治区广播电视局,nrta,https://gbdst.nx.gov.cn,,blackhole,alt=https://nx.gov.cn/gbdst/
ningxia.jrjgj,dept,provincial,宁夏回族自治区地方金融监督管理局,nfra,https://jrjgj.nx.gov.cn,,blackhole,alt=https://nx.gov.cn/jrjgj/
ningxia.sjaqj,dept,provincial,宁夏回族自治区政务服务和数据管理局,nda,https://sjaqj.nx.gov.cn,,blackhole,alt=https://nx.gov.cn/sjaqj/
ningxia.ylj,dept,provincial,宁夏回族自治区林业和草原局,forestry,https://ylj.nx.gov.cn,,blackhole,alt=https://nx.gov.cn/ylj/
ningxia.nyj,dept,provincial,宁夏回族自治区能源局,nea,https://nyj.nx.gov.cn,,blackhole,alt=https://nx.gov.cn/nyj/
ningxia.yjglj,dept,provincial,宁夏回族自治区药品监督管理局,nmpa,https://yjglj.nx.gov.cn,,blackhole,alt=https://nx.gov.cn/yjglj/
ningxia.zscqj,dept,provincial,宁夏回族自治区知识产权局,cnipa,https://zscqj.nx.gov.cn,,blackhole,alt=https://nx.gov.cn/zscqj/
ningxia.xfj,dept,provincial,宁夏回族自治区信访局,xinfang,https://xfj.nx.gov.cn,,blackhole,alt=https://nx.gov.cn/xfj/
ningxia.jgswglj,dept,provincial,宁夏回族自治区机关事务管理局,ggj,https://jgswglj.nx.gov.cn,,blackhole,alt=https://nx.gov.cn/jgswglj/
ningxia.tax,dept,provincial,国家税务总局宁夏回族自治区税务局,chinatax,https://tax.nx.gov.cn,,blackhole,alt=https://nx.gov.cn/tax/
ningxia.customs,dept,provincial,宁夏回族自治区海关,gacc,https://customs.nx.gov.cn,,blackhole,alt=https://nx.gov.cn/customs/
ningxia.pboc_br,dept,provincial,中国人民银行宁夏回族自治区分行,pbc,https://pboc_br.nx.gov.cn,,blackhole,alt=https://nx.gov.cn/pboc_br/
ningxia.p_office,dept,provincial,中共宁夏回族自治区委员会办公厅,cpc_general_office,https://p_office.nx.gov.cn,,blackhole,alt=https://nx.gov.cn/p_office/
ningxia.p_org,dept,provincial,中共宁夏回族自治区委组织部,cpc_org_dept,https://p_org.nx.gov.cn,,blackhole,alt=https://nx.gov.cn/p_org/
ningxia.p_prop,dept,provincial,中共宁夏回族自治区委宣传部,cpc_propaganda,https://p_prop.nx.gov.cn,,blackhole,alt=https://nx.gov.cn/p_prop/
ningxia.p_ufwd,dept,provincial,中共宁夏回族自治区委统战部,cpc_united_front,https://p_ufwd.nx.gov.cn,,blackhole,alt=https://nx.gov.cn/p_ufwd/
ningxia.p_plac,dept,provincial,中共宁夏回族自治区委政法委员会,cpc_plac,https://p_plac.nx.gov.cn,,blackhole,alt=https://nx.gov.cn/p_plac/
ningxia.p_cyber,dept,provincial,宁夏回族自治区委网信办,cac,https://p_cyber.nx.gov.cn,,blackhole,alt=https://nx.gov.cn/p_cyber/
ningxia.p_ccdi,dept,provincial,中共宁夏回族自治区纪委监委,cpc_ccdi_nsc,https://p_ccdi.nx.gov.cn,,blackhole,alt=https://nx.gov.cn/p_ccdi/
geo.xinjiang,geo,provincial,新疆维吾尔自治区人民政府,,https://xinjiang.gov.cn,xinjiang,crawled,province portal
xinjiang.fgw,dept,provincial,新疆维吾尔自治区发展和改革委员会,ndrc,https://fgw.xinjiang.gov.cn,,blackhole,alt=https://xinjiang.gov.cn/fgw/
xinjiang.edu,dept,provincial,新疆维吾尔自治区教育厅,moe,https://edu.xinjiang.gov.cn,,blackhole,alt=https://xinjiang.gov.cn/edu/
xinjiang.kjt,dept,provincial,新疆维吾尔自治区科学技术厅,most,https://kjt.xinjiang.gov.cn,,reachable_uncrawled,alt=https://xinjiang.gov.cn/kjt/
xinjiang.gxt,dept,provincial,新疆维吾尔自治区工业和信息化厅,miit,https://gxt.xinjiang.gov.cn,,reachable_uncrawled,alt=https://xinjiang.gov.cn/gxt/
xinjiang.mzw,dept,provincial,新疆维吾尔自治区民族宗教事务委员会,neac,https://mzw.xinjiang.gov.cn,,blackhole,alt=https://xinjiang.gov.cn/mzw/
xinjiang.ga,dept,provincial,新疆维吾尔自治区公安厅,mps,https://ga.xinjiang.gov.cn,,blackhole,alt=https://xinjiang.gov.cn/ga/
xinjiang.at,dept,provincial,新疆维吾尔自治区国家安全厅,mss,https://at.xinjiang.gov.cn,,blackhole,alt=https://xinjiang.gov.cn/at/
xinjiang.mzt,dept,provincial,新疆维吾尔自治区民政厅,mca,https://mzt.xinjiang.gov.cn,,reachable_uncrawled,alt=https://xinjiang.gov.cn/mzt/
xinjiang.sft,dept,provincial,新疆维吾尔自治区司法厅,moj,https://sft.xinjiang.gov.cn,,reachable_uncrawled,alt=https://xinjiang.gov.cn/sft/
xinjiang.czt,dept,provincial,新疆维吾尔自治区财政厅,mof,https://czt.xinjiang.gov.cn,,reachable_uncrawled,alt=https://xinjiang.gov.cn/czt/
xinjiang.hrss,dept,provincial,新疆维吾尔自治区人力资源和社会保障厅,mohrss,https://hrss.xinjiang.gov.cn,,blackhole,alt=https://xinjiang.gov.cn/hrss/
xinjiang.zrzyt,dept,provincial,新疆维吾尔自治区自然资源厅,mnr,https://zrzyt.xinjiang.gov.cn,,reachable_uncrawled,alt=https://xinjiang.gov.cn/zrzyt/
xinjiang.sthjt,dept,provincial,新疆维吾尔自治区生态环境厅,mee,https://sthjt.xinjiang.gov.cn,,reachable_uncrawled,alt=https://xinjiang.gov.cn/sthjt/
xinjiang.zjt,dept,provincial,新疆维吾尔自治区住房和城乡建设厅,mohurd,https://zjt.xinjiang.gov.cn,,reachable_uncrawled,alt=https://xinjiang.gov.cn/zjt/
xinjiang.jtyst,dept,provincial,新疆维吾尔自治区交通运输厅,mot,https://jtyst.xinjiang.gov.cn,,reachable_uncrawled,alt=https://xinjiang.gov.cn/jtyst/
xinjiang.slt,dept,provincial,新疆维吾尔自治区水利厅,mwr,https://slt.xinjiang.gov.cn,,reachable_uncrawled,alt=https://xinjiang.gov.cn/slt/
xinjiang.nynct,dept,provincial,新疆维吾尔自治区农业农村厅,mara,https://nynct.xinjiang.gov.cn,,reachable_uncrawled,alt=https://xinjiang.gov.cn/nynct/
xinjiang.swt,dept,provincial,新疆维吾尔自治区商务厅,mofcom,https://swt.xinjiang.gov.cn,,reachable_uncrawled,alt=https://xinjiang.gov.cn/swt/
xinjiang.whlyt,dept,provincial,新疆维吾尔自治区文化和旅游厅,mct,https://whlyt.xinjiang.gov.cn,,blackhole,alt=https://xinjiang.gov.cn/whlyt/
xinjiang.wjw,dept,provincial,新疆维吾尔自治区卫生健康委员会,nhc,https://wjw.xinjiang.gov.cn,,reachable_uncrawled,alt=https://xinjiang.gov.cn/wjw/
xinjiang.tyj,dept,provincial,新疆维吾尔自治区退役军人事务厅,mva,https://tyj.xinjiang.gov.cn,,reachable_uncrawled,alt=https://xinjiang.gov.cn/tyj/
xinjiang.yjt,dept,provincial,新疆维吾尔自治区应急管理厅,mem,https://yjt.xinjiang.gov.cn,,blackhole,alt=https://xinjiang.gov.cn/yjt/
xinjiang.sjt,dept,provincial,新疆维吾尔自治区审计厅,cnao,https://sjt.xinjiang.gov.cn,,reachable_uncrawled,alt=https://xinjiang.gov.cn/sjt/
xinjiang.wsb,dept,provincial,新疆维吾尔自治区人民政府外事办公室,mfa,https://wsb.xinjiang.gov.cn,,blackhole,alt=https://xinjiang.gov.cn/wsb/
xinjiang.gzw,dept,provincial,新疆维吾尔自治区国有资产监督管理委员会,sasac,https://gzw.xinjiang.gov.cn,,reachable_uncrawled,alt=https://xinjiang.gov.cn/gzw/
xinjiang.scjgj,dept,provincial,新疆维吾尔自治区市场监督管理局,samr,https://scjgj.xinjiang.gov.cn,,reachable_uncrawled,alt=https://xinjiang.gov.cn/scjgj/
xinjiang.tjj,dept,provincial,新疆维吾尔自治区统计局,nbs,https://tjj.xinjiang.gov.cn,,reachable_uncrawled,alt=https://xinjiang.gov.cn/tjj/
xinjiang.ybj,dept,provincial,新疆维吾尔自治区医疗保障局,nhsa,https://ybj.xinjiang.gov.cn,,blackhole,alt=https://xinjiang.gov.cn/ybj/
xinjiang.tyjr,dept,provincial,新疆维吾尔自治区体育局,gas,https://tyjr.xinjiang.gov.cn,,reachable_uncrawled,alt=https://xinjiang.gov.cn/tyjr/
xinjiang.gbdst,dept,provincial,新疆维吾尔自治区广播电视局,nrta,https://gbdst.xinjiang.gov.cn,,blackhole,alt=https://xinjiang.gov.cn/gbdst/
xinjiang.jrjgj,dept,provincial,新疆维吾尔自治区地方金融监督管理局,nfra,https://jrjgj.xinjiang.gov.cn,,reachable_uncrawled,alt=https://xinjiang.gov.cn/jrjgj/
xinjiang.sjaqj,dept,provincial,新疆维吾尔自治区政务服务和数据管理局,nda,https://sjaqj.xinjiang.gov.cn,,blackhole,alt=https://xinjiang.gov.cn/sjaqj/
xinjiang.ylj,dept,provincial,新疆维吾尔自治区林业和草原局,forestry,https://ylj.xinjiang.gov.cn,,blackhole,alt=https://xinjiang.gov.cn/ylj/
xinjiang.nyj,dept,provincial,新疆维吾尔自治区能源局,nea,https://nyj.xinjiang.gov.cn,,blackhole,alt=https://xinjiang.gov.cn/nyj/
xinjiang.yjglj,dept,provincial,新疆维吾尔自治区药品监督管理局,nmpa,https://yjglj.xinjiang.gov.cn,,blackhole,alt=https://xinjiang.gov.cn/yjglj/
xinjiang.zscqj,dept,provincial,新疆维吾尔自治区知识产权局,cnipa,https://zscqj.xinjiang.gov.cn,,blackhole,alt=https://xinjiang.gov.cn/zscqj/
xinjiang.xfj,dept,provincial,新疆维吾尔自治区信访局,xinfang,https://xfj.xinjiang.gov.cn,,reachable_uncrawled,alt=https://xinjiang.gov.cn/xfj/
xinjiang.jgswglj,dept,provincial,新疆维吾尔自治区机关事务管理局,ggj,https://jgswglj.xinjiang.gov.cn,,blackhole,alt=https://xinjiang.gov.cn/jgswglj/
xinjiang.tax,dept,provincial,国家税务总局新疆维吾尔自治区税务局,chinatax,https://tax.xinjiang.gov.cn,,blackhole,alt=https://xinjiang.gov.cn/tax/
xinjiang.customs,dept,provincial,新疆维吾尔自治区海关,gacc,https://customs.xinjiang.gov.cn,,blackhole,alt=https://xinjiang.gov.cn/customs/
xinjiang.pboc_br,dept,provincial,中国人民银行新疆维吾尔自治区分行,pbc,https://pboc_br.xinjiang.gov.cn,,blackhole,alt=https://xinjiang.gov.cn/pboc_br/
xinjiang.p_office,dept,provincial,中共新疆维吾尔自治区委员会办公厅,cpc_general_office,https://p_office.xinjiang.gov.cn,,blackhole,alt=https://xinjiang.gov.cn/p_office/
xinjiang.p_org,dept,provincial,中共新疆维吾尔自治区委组织部,cpc_org_dept,https://p_org.xinjiang.gov.cn,,blackhole,alt=https://xinjiang.gov.cn/p_org/
xinjiang.p_prop,dept,provincial,中共新疆维吾尔自治区委宣传部,cpc_propaganda,https://p_prop.xinjiang.gov.cn,,blackhole,alt=https://xinjiang.gov.cn/p_prop/
xinjiang.p_ufwd,dept,provincial,中共新疆维吾尔自治区委统战部,cpc_united_front,https://p_ufwd.xinjiang.gov.cn,,blackhole,alt=https://xinjiang.gov.cn/p_ufwd/
xinjiang.p_plac,dept,provincial,中共新疆维吾尔自治区委政法委员会,cpc_plac,https://p_plac.xinjiang.gov.cn,,blackhole,alt=https://xinjiang.gov.cn/p_plac/
xinjiang.p_cyber,dept,provincial,新疆维吾尔自治区委网信办,cac,https://p_cyber.xinjiang.gov.cn,,blackhole,alt=https://xinjiang.gov.cn/p_cyber/
xinjiang.p_ccdi,dept,provincial,中共新疆维吾尔自治区纪委监委,cpc_ccdi_nsc,https://p_ccdi.xinjiang.gov.cn,,blackhole,alt=https://xinjiang.gov.cn/p_ccdi/
geo.beijing,geo,provincial,北京市人民政府,,https://beijing.gov.cn,bj,crawled,province portal
beijing.fgw,dept,provincial,北京市发展和改革委员会,ndrc,https://fgw.beijing.gov.cn,bjb_fgw,crawled,alt=https://beijing.gov.cn/fgw/
beijing.edu,dept,provincial,北京市教育厅,moe,https://edu.beijing.gov.cn,,blackhole,alt=https://beijing.gov.cn/edu/
beijing.kjt,dept,provincial,北京市科学技术厅,most,https://kjt.beijing.gov.cn,,blackhole,alt=https://beijing.gov.cn/kjt/
beijing.gxt,dept,provincial,北京市工业和信息化厅,miit,https://gxt.beijing.gov.cn,,blackhole,alt=https://beijing.gov.cn/gxt/
beijing.mzw,dept,provincial,北京市民族宗教事务委员会,neac,https://mzw.beijing.gov.cn,,blackhole,alt=https://beijing.gov.cn/mzw/
beijing.ga,dept,provincial,北京市公安厅,mps,https://ga.beijing.gov.cn,,blackhole,alt=https://beijing.gov.cn/ga/
beijing.at,dept,provincial,北京市国家安全厅,mss,https://at.beijing.gov.cn,,blackhole,alt=https://beijing.gov.cn/at/
beijing.mzt,dept,provincial,北京市民政厅,mca,https://mzt.beijing.gov.cn,,blackhole,alt=https://beijing.gov.cn/mzt/
beijing.sft,dept,provincial,北京市司法厅,moj,https://sft.beijing.gov.cn,,blackhole,alt=https://beijing.gov.cn/sft/
beijing.czt,dept,provincial,北京市财政厅,mof,https://czt.beijing.gov.cn,,blackhole,alt=https://beijing.gov.cn/czt/
beijing.hrss,dept,provincial,北京市人力资源和社会保障厅,mohrss,https://hrss.beijing.gov.cn,,blackhole,alt=https://beijing.gov.cn/hrss/
beijing.zrzyt,dept,provincial,北京市自然资源厅,mnr,https://zrzyt.beijing.gov.cn,,blackhole,alt=https://beijing.gov.cn/zrzyt/
beijing.sthjt,dept,provincial,北京市生态环境厅,mee,https://sthjt.beijing.gov.cn,,blackhole,alt=https://beijing.gov.cn/sthjt/
beijing.zjt,dept,provincial,北京市住房和城乡建设厅,mohurd,https://zjt.beijing.gov.cn,,blackhole,alt=https://beijing.gov.cn/zjt/
beijing.jtyst,dept,provincial,北京市交通运输厅,mot,https://jtyst.beijing.gov.cn,,blackhole,alt=https://beijing.gov.cn/jtyst/
beijing.slt,dept,provincial,北京市水利厅,mwr,https://slt.beijing.gov.cn,,blackhole,alt=https://beijing.gov.cn/slt/
beijing.nynct,dept,provincial,北京市农业农村厅,mara,https://nynct.beijing.gov.cn,,blackhole,alt=https://beijing.gov.cn/nynct/
beijing.swt,dept,provincial,北京市商务厅,mofcom,https://swt.beijing.gov.cn,,blackhole,alt=https://beijing.gov.cn/swt/
beijing.whlyt,dept,provincial,北京市文化和旅游厅,mct,https://whlyt.beijing.gov.cn,,blackhole,alt=https://beijing.gov.cn/whlyt/
beijing.wjw,dept,provincial,北京市卫生健康委员会,nhc,https://wjw.beijing.gov.cn,bjb_wjw,crawled,alt=https://beijing.gov.cn/wjw/
beijing.tyj,dept,provincial,北京市退役军人事务厅,mva,https://tyj.beijing.gov.cn,,reachable_uncrawled,alt=https://beijing.gov.cn/tyj/
beijing.yjt,dept,provincial,北京市应急管理厅,mem,https://yjt.beijing.gov.cn,,blackhole,alt=https://beijing.gov.cn/yjt/
beijing.sjt,dept,provincial,北京市审计厅,cnao,https://sjt.beijing.gov.cn,,blackhole,alt=https://beijing.gov.cn/sjt/
beijing.wsb,dept,provincial,北京市人民政府外事办公室,mfa,https://wsb.beijing.gov.cn,,blackhole,alt=https://beijing.gov.cn/wsb/
beijing.gzw,dept,provincial,北京市国有资产监督管理委员会,sasac,https://gzw.beijing.gov.cn,,reachable_uncrawled,alt=https://beijing.gov.cn/gzw/
beijing.scjgj,dept,provincial,北京市市场监督管理局,samr,https://scjgj.beijing.gov.cn,bjb_scjgj,crawled,alt=https://beijing.gov.cn/scjgj/
beijing.tjj,dept,provincial,北京市统计局,nbs,https://tjj.beijing.gov.cn,bjb_tjj,crawled,alt=https://beijing.gov.cn/tjj/
beijing.ybj,dept,provincial,北京市医疗保障局,nhsa,https://ybj.beijing.gov.cn,bjb_ybj,crawled,alt=https://beijing.gov.cn/ybj/
beijing.tyjr,dept,provincial,北京市体育局,gas,https://tyjr.beijing.gov.cn,,blackhole,alt=https://beijing.gov.cn/tyjr/
beijing.gbdst,dept,provincial,北京市广播电视局,nrta,https://gbdst.beijing.gov.cn,,blackhole,alt=https://beijing.gov.cn/gbdst/
beijing.jrjgj,dept,provincial,北京市地方金融监督管理局,nfra,https://jrjgj.beijing.gov.cn,,blackhole,alt=https://beijing.gov.cn/jrjgj/
beijing.sjaqj,dept,provincial,北京市政务服务和数据管理局,nda,https://sjaqj.beijing.gov.cn,,blackhole,alt=https://beijing.gov.cn/sjaqj/
beijing.ylj,dept,provincial,北京市林业和草原局,forestry,https://ylj.beijing.gov.cn,,blackhole,alt=https://beijing.gov.cn/ylj/
beijing.nyj,dept,provincial,北京市能源局,nea,https://nyj.beijing.gov.cn,,blackhole,alt=https://beijing.gov.cn/nyj/
beijing.yjglj,dept,provincial,北京市药品监督管理局,nmpa,https://yjglj.beijing.gov.cn,,reachable_uncrawled,alt=https://beijing.gov.cn/yjglj/
beijing.zscqj,dept,provincial,北京市知识产权局,cnipa,https://zscqj.beijing.gov.cn,,reachable_uncrawled,alt=https://beijing.gov.cn/zscqj/
beijing.xfj,dept,provincial,北京市信访局,xinfang,https://xfj.beijing.gov.cn,,blackhole,alt=https://beijing.gov.cn/xfj/
beijing.jgswglj,dept,provincial,北京市机关事务管理局,ggj,https://jgswglj.beijing.gov.cn,,blackhole,alt=https://beijing.gov.cn/jgswglj/
beijing.tax,dept,provincial,国家税务总局北京市税务局,chinatax,https://tax.beijing.gov.cn,,blackhole,alt=https://beijing.gov.cn/tax/
beijing.customs,dept,provincial,北京市海关,gacc,https://customs.beijing.gov.cn,,blackhole,alt=https://beijing.gov.cn/customs/
beijing.pboc_br,dept,provincial,中国人民银行北京市分行,pbc,https://pboc_br.beijing.gov.cn,,blackhole,alt=https://beijing.gov.cn/pboc_br/
beijing.p_office,dept,provincial,中共北京市委员会办公厅,cpc_general_office,https://p_office.beijing.gov.cn,,blackhole,alt=https://beijing.gov.cn/p_office/
beijing.p_org,dept,provincial,中共北京市委组织部,cpc_org_dept,https://p_org.beijing.gov.cn,,blackhole,alt=https://beijing.gov.cn/p_org/
beijing.p_prop,dept,provincial,中共北京市委宣传部,cpc_propaganda,https://p_prop.beijing.gov.cn,,blackhole,alt=https://beijing.gov.cn/p_prop/
beijing.p_ufwd,dept,provincial,中共北京市委统战部,cpc_united_front,https://p_ufwd.beijing.gov.cn,,blackhole,alt=https://beijing.gov.cn/p_ufwd/
beijing.p_plac,dept,provincial,中共北京市委政法委员会,cpc_plac,https://p_plac.beijing.gov.cn,,blackhole,alt=https://beijing.gov.cn/p_plac/
beijing.p_cyber,dept,provincial,北京市委网信办,cac,https://p_cyber.beijing.gov.cn,,blackhole,alt=https://beijing.gov.cn/p_cyber/
beijing.p_ccdi,dept,provincial,中共北京市纪委监委,cpc_ccdi_nsc,https://p_ccdi.beijing.gov.cn,,blackhole,alt=https://beijing.gov.cn/p_ccdi/
geo.shanghai,geo,provincial,上海市人民政府,,https://shanghai.gov.cn,sh,crawled,province portal
shanghai.fgw,dept,provincial,上海市发展和改革委员会,ndrc,https://fgw.shanghai.gov.cn,,blackhole,alt=https://shanghai.gov.cn/fgw/
shanghai.edu,dept,provincial,上海市教育厅,moe,https://edu.shanghai.gov.cn,,blackhole,alt=https://shanghai.gov.cn/edu/
shanghai.kjt,dept,provincial,上海市科学技术厅,most,https://kjt.shanghai.gov.cn,,blackhole,alt=https://shanghai.gov.cn/kjt/
shanghai.gxt,dept,provincial,上海市工业和信息化厅,miit,https://gxt.shanghai.gov.cn,,blackhole,alt=https://shanghai.gov.cn/gxt/
shanghai.mzw,dept,provincial,上海市民族宗教事务委员会,neac,https://mzw.shanghai.gov.cn,,blackhole,alt=https://shanghai.gov.cn/mzw/
shanghai.ga,dept,provincial,上海市公安厅,mps,https://ga.shanghai.gov.cn,,blackhole,alt=https://shanghai.gov.cn/ga/
shanghai.at,dept,provincial,上海市国家安全厅,mss,https://at.shanghai.gov.cn,,blackhole,alt=https://shanghai.gov.cn/at/
shanghai.mzt,dept,provincial,上海市民政厅,mca,https://mzt.shanghai.gov.cn,,blackhole,alt=https://shanghai.gov.cn/mzt/
shanghai.sft,dept,provincial,上海市司法厅,moj,https://sft.shanghai.gov.cn,,blackhole,alt=https://shanghai.gov.cn/sft/
shanghai.czt,dept,provincial,上海市财政厅,mof,https://czt.shanghai.gov.cn,,blackhole,alt=https://shanghai.gov.cn/czt/
shanghai.hrss,dept,provincial,上海市人力资源和社会保障厅,mohrss,https://hrss.shanghai.gov.cn,,blackhole,alt=https://shanghai.gov.cn/hrss/
shanghai.zrzyt,dept,provincial,上海市自然资源厅,mnr,https://zrzyt.shanghai.gov.cn,,blackhole,alt=https://shanghai.gov.cn/zrzyt/
shanghai.sthjt,dept,provincial,上海市生态环境厅,mee,https://sthjt.shanghai.gov.cn,,blackhole,alt=https://shanghai.gov.cn/sthjt/
shanghai.zjt,dept,provincial,上海市住房和城乡建设厅,mohurd,https://zjt.shanghai.gov.cn,,blackhole,alt=https://shanghai.gov.cn/zjt/
shanghai.jtyst,dept,provincial,上海市交通运输厅,mot,https://jtyst.shanghai.gov.cn,,blackhole,alt=https://shanghai.gov.cn/jtyst/
shanghai.slt,dept,provincial,上海市水利厅,mwr,https://slt.shanghai.gov.cn,,blackhole,alt=https://shanghai.gov.cn/slt/
shanghai.nynct,dept,provincial,上海市农业农村厅,mara,https://nynct.shanghai.gov.cn,,blackhole,alt=https://shanghai.gov.cn/nynct/
shanghai.swt,dept,provincial,上海市商务厅,mofcom,https://swt.shanghai.gov.cn,,blackhole,alt=https://shanghai.gov.cn/swt/
shanghai.whlyt,dept,provincial,上海市文化和旅游厅,mct,https://whlyt.shanghai.gov.cn,,blackhole,alt=https://shanghai.gov.cn/whlyt/
shanghai.wjw,dept,provincial,上海市卫生健康委员会,nhc,https://wjw.shanghai.gov.cn,,blackhole,alt=https://shanghai.gov.cn/wjw/
shanghai.tyj,dept,provincial,上海市退役军人事务厅,mva,https://tyj.shanghai.gov.cn,,blackhole,alt=https://shanghai.gov.cn/tyj/
shanghai.yjt,dept,provincial,上海市应急管理厅,mem,https://yjt.shanghai.gov.cn,,blackhole,alt=https://shanghai.gov.cn/yjt/
shanghai.sjt,dept,provincial,上海市审计厅,cnao,https://sjt.shanghai.gov.cn,,blackhole,alt=https://shanghai.gov.cn/sjt/
shanghai.wsb,dept,provincial,上海市人民政府外事办公室,mfa,https://wsb.shanghai.gov.cn,,blackhole,alt=https://shanghai.gov.cn/wsb/
shanghai.gzw,dept,provincial,上海市国有资产监督管理委员会,sasac,https://gzw.shanghai.gov.cn,,blackhole,alt=https://shanghai.gov.cn/gzw/
shanghai.scjgj,dept,provincial,上海市市场监督管理局,samr,https://scjgj.shanghai.gov.cn,,blackhole,alt=https://shanghai.gov.cn/scjgj/
shanghai.tjj,dept,provincial,上海市统计局,nbs,https://tjj.shanghai.gov.cn,,blackhole,alt=https://shanghai.gov.cn/tjj/
shanghai.ybj,dept,provincial,上海市医疗保障局,nhsa,https://ybj.shanghai.gov.cn,,blackhole,alt=https://shanghai.gov.cn/ybj/
shanghai.tyjr,dept,provincial,上海市体育局,gas,https://tyjr.shanghai.gov.cn,,blackhole,alt=https://shanghai.gov.cn/tyjr/
shanghai.gbdst,dept,provincial,上海市广播电视局,nrta,https://gbdst.shanghai.gov.cn,,blackhole,alt=https://shanghai.gov.cn/gbdst/
shanghai.jrjgj,dept,provincial,上海市地方金融监督管理局,nfra,https://jrjgj.shanghai.gov.cn,,blackhole,alt=https://shanghai.gov.cn/jrjgj/
shanghai.sjaqj,dept,provincial,上海市政务服务和数据管理局,nda,https://sjaqj.shanghai.gov.cn,,blackhole,alt=https://shanghai.gov.cn/sjaqj/
shanghai.ylj,dept,provincial,上海市林业和草原局,forestry,https://ylj.shanghai.gov.cn,,blackhole,alt=https://shanghai.gov.cn/ylj/
shanghai.nyj,dept,provincial,上海市能源局,nea,https://nyj.shanghai.gov.cn,,blackhole,alt=https://shanghai.gov.cn/nyj/
shanghai.yjglj,dept,provincial,上海市药品监督管理局,nmpa,https://yjglj.shanghai.gov.cn,,blackhole,alt=https://shanghai.gov.cn/yjglj/
shanghai.zscqj,dept,provincial,上海市知识产权局,cnipa,https://zscqj.shanghai.gov.cn,,blackhole,alt=https://shanghai.gov.cn/zscqj/
shanghai.xfj,dept,provincial,上海市信访局,xinfang,https://xfj.shanghai.gov.cn,,blackhole,alt=https://shanghai.gov.cn/xfj/
shanghai.jgswglj,dept,provincial,上海市机关事务管理局,ggj,https://jgswglj.shanghai.gov.cn,,blackhole,alt=https://shanghai.gov.cn/jgswglj/
shanghai.tax,dept,provincial,国家税务总局上海市税务局,chinatax,https://tax.shanghai.gov.cn,,blackhole,alt=https://shanghai.gov.cn/tax/
shanghai.customs,dept,provincial,上海市海关,gacc,https://customs.shanghai.gov.cn,,blackhole,alt=https://shanghai.gov.cn/customs/
shanghai.pboc_br,dept,provincial,中国人民银行上海市分行,pbc,https://pboc_br.shanghai.gov.cn,,blackhole,alt=https://shanghai.gov.cn/pboc_br/
shanghai.p_office,dept,provincial,中共上海市委员会办公厅,cpc_general_office,https://p_office.shanghai.gov.cn,,blackhole,alt=https://shanghai.gov.cn/p_office/
shanghai.p_org,dept,provincial,中共上海市委组织部,cpc_org_dept,https://p_org.shanghai.gov.cn,,blackhole,alt=https://shanghai.gov.cn/p_org/
shanghai.p_prop,dept,provincial,中共上海市委宣传部,cpc_propaganda,https://p_prop.shanghai.gov.cn,,blackhole,alt=https://shanghai.gov.cn/p_prop/
shanghai.p_ufwd,dept,provincial,中共上海市委统战部,cpc_united_front,https://p_ufwd.shanghai.gov.cn,,blackhole,alt=https://shanghai.gov.cn/p_ufwd/
shanghai.p_plac,dept,provincial,中共上海市委政法委员会,cpc_plac,https://p_plac.shanghai.gov.cn,,blackhole,alt=https://shanghai.gov.cn/p_plac/
shanghai.p_cyber,dept,provincial,上海市委网信办,cac,https://p_cyber.shanghai.gov.cn,,blackhole,alt=https://shanghai.gov.cn/p_cyber/
shanghai.p_ccdi,dept,provincial,中共上海市纪委监委,cpc_ccdi_nsc,https://p_ccdi.shanghai.gov.cn,,blackhole,alt=https://shanghai.gov.cn/p_ccdi/
geo.tianjin,geo,provincial,天津市人民政府,,https://tj.gov.cn,,blackhole,province portal
tianjin.fgw,dept,provincial,天津市发展和改革委员会,ndrc,https://fgw.tj.gov.cn,,blackhole,alt=https://tj.gov.cn/fgw/
tianjin.edu,dept,provincial,天津市教育厅,moe,https://edu.tj.gov.cn,,blackhole,alt=https://tj.gov.cn/edu/
tianjin.kjt,dept,provincial,天津市科学技术厅,most,https://kjt.tj.gov.cn,,blackhole,alt=https://tj.gov.cn/kjt/
tianjin.gxt,dept,provincial,天津市工业和信息化厅,miit,https://gxt.tj.gov.cn,,blackhole,alt=https://tj.gov.cn/gxt/
tianjin.mzw,dept,provincial,天津市民族宗教事务委员会,neac,https://mzw.tj.gov.cn,,blackhole,alt=https://tj.gov.cn/mzw/
tianjin.ga,dept,provincial,天津市公安厅,mps,https://ga.tj.gov.cn,,proxy_gated,alt=https://tj.gov.cn/ga/
tianjin.at,dept,provincial,天津市国家安全厅,mss,https://at.tj.gov.cn,,blackhole,alt=https://tj.gov.cn/at/
tianjin.mzt,dept,provincial,天津市民政厅,mca,https://mzt.tj.gov.cn,,blackhole,alt=https://tj.gov.cn/mzt/
tianjin.sft,dept,provincial,天津市司法厅,moj,https://sft.tj.gov.cn,,blackhole,alt=https://tj.gov.cn/sft/
tianjin.czt,dept,provincial,天津市财政厅,mof,https://czt.tj.gov.cn,,blackhole,alt=https://tj.gov.cn/czt/
tianjin.hrss,dept,provincial,天津市人力资源和社会保障厅,mohrss,https://hrss.tj.gov.cn,,proxy_gated,alt=https://tj.gov.cn/hrss/
tianjin.zrzyt,dept,provincial,天津市自然资源厅,mnr,https://zrzyt.tj.gov.cn,,blackhole,alt=https://tj.gov.cn/zrzyt/
tianjin.sthjt,dept,provincial,天津市生态环境厅,mee,https://sthjt.tj.gov.cn,,blackhole,alt=https://tj.gov.cn/sthjt/
tianjin.zjt,dept,provincial,天津市住房和城乡建设厅,mohurd,https://zjt.tj.gov.cn,,blackhole,alt=https://tj.gov.cn/zjt/
tianjin.jtyst,dept,provincial,天津市交通运输厅,mot,https://jtyst.tj.gov.cn,,blackhole,alt=https://tj.gov.cn/jtyst/
tianjin.slt,dept,provincial,天津市水利厅,mwr,https://slt.tj.gov.cn,,blackhole,alt=https://tj.gov.cn/slt/
tianjin.nynct,dept,provincial,天津市农业农村厅,mara,https://nynct.tj.gov.cn,,blackhole,alt=https://tj.gov.cn/nynct/
tianjin.swt,dept,provincial,天津市商务厅,mofcom,https://swt.tj.gov.cn,,blackhole,alt=https://tj.gov.cn/swt/
tianjin.whlyt,dept,provincial,天津市文化和旅游厅,mct,https://whlyt.tj.gov.cn,,blackhole,alt=https://tj.gov.cn/whlyt/
tianjin.wjw,dept,provincial,天津市卫生健康委员会,nhc,https://wjw.tj.gov.cn,,blackhole,alt=https://tj.gov.cn/wjw/
tianjin.tyj,dept,provincial,天津市退役军人事务厅,mva,https://tyj.tj.gov.cn,,blackhole,alt=https://tj.gov.cn/tyj/
tianjin.yjt,dept,provincial,天津市应急管理厅,mem,https://yjt.tj.gov.cn,,blackhole,alt=https://tj.gov.cn/yjt/
tianjin.sjt,dept,provincial,天津市审计厅,cnao,https://sjt.tj.gov.cn,,blackhole,alt=https://tj.gov.cn/sjt/
tianjin.wsb,dept,provincial,天津市人民政府外事办公室,mfa,https://wsb.tj.gov.cn,,blackhole,alt=https://tj.gov.cn/wsb/
tianjin.gzw,dept,provincial,天津市国有资产监督管理委员会,sasac,https://gzw.tj.gov.cn,,blackhole,alt=https://tj.gov.cn/gzw/
tianjin.scjgj,dept,provincial,天津市市场监督管理局,samr,https://scjgj.tj.gov.cn,,blackhole,alt=https://tj.gov.cn/scjgj/
tianjin.tjj,dept,provincial,天津市统计局,nbs,https://tjj.tj.gov.cn,,blackhole,alt=https://tj.gov.cn/tjj/
tianjin.ybj,dept,provincial,天津市医疗保障局,nhsa,https://ybj.tj.gov.cn,,blackhole,alt=https://tj.gov.cn/ybj/
tianjin.tyjr,dept,provincial,天津市体育局,gas,https://tyjr.tj.gov.cn,,blackhole,alt=https://tj.gov.cn/tyjr/
tianjin.gbdst,dept,provincial,天津市广播电视局,nrta,https://gbdst.tj.gov.cn,,blackhole,alt=https://tj.gov.cn/gbdst/
tianjin.jrjgj,dept,provincial,天津市地方金融监督管理局,nfra,https://jrjgj.tj.gov.cn,,blackhole,alt=https://tj.gov.cn/jrjgj/
tianjin.sjaqj,dept,provincial,天津市政务服务和数据管理局,nda,https://sjaqj.tj.gov.cn,,blackhole,alt=https://tj.gov.cn/sjaqj/
tianjin.ylj,dept,provincial,天津市林业和草原局,forestry,https://ylj.tj.gov.cn,,blackhole,alt=https://tj.gov.cn/ylj/
tianjin.nyj,dept,provincial,天津市能源局,nea,https://nyj.tj.gov.cn,,blackhole,alt=https://tj.gov.cn/nyj/
tianjin.yjglj,dept,provincial,天津市药品监督管理局,nmpa,https://yjglj.tj.gov.cn,,blackhole,alt=https://tj.gov.cn/yjglj/
tianjin.zscqj,dept,provincial,天津市知识产权局,cnipa,https://zscqj.tj.gov.cn,,blackhole,alt=https://tj.gov.cn/zscqj/
tianjin.xfj,dept,provincial,天津市信访局,xinfang,https://xfj.tj.gov.cn,,blackhole,alt=https://tj.gov.cn/xfj/
tianjin.jgswglj,dept,provincial,天津市机关事务管理局,ggj,https://jgswglj.tj.gov.cn,,blackhole,alt=https://tj.gov.cn/jgswglj/
tianjin.tax,dept,provincial,国家税务总局天津市税务局,chinatax,https://tax.tj.gov.cn,,blackhole,alt=https://tj.gov.cn/tax/
tianjin.customs,dept,provincial,天津市海关,gacc,https://customs.tj.gov.cn,,blackhole,alt=https://tj.gov.cn/customs/
tianjin.pboc_br,dept,provincial,中国人民银行天津市分行,pbc,https://pboc_br.tj.gov.cn,,blackhole,alt=https://tj.gov.cn/pboc_br/
tianjin.p_office,dept,provincial,中共天津市委员会办公厅,cpc_general_office,https://p_office.tj.gov.cn,,blackhole,alt=https://tj.gov.cn/p_office/
tianjin.p_org,dept,provincial,中共天津市委组织部,cpc_org_dept,https://p_org.tj.gov.cn,,blackhole,alt=https://tj.gov.cn/p_org/
tianjin.p_prop,dept,provincial,中共天津市委宣传部,cpc_propaganda,https://p_prop.tj.gov.cn,,blackhole,alt=https://tj.gov.cn/p_prop/
tianjin.p_ufwd,dept,provincial,中共天津市委统战部,cpc_united_front,https://p_ufwd.tj.gov.cn,,blackhole,alt=https://tj.gov.cn/p_ufwd/
tianjin.p_plac,dept,provincial,中共天津市委政法委员会,cpc_plac,https://p_plac.tj.gov.cn,,blackhole,alt=https://tj.gov.cn/p_plac/
tianjin.p_cyber,dept,provincial,天津市委网信办,cac,https://p_cyber.tj.gov.cn,,blackhole,alt=https://tj.gov.cn/p_cyber/
tianjin.p_ccdi,dept,provincial,中共天津市纪委监委,cpc_ccdi_nsc,https://p_ccdi.tj.gov.cn,,blackhole,alt=https://tj.gov.cn/p_ccdi/
geo.chongqing,geo,provincial,重庆市人民政府,,https://cq.gov.cn,cq,crawled,province portal
chongqing.fgw,dept,provincial,重庆市发展和改革委员会,ndrc,https://fgw.cq.gov.cn,,blackhole,alt=https://cq.gov.cn/fgw/
chongqing.edu,dept,provincial,重庆市教育厅,moe,https://edu.cq.gov.cn,,blackhole,alt=https://cq.gov.cn/edu/
chongqing.kjt,dept,provincial,重庆市科学技术厅,most,https://kjt.cq.gov.cn,,blackhole,alt=https://cq.gov.cn/kjt/
chongqing.gxt,dept,provincial,重庆市工业和信息化厅,miit,https://gxt.cq.gov.cn,,blackhole,alt=https://cq.gov.cn/gxt/
chongqing.mzw,dept,provincial,重庆市民族宗教事务委员会,neac,https://mzw.cq.gov.cn,,blackhole,alt=https://cq.gov.cn/mzw/
chongqing.ga,dept,provincial,重庆市公安厅,mps,https://ga.cq.gov.cn,,blackhole,alt=https://cq.gov.cn/ga/
chongqing.at,dept,provincial,重庆市国家安全厅,mss,https://at.cq.gov.cn,,blackhole,alt=https://cq.gov.cn/at/
chongqing.mzt,dept,provincial,重庆市民政厅,mca,https://mzt.cq.gov.cn,,blackhole,alt=https://cq.gov.cn/mzt/
chongqing.sft,dept,provincial,重庆市司法厅,moj,https://sft.cq.gov.cn,,blackhole,alt=https://cq.gov.cn/sft/
chongqing.czt,dept,provincial,重庆市财政厅,mof,https://czt.cq.gov.cn,,blackhole,alt=https://cq.gov.cn/czt/
chongqing.hrss,dept,provincial,重庆市人力资源和社会保障厅,mohrss,https://hrss.cq.gov.cn,,blackhole,alt=https://cq.gov.cn/hrss/
chongqing.zrzyt,dept,provincial,重庆市自然资源厅,mnr,https://zrzyt.cq.gov.cn,,blackhole,alt=https://cq.gov.cn/zrzyt/
chongqing.sthjt,dept,provincial,重庆市生态环境厅,mee,https://sthjt.cq.gov.cn,,blackhole,alt=https://cq.gov.cn/sthjt/
chongqing.zjt,dept,provincial,重庆市住房和城乡建设厅,mohurd,https://zjt.cq.gov.cn,,blackhole,alt=https://cq.gov.cn/zjt/
chongqing.jtyst,dept,provincial,重庆市交通运输厅,mot,https://jtyst.cq.gov.cn,,blackhole,alt=https://cq.gov.cn/jtyst/
chongqing.slt,dept,provincial,重庆市水利厅,mwr,https://slt.cq.gov.cn,,blackhole,alt=https://cq.gov.cn/slt/
chongqing.nynct,dept,provincial,重庆市农业农村厅,mara,https://nynct.cq.gov.cn,,blackhole,alt=https://cq.gov.cn/nynct/
chongqing.swt,dept,provincial,重庆市商务厅,mofcom,https://swt.cq.gov.cn,,blackhole,alt=https://cq.gov.cn/swt/
chongqing.whlyt,dept,provincial,重庆市文化和旅游厅,mct,https://whlyt.cq.gov.cn,,blackhole,alt=https://cq.gov.cn/whlyt/
chongqing.wjw,dept,provincial,重庆市卫生健康委员会,nhc,https://wjw.cq.gov.cn,,blackhole,alt=https://cq.gov.cn/wjw/
chongqing.tyj,dept,provincial,重庆市退役军人事务厅,mva,https://tyj.cq.gov.cn,cq_tyj,crawled,alt=https://cq.gov.cn/tyj/
chongqing.yjt,dept,provincial,重庆市应急管理厅,mem,https://yjt.cq.gov.cn,,blackhole,alt=https://cq.gov.cn/yjt/
chongqing.sjt,dept,provincial,重庆市审计厅,cnao,https://sjt.cq.gov.cn,,blackhole,alt=https://cq.gov.cn/sjt/
chongqing.wsb,dept,provincial,重庆市人民政府外事办公室,mfa,https://wsb.cq.gov.cn,,blackhole,alt=https://cq.gov.cn/wsb/
chongqing.gzw,dept,provincial,重庆市国有资产监督管理委员会,sasac,https://gzw.cq.gov.cn,cq_gzw,crawled,alt=https://cq.gov.cn/gzw/
chongqing.scjgj,dept,provincial,重庆市市场监督管理局,samr,https://scjgj.cq.gov.cn,cq_scjgj,crawled,alt=https://cq.gov.cn/scjgj/
chongqing.tjj,dept,provincial,重庆市统计局,nbs,https://tjj.cq.gov.cn,cq_tjj,crawled,alt=https://cq.gov.cn/tjj/
chongqing.ybj,dept,provincial,重庆市医疗保障局,nhsa,https://ybj.cq.gov.cn,,blackhole,alt=https://cq.gov.cn/ybj/
chongqing.tyjr,dept,provincial,重庆市体育局,gas,https://tyjr.cq.gov.cn,,blackhole,alt=https://cq.gov.cn/tyjr/
chongqing.gbdst,dept,provincial,重庆市广播电视局,nrta,https://gbdst.cq.gov.cn,,blackhole,alt=https://cq.gov.cn/gbdst/
chongqing.jrjgj,dept,provincial,重庆市地方金融监督管理局,nfra,https://jrjgj.cq.gov.cn,cq_jrjgj,crawled,alt=https://cq.gov.cn/jrjgj/
chongqing.sjaqj,dept,provincial,重庆市政务服务和数据管理局,nda,https://sjaqj.cq.gov.cn,,blackhole,alt=https://cq.gov.cn/sjaqj/
chongqing.ylj,dept,provincial,重庆市林业和草原局,forestry,https://ylj.cq.gov.cn,,blackhole,alt=https://cq.gov.cn/ylj/
chongqing.nyj,dept,provincial,重庆市能源局,nea,https://nyj.cq.gov.cn,,blackhole,alt=https://cq.gov.cn/nyj/
chongqing.yjglj,dept,provincial,重庆市药品监督管理局,nmpa,https://yjglj.cq.gov.cn,,blackhole,alt=https://cq.gov.cn/yjglj/
chongqing.zscqj,dept,provincial,重庆市知识产权局,cnipa,https://zscqj.cq.gov.cn,cq_zscqj,crawled,alt=https://cq.gov.cn/zscqj/
chongqing.xfj,dept,provincial,重庆市信访局,xinfang,https://xfj.cq.gov.cn,,blackhole,alt=https://cq.gov.cn/xfj/
chongqing.jgswglj,dept,provincial,重庆市机关事务管理局,ggj,https://jgswglj.cq.gov.cn,,blackhole,alt=https://cq.gov.cn/jgswglj/
chongqing.tax,dept,provincial,国家税务总局重庆市税务局,chinatax,https://tax.cq.gov.cn,,blackhole,alt=https://cq.gov.cn/tax/
chongqing.customs,dept,provincial,重庆市海关,gacc,https://customs.cq.gov.cn,,blackhole,alt=https://cq.gov.cn/customs/
chongqing.pboc_br,dept,provincial,中国人民银行重庆市分行,pbc,https://pboc_br.cq.gov.cn,,blackhole,alt=https://cq.gov.cn/pboc_br/
chongqing.p_office,dept,provincial,中共重庆市委员会办公厅,cpc_general_office,https://p_office.cq.gov.cn,,blackhole,alt=https://cq.gov.cn/p_office/
chongqing.p_org,dept,provincial,中共重庆市委组织部,cpc_org_dept,https://p_org.cq.gov.cn,,blackhole,alt=https://cq.gov.cn/p_org/
chongqing.p_prop,dept,provincial,中共重庆市委宣传部,cpc_propaganda,https://p_prop.cq.gov.cn,,blackhole,alt=https://cq.gov.cn/p_prop/
chongqing.p_ufwd,dept,provincial,中共重庆市委统战部,cpc_united_front,https://p_ufwd.cq.gov.cn,,blackhole,alt=https://cq.gov.cn/p_ufwd/
chongqing.p_plac,dept,provincial,中共重庆市委政法委员会,cpc_plac,https://p_plac.cq.gov.cn,,blackhole,alt=https://cq.gov.cn/p_plac/
chongqing.p_cyber,dept,provincial,重庆市委网信办,cac,https://p_cyber.cq.gov.cn,,blackhole,alt=https://cq.gov.cn/p_cyber/
chongqing.p_ccdi,dept,provincial,中共重庆市纪委监委,cpc_ccdi_nsc,https://p_ccdi.cq.gov.cn,,blackhole,alt=https://cq.gov.cn/p_ccdi/
geo.hongkong,geo,provincial,香港特别行政区人民政府,,,,unknown,province portal
geo.macau,geo,provincial,澳门特别行政区人民政府,,,,unknown,province portal
geo.pref.石家庄市,geo,prefecture,石家庄市人民政府,,https://sjz.gov.cn,shijiazhuang,crawled,prefecture portal
geo.pref.唐山市,geo,prefecture,唐山市人民政府,,https://tangshan.gov.cn,,blackhole,prefecture portal
geo.pref.秦皇岛市,geo,prefecture,秦皇岛市人民政府,,https://qinhuangdao.gov.cn,,blackhole,prefecture portal
geo.pref.邯郸市,geo,prefecture,邯郸市人民政府,,https://handan.gov.cn,,blackhole,prefecture portal
geo.pref.邢台市,geo,prefecture,邢台市人民政府,,https://xingtai.gov.cn,,blackhole,prefecture portal
geo.pref.保定市,geo,prefecture,保定市人民政府,,https://baoding.gov.cn,,blackhole,prefecture portal
geo.pref.张家口市,geo,prefecture,张家口市人民政府,,https://zhangjiakou.gov.cn,,blackhole,prefecture portal
geo.pref.承德市,geo,prefecture,承德市人民政府,,https://chengde.gov.cn,,blackhole,prefecture portal
geo.pref.沧州市,geo,prefecture,沧州市人民政府,,https://cangzhou.gov.cn,,blackhole,prefecture portal
geo.pref.廊坊市,geo,prefecture,廊坊市人民政府,,https://langfang.gov.cn,,blackhole,prefecture portal
geo.pref.衡水市,geo,prefecture,衡水市人民政府,,https://hengshui.gov.cn,,blackhole,prefecture portal
geo.pref.太原市,geo,prefecture,太原市人民政府,,https://taiyuan.gov.cn,,blackhole,prefecture portal
geo.pref.大同市,geo,prefecture,大同市人民政府,,https://datong.gov.cn,,blackhole,prefecture portal
geo.pref.阳泉市,geo,prefecture,阳泉市人民政府,,https://yangquan.gov.cn,,blackhole,prefecture portal
geo.pref.长治市,geo,prefecture,长治市人民政府,,https://changzhi.gov.cn,changzhi,crawled,prefecture portal
geo.pref.晋城市,geo,prefecture,晋城市人民政府,,https://jincheng.gov.cn,,blackhole,prefecture portal
geo.pref.朔州市,geo,prefecture,朔州市人民政府,,https://shuozhou.gov.cn,shuozhou_c2,crawled,prefecture portal
geo.pref.晋中市,geo,prefecture,晋中市人民政府,,https://jinzhong.gov.cn,,blackhole,prefecture portal
geo.pref.运城市,geo,prefecture,运城市人民政府,,https://yuncheng.gov.cn,,blackhole,prefecture portal
geo.pref.忻州市,geo,prefecture,忻州市人民政府,,https://xinzhou.gov.cn,,blackhole,prefecture portal
geo.pref.临汾市,geo,prefecture,临汾市人民政府,,https://linfen.gov.cn,,blackhole,prefecture portal
geo.pref.吕梁市,geo,prefecture,吕梁市人民政府,,https://lliang.gov.cn,,blackhole,prefecture portal
geo.pref.沈阳市,geo,prefecture,沈阳市人民政府,,https://shenyang.gov.cn,shenyang,crawled,prefecture portal
geo.pref.大连市,geo,prefecture,大连市人民政府,,https://dl.gov.cn,,blackhole,prefecture portal
geo.pref.鞍山市,geo,prefecture,鞍山市人民政府,,https://anshan.gov.cn,,blackhole,prefecture portal
geo.pref.抚顺市,geo,prefecture,抚顺市人民政府,,https://fushun.gov.cn,fushun,crawled,prefecture portal
geo.pref.本溪市,geo,prefecture,本溪市人民政府,,https://benxi.gov.cn,,reachable_uncrawled,prefecture portal
geo.pref.丹东市,geo,prefecture,丹东市人民政府,,https://dandong.gov.cn,dandong,crawled,prefecture portal
geo.pref.锦州市,geo,prefecture,锦州市人民政府,,https://jinzhou.gov.cn,,blackhole,prefecture portal
geo.pref.营口市,geo,prefecture,营口市人民政府,,https://yingkou.gov.cn,yingkou,crawled,prefecture portal
geo.pref.阜新市,geo,prefecture,阜新市人民政府,,https://fuxin.gov.cn,fuxin,crawled,prefecture portal
geo.pref.辽阳市,geo,prefecture,辽阳市人民政府,,https://liaoyang.gov.cn,,blackhole,prefecture portal
geo.pref.盘锦市,geo,prefecture,盘锦市人民政府,,https://panjin.gov.cn,panjin,crawled,prefecture portal
geo.pref.铁岭市,geo,prefecture,铁岭市人民政府,,https://tieling.gov.cn,,blackhole,prefecture portal
geo.pref.朝阳市,geo,prefecture,朝阳市人民政府,,https://chaoyang.gov.cn,chaoyang,crawled,prefecture portal
geo.pref.葫芦岛市,geo,prefecture,葫芦岛市人民政府,,https://huludao.gov.cn,,blackhole,prefecture portal
geo.pref.长春市,geo,prefecture,长春市人民政府,,https://cc.gov.cn,,blackhole,prefecture portal
geo.pref.吉林市,geo,prefecture,吉林市人民政府,,https://jilin.gov.cn,,blackhole,prefecture portal
geo.pref.四平市,geo,prefecture,四平市人民政府,,https://siping.gov.cn,siping,crawled,prefecture portal
geo.pref.辽源市,geo,prefecture,辽源市人民政府,,https://liaoyuan.gov.cn,liaoyuan,crawled,prefecture portal
geo.pref.通化市,geo,prefecture,通化市人民政府,,https://tonghua.gov.cn,tonghua,crawled,prefecture portal
geo.pref.白山市,geo,prefecture,白山市人民政府,,https://baishan.gov.cn,,blackhole,prefecture portal
geo.pref.松原市,geo,prefecture,松原市人民政府,,https://songyuan.gov.cn,,blackhole,prefecture portal
geo.pref.白城市,geo,prefecture,白城市人民政府,,https://baicheng.gov.cn,,blackhole,prefecture portal
geo.pref.延边朝鲜族自治州,geo,prefecture,延边朝鲜族自治州人民政府,,https://yanbian.gov.cn  (verify),,blackhole,prefecture portal
geo.pref.哈尔滨市,geo,prefecture,哈尔滨市人民政府,,https://harbin.gov.cn,,blackhole,prefecture portal
geo.pref.齐齐哈尔市,geo,prefecture,齐齐哈尔市人民政府,,https://qiqihar.gov.cn,,blackhole,prefecture portal
geo.pref.鸡西市,geo,prefecture,鸡西市人民政府,,https://jixi.gov.cn,jixi,crawled,prefecture portal
geo.pref.鹤岗市,geo,prefecture,鹤岗市人民政府,,https://hegang.gov.cn,hegang,crawled,prefecture portal
geo.pref.双鸭山市,geo,prefecture,双鸭山市人民政府,,https://shuangyashan.gov.cn,shuangyashan,crawled,prefecture portal
geo.pref.大庆市,geo,prefecture,大庆市人民政府,,https://daqing.gov.cn,,blackhole,prefecture portal
geo.pref.伊春市,geo,prefecture,伊春市人民政府,,https://yichun.gov.cn,,blackhole,prefecture portal
geo.pref.佳木斯市,geo,prefecture,佳木斯市人民政府,,https://jiamusi.gov.cn,,blackhole,prefecture portal
geo.pref.七台河市,geo,prefecture,七台河市人民政府,,https://qitaihe.gov.cn,,blackhole,prefecture portal
geo.pref.牡丹江市,geo,prefecture,牡丹江市人民政府,,https://mudanjiang.gov.cn,,blackhole,prefecture portal
geo.pref.黑河市,geo,prefecture,黑河市人民政府,,https://heihe.gov.cn,heihe,crawled,prefecture portal
geo.pref.绥化市,geo,prefecture,绥化市人民政府,,https://suihua.gov.cn,suihua,crawled,prefecture portal
geo.pref.大兴安岭地区,geo,prefecture,大兴安岭地区人民政府,,https://daxinganling.gov.cn  (verify),,blackhole,prefecture portal
geo.pref.南京市,geo,prefecture,南京市人民政府,,https://nanjing.gov.cn,,blackhole,prefecture portal
geo.pref.无锡市,geo,prefecture,无锡市人民政府,,https://wuxi.gov.cn,wuxi,crawled,prefecture portal
geo.pref.徐州市,geo,prefecture,徐州市人民政府,,https://xuzhou.gov.cn,,blackhole,prefecture portal
geo.pref.常州市,geo,prefecture,常州市人民政府,,https://changzhou.gov.cn,changzhou,crawled,prefecture portal
geo.pref.苏州市,geo,prefecture,苏州市人民政府,,https://suzhou.gov.cn,suzhou_ah,crawled,prefecture portal
geo.pref.南通市,geo,prefecture,南通市人民政府,,https://nantong.gov.cn,nantong,crawled,prefecture portal
geo.pref.连云港市,geo,prefecture,连云港市人民政府,,https://lianyungang.gov.cn,,blackhole,prefecture portal
geo.pref.淮安市,geo,prefecture,淮安市人民政府,,https://huaian.gov.cn,huaian,crawled,prefecture portal
geo.pref.盐城市,geo,prefecture,盐城市人民政府,,https://yancheng.gov.cn,yancheng,crawled,prefecture portal
geo.pref.扬州市,geo,prefecture,扬州市人民政府,,https://yangzhou.gov.cn,,proxy_gated,prefecture portal
geo.pref.镇江市,geo,prefecture,镇江市人民政府,,https://zhenjiang.gov.cn,,blackhole,prefecture portal
geo.pref.泰州市,geo,prefecture,泰州市人民政府,,https://taizhou.gov.cn,taizhou_js,crawled,prefecture portal
geo.pref.宿迁市,geo,prefecture,宿迁市人民政府,,https://suqian.gov.cn,,server_error,prefecture portal
geo.pref.杭州市,geo,prefecture,杭州市人民政府,,https://hangzhou.gov.cn,hangzhou,crawled,prefecture portal
geo.pref.宁波市,geo,prefecture,宁波市人民政府,,https://nb.gov.cn,,blackhole,prefecture portal
geo.pref.温州市,geo,prefecture,温州市人民政府,,https://wenzhou.gov.cn,,blackhole,prefecture portal
geo.pref.嘉兴市,geo,prefecture,嘉兴市人民政府,,https://jiaxing.gov.cn,,blackhole,prefecture portal
geo.pref.湖州市,geo,prefecture,湖州市人民政府,,https://huzhou.gov.cn,,blackhole,prefecture portal
geo.pref.绍兴市,geo,prefecture,绍兴市人民政府,,https://shaoxing.gov.cn,,blackhole,prefecture portal
geo.pref.金华市,geo,prefecture,金华市人民政府,,https://jinhua.gov.cn,,blackhole,prefecture portal
geo.pref.衢州市,geo,prefecture,衢州市人民政府,,https://quzhou.gov.cn,,blackhole,prefecture portal
geo.pref.舟山市,geo,prefecture,舟山市人民政府,,https://zhoushan.gov.cn,,blackhole,prefecture portal
geo.pref.台州市,geo,prefecture,台州市人民政府,,https://taizhou.gov.cn,taizhou_js,crawled,prefecture portal
geo.pref.丽水市,geo,prefecture,丽水市人民政府,,https://lishui.gov.cn,,blackhole,prefecture portal
geo.pref.合肥市,geo,prefecture,合肥市人民政府,,https://hefei.gov.cn,,blackhole,prefecture portal
geo.pref.芜湖市,geo,prefecture,芜湖市人民政府,,https://wuhu.gov.cn,wuhu,crawled,prefecture portal
geo.pref.蚌埠市,geo,prefecture,蚌埠市人民政府,,https://bengbu.gov.cn,,blackhole,prefecture portal
geo.pref.淮南市,geo,prefecture,淮南市人民政府,,https://huainan.gov.cn,huainan,crawled,prefecture portal
geo.pref.马鞍山市,geo,prefecture,马鞍山市人民政府,,https://maanshan.gov.cn,,blackhole,prefecture portal
geo.pref.淮北市,geo,prefecture,淮北市人民政府,,https://huaibei.gov.cn,huaibei,crawled,prefecture portal
geo.pref.铜陵市,geo,prefecture,铜陵市人民政府,,https://tongling.gov.cn,,blackhole,prefecture portal
geo.pref.安庆市,geo,prefecture,安庆市人民政府,,https://anqing.gov.cn,,proxy_gated,prefecture portal
geo.pref.黄山市,geo,prefecture,黄山市人民政府,,https://huangshan.gov.cn,,blackhole,prefecture portal
geo.pref.滁州市,geo,prefecture,滁州市人民政府,,https://chuzhou.gov.cn,,blackhole,prefecture portal
geo.pref.阜阳市,geo,prefecture,阜阳市人民政府,,https://fuyang.gov.cn,fuyang,crawled,prefecture portal
geo.pref.宿州市,geo,prefecture,宿州市人民政府,,https://suzhou.gov.cn,suzhou_ah,crawled,prefecture portal
geo.pref.六安市,geo,prefecture,六安市人民政府,,https://luan.gov.cn,luan,crawled,prefecture portal
geo.pref.亳州市,geo,prefecture,亳州市人民政府,,https://bozhou.gov.cn,bozhou,crawled,prefecture portal
geo.pref.池州市,geo,prefecture,池州市人民政府,,https://chizhou.gov.cn,,blackhole,prefecture portal
geo.pref.宣城市,geo,prefecture,宣城市人民政府,,https://xuancheng.gov.cn,xuancheng,crawled,prefecture portal
geo.pref.福州市,geo,prefecture,福州市人民政府,,https://fuzhou.gov.cn,fuzhou_fj,crawled,prefecture portal
geo.pref.厦门市,geo,prefecture,厦门市人民政府,,https://xm.gov.cn,,blackhole,prefecture portal
geo.pref.莆田市,geo,prefecture,莆田市人民政府,,https://putian.gov.cn,,blackhole,prefecture portal
geo.pref.三明市,geo,prefecture,三明市人民政府,,https://sanming.gov.cn,,blackhole,prefecture portal
geo.pref.泉州市,geo,prefecture,泉州市人民政府,,https://quanzhou.gov.cn,quanzhou,crawled,prefecture portal
geo.pref.漳州市,geo,prefecture,漳州市人民政府,,https://zhangzhou.gov.cn,,blackhole,prefecture portal
geo.pref.南平市,geo,prefecture,南平市人民政府,,https://nanping.gov.cn,,blackhole,prefecture portal
geo.pref.龙岩市,geo,prefecture,龙岩市人民政府,,https://longyan.gov.cn,longyan,crawled,prefecture portal
geo.pref.宁德市,geo,prefecture,宁德市人民政府,,https://ningde.gov.cn,,proxy_gated,prefecture portal
geo.pref.南昌市,geo,prefecture,南昌市人民政府,,https://nc.gov.cn,,blackhole,prefecture portal
geo.pref.景德镇市,geo,prefecture,景德镇市人民政府,,https://jingdezhen.gov.cn,,blackhole,prefecture portal
geo.pref.萍乡市,geo,prefecture,萍乡市人民政府,,https://pingxiang.gov.cn,,blackhole,prefecture portal
geo.pref.九江市,geo,prefecture,九江市人民政府,,https://jiujiang.gov.cn,,blackhole,prefecture portal
geo.pref.新余市,geo,prefecture,新余市人民政府,,https://xinyu.gov.cn,,blackhole,prefecture portal
geo.pref.鹰潭市,geo,prefecture,鹰潭市人民政府,,https://yingtan.gov.cn,,blackhole,prefecture portal
geo.pref.赣州市,geo,prefecture,赣州市人民政府,,https://ganzhou.gov.cn,ganzhou,crawled,prefecture portal
geo.pref.吉安市,geo,prefecture,吉安市人民政府,,https://jian.gov.cn,,blackhole,prefecture portal
geo.pref.宜春市,geo,prefecture,宜春市人民政府,,https://yichun.gov.cn,,blackhole,prefecture portal
geo.pref.抚州市,geo,prefecture,抚州市人民政府,,https://fuzhou.gov.cn,fuzhou_fj,crawled,prefecture portal
geo.pref.上饶市,geo,prefecture,上饶市人民政府,,https://shangrao.gov.cn,,blackhole,prefecture portal
geo.pref.济南市,geo,prefecture,济南市人民政府,,https://jinan.gov.cn,jinan,crawled,prefecture portal
geo.pref.青岛市,geo,prefecture,青岛市人民政府,,https://qingdao.gov.cn,qingdao,crawled,prefecture portal
geo.pref.淄博市,geo,prefecture,淄博市人民政府,,https://zibo.gov.cn,zibo,crawled,prefecture portal
geo.pref.枣庄市,geo,prefecture,枣庄市人民政府,,https://zaozhuang.gov.cn,,blackhole,prefecture portal
geo.pref.东营市,geo,prefecture,东营市人民政府,,https://dongying.gov.cn,,blackhole,prefecture portal
geo.pref.烟台市,geo,prefecture,烟台市人民政府,,https://yantai.gov.cn,yantai,crawled,prefecture portal
geo.pref.潍坊市,geo,prefecture,潍坊市人民政府,,https://weifang.gov.cn,,blackhole,prefecture portal
geo.pref.济宁市,geo,prefecture,济宁市人民政府,,https://jining.gov.cn,jining,crawled,prefecture portal
geo.pref.泰安市,geo,prefecture,泰安市人民政府,,https://taian.gov.cn,taian,crawled,prefecture portal
geo.pref.威海市,geo,prefecture,威海市人民政府,,https://weihai.gov.cn,weihai,crawled,prefecture portal
geo.pref.日照市,geo,prefecture,日照市人民政府,,https://rizhao.gov.cn,,blackhole,prefecture portal
geo.pref.临沂市,geo,prefecture,临沂市人民政府,,https://linyi.gov.cn,linyi,crawled,prefecture portal
geo.pref.德州市,geo,prefecture,德州市人民政府,,https://dezhou.gov.cn,,blackhole,prefecture portal
geo.pref.聊城市,geo,prefecture,聊城市人民政府,,https://liaocheng.gov.cn,liaocheng,crawled,prefecture portal
geo.pref.滨州市,geo,prefecture,滨州市人民政府,,https://binzhou.gov.cn,,blackhole,prefecture portal
geo.pref.菏泽市,geo,prefecture,菏泽市人民政府,,https://heze.gov.cn,heze,crawled,prefecture portal
geo.pref.莱芜市,geo,prefecture,莱芜市人民政府,,https://laiwu.gov.cn,laiwu,crawled,prefecture portal
geo.pref.郑州市,geo,prefecture,郑州市人民政府,,https://zhengzhou.gov.cn,zhengzhou,crawled,prefecture portal
geo.pref.开封市,geo,prefecture,开封市人民政府,,https://kaifeng.gov.cn,,blackhole,prefecture portal
geo.pref.洛阳市,geo,prefecture,洛阳市人民政府,,https://luoyang.gov.cn,,blackhole,prefecture portal
geo.pref.平顶山市,geo,prefecture,平顶山市人民政府,,https://pingdingshan.gov.cn,,blackhole,prefecture portal
geo.pref.安阳市,geo,prefecture,安阳市人民政府,,https://anyang.gov.cn,,blackhole,prefecture portal
geo.pref.鹤壁市,geo,prefecture,鹤壁市人民政府,,https://hebi.gov.cn,,blackhole,prefecture portal
geo.pref.新乡市,geo,prefecture,新乡市人民政府,,https://xinxiang.gov.cn,xinxiang,crawled,prefecture portal
geo.pref.焦作市,geo,prefecture,焦作市人民政府,,https://jiaozuo.gov.cn,,blackhole,prefecture portal
geo.pref.濮阳市,geo,prefecture,濮阳市人民政府,,https://puyang.gov.cn,,blackhole,prefecture portal
geo.pref.许昌市,geo,prefecture,许昌市人民政府,,https://xuchang.gov.cn,xuchang,crawled,prefecture portal
geo.pref.漯河市,geo,prefecture,漯河市人民政府,,https://luohe.gov.cn,,blackhole,prefecture portal
geo.pref.三门峡市,geo,prefecture,三门峡市人民政府,,https://sanmenxia.gov.cn,,blackhole,prefecture portal
geo.pref.南阳市,geo,prefecture,南阳市人民政府,,https://nanyang.gov.cn,,blackhole,prefecture portal
geo.pref.商丘市,geo,prefecture,商丘市人民政府,,https://shangqiu.gov.cn,,blackhole,prefecture portal
geo.pref.信阳市,geo,prefecture,信阳市人民政府,,https://xinyang.gov.cn,,reachable_uncrawled,prefecture portal
geo.pref.周口市,geo,prefecture,周口市人民政府,,https://zhoukou.gov.cn,zhoukou,crawled,prefecture portal
geo.pref.驻马店市,geo,prefecture,驻马店市人民政府,,https://zhumadian.gov.cn,,blackhole,prefecture portal
geo.pref.武汉市,geo,prefecture,武汉市人民政府,,https://wuhan.gov.cn,wuhan,crawled,prefecture portal
geo.pref.黄石市,geo,prefecture,黄石市人民政府,,https://huangshi.gov.cn,huangshi,crawled,prefecture portal
geo.pref.十堰市,geo,prefecture,十堰市人民政府,,https://shiyan.gov.cn,,blackhole,prefecture portal
geo.pref.宜昌市,geo,prefecture,宜昌市人民政府,,https://yichang.gov.cn,yichang,crawled,prefecture portal
geo.pref.襄阳市,geo,prefecture,襄阳市人民政府,,https://xiangyang.gov.cn,,blackhole,prefecture portal
geo.pref.鄂州市,geo,prefecture,鄂州市人民政府,,https://ezhou.gov.cn,,blackhole,prefecture portal
geo.pref.荆门市,geo,prefecture,荆门市人民政府,,https://jingmen.gov.cn,,blackhole,prefecture portal
geo.pref.孝感市,geo,prefecture,孝感市人民政府,,https://xiaogan.gov.cn,,blackhole,prefecture portal
geo.pref.荆州市,geo,prefecture,荆州市人民政府,,https://jingzhou.gov.cn,,blackhole,prefecture portal
geo.pref.黄冈市,geo,prefecture,黄冈市人民政府,,https://huanggang.gov.cn,,blackhole,prefecture portal
geo.pref.咸宁市,geo,prefecture,咸宁市人民政府,,https://xianning.gov.cn,,blackhole,prefecture portal
geo.pref.随州市,geo,prefecture,随州市人民政府,,https://suizhou.gov.cn,suizhou,crawled,prefecture portal
geo.pref.恩施土家族苗族自治州,geo,prefecture,恩施土家族苗族自治州人民政府,,https://enshi.gov.cn  (verify),,blackhole,prefecture portal
geo.pref.长沙市,geo,prefecture,长沙市人民政府,,https://changsha.gov.cn,,blackhole,prefecture portal
geo.pref.株洲市,geo,prefecture,株洲市人民政府,,https://zhuzhou.gov.cn,,blackhole,prefecture portal
geo.pref.湘潭市,geo,prefecture,湘潭市人民政府,,https://xiangtan.gov.cn,,blackhole,prefecture portal
geo.pref.衡阳市,geo,prefecture,衡阳市人民政府,,https://hengyang.gov.cn,,blackhole,prefecture portal
geo.pref.邵阳市,geo,prefecture,邵阳市人民政府,,https://shaoyang.gov.cn,,blackhole,prefecture portal
geo.pref.岳阳市,geo,prefecture,岳阳市人民政府,,https://yueyang.gov.cn,yueyang,crawled,prefecture portal
geo.pref.常德市,geo,prefecture,常德市人民政府,,https://changde.gov.cn,changde,crawled,prefecture portal
geo.pref.张家界市,geo,prefecture,张家界市人民政府,,https://zhangjiajie.gov.cn,,blackhole,prefecture portal
geo.pref.益阳市,geo,prefecture,益阳市人民政府,,https://yiyang.gov.cn,,proxy_gated,prefecture portal
geo.pref.郴州市,geo,prefecture,郴州市人民政府,,https://chenzhou.gov.cn,,blackhole,prefecture portal
geo.pref.永州市,geo,prefecture,永州市人民政府,,https://yongzhou.gov.cn,,blackhole,prefecture portal
geo.pref.怀化市,geo,prefecture,怀化市人民政府,,https://huaihua.gov.cn,huaihua,crawled,prefecture portal
geo.pref.娄底市,geo,prefecture,娄底市人民政府,,https://loudi.gov.cn,,blackhole,prefecture portal
geo.pref.湘西土家族苗族自治州,geo,prefecture,湘西土家族苗族自治州人民政府,,https://xiangxi.gov.cn  (verify),,blackhole,prefecture portal
geo.pref.广州市,geo,prefecture,广州市人民政府,,https://guangzhou.gov.cn,,blackhole,prefecture portal
geo.pref.韶关市,geo,prefecture,韶关市人民政府,,https://shaoguan.gov.cn,,blackhole,prefecture portal
geo.pref.深圳市,geo,prefecture,深圳市人民政府,,https://shenzhen.gov.cn,,blackhole,prefecture portal
geo.pref.珠海市,geo,prefecture,珠海市人民政府,,https://zhuhai.gov.cn,zhuhai,crawled,prefecture portal
geo.pref.汕头市,geo,prefecture,汕头市人民政府,,https://shantou.gov.cn,shantou,crawled,prefecture portal
geo.pref.佛山市,geo,prefecture,佛山市人民政府,,https://foshan.gov.cn,,blackhole,prefecture portal
geo.pref.江门市,geo,prefecture,江门市人民政府,,https://jiangmen.gov.cn,jiangmen,crawled,prefecture portal
geo.pref.湛江市,geo,prefecture,湛江市人民政府,,https://zhanjiang.gov.cn,zhanjiang,crawled,prefecture portal
geo.pref.茂名市,geo,prefecture,茂名市人民政府,,https://maoming.gov.cn,maoming,crawled,prefecture portal
geo.pref.肇庆市,geo,prefecture,肇庆市人民政府,,https://zhaoqing.gov.cn,zhaoqing,crawled,prefecture portal
geo.pref.惠州市,geo,prefecture,惠州市人民政府,,https://huizhou.gov.cn,huizhou,crawled,prefecture portal
geo.pref.梅州市,geo,prefecture,梅州市人民政府,,https://meizhou.gov.cn,,blackhole,prefecture portal
geo.pref.汕尾市,geo,prefecture,汕尾市人民政府,,https://shanwei.gov.cn,shanwei,crawled,prefecture portal
geo.pref.河源市,geo,prefecture,河源市人民政府,,https://heyuan.gov.cn,heyuan,crawled,prefecture portal
geo.pref.阳江市,geo,prefecture,阳江市人民政府,,https://yangjiang.gov.cn,yangjiang,crawled,prefecture portal
geo.pref.清远市,geo,prefecture,清远市人民政府,,https://qingyuan.gov.cn,,blackhole,prefecture portal
geo.pref.东莞市,geo,prefecture,东莞市人民政府,,https://dg.gov.cn,,blackhole,prefecture portal
geo.pref.中山市,geo,prefecture,中山市人民政府,,https://zhongshan.gov.cn,,blackhole,prefecture portal
geo.pref.潮州市,geo,prefecture,潮州市人民政府,,https://chaozhou.gov.cn,,blackhole,prefecture portal
geo.pref.揭阳市,geo,prefecture,揭阳市人民政府,,https://jieyang.gov.cn,jieyang,crawled,prefecture portal
geo.pref.云浮市,geo,prefecture,云浮市人民政府,,https://yunfu.gov.cn,yunfu,crawled,prefecture portal
geo.pref.海口市,geo,prefecture,海口市人民政府,,https://haikou.gov.cn,haikou,crawled,prefecture portal
geo.pref.三亚市,geo,prefecture,三亚市人民政府,,https://sanya.gov.cn,,blackhole,prefecture portal
geo.pref.三沙市,geo,prefecture,三沙市人民政府,,https://sansha.gov.cn,,blackhole,prefecture portal
geo.pref.儋州市,geo,prefecture,儋州市人民政府,,https://danzhou.gov.cn,,blackhole,prefecture portal
geo.pref.成都市,geo,prefecture,成都市人民政府,,https://chengdu.gov.cn,chengdu,crawled,prefecture portal
geo.pref.自贡市,geo,prefecture,自贡市人民政府,,https://zigong.gov.cn,,blackhole,prefecture portal
geo.pref.攀枝花市,geo,prefecture,攀枝花市人民政府,,https://panzhihua.gov.cn,,blackhole,prefecture portal
geo.pref.泸州市,geo,prefecture,泸州市人民政府,,https://luzhou.gov.cn,,blackhole,prefecture portal
geo.pref.德阳市,geo,prefecture,德阳市人民政府,,https://deyang.gov.cn,,blackhole,prefecture portal
geo.pref.绵阳市,geo,prefecture,绵阳市人民政府,,https://mianyang.gov.cn,,blackhole,prefecture portal
geo.pref.广元市,geo,prefecture,广元市人民政府,,https://guangyuan.gov.cn,,blackhole,prefecture portal
geo.pref.遂宁市,geo,prefecture,遂宁市人民政府,,https://suining.gov.cn,,blackhole,prefecture portal
geo.pref.内江市,geo,prefecture,内江市人民政府,,https://neijiang.gov.cn,,blackhole,prefecture portal
geo.pref.乐山市,geo,prefecture,乐山市人民政府,,https://leshan.gov.cn,leshan,crawled,prefecture portal
geo.pref.南充市,geo,prefecture,南充市人民政府,,https://nanchong.gov.cn,,blackhole,prefecture portal
geo.pref.眉山市,geo,prefecture,眉山市人民政府,,https://meishan.gov.cn,,blackhole,prefecture portal
geo.pref.宜宾市,geo,prefecture,宜宾市人民政府,,https://yibin.gov.cn,,blackhole,prefecture portal
geo.pref.广安市,geo,prefecture,广安市人民政府,,https://guangan.gov.cn,,blackhole,prefecture portal
geo.pref.达州市,geo,prefecture,达州市人民政府,,https://dazhou.gov.cn,,blackhole,prefecture portal
geo.pref.雅安市,geo,prefecture,雅安市人民政府,,https://yaan.gov.cn,,blackhole,prefecture portal
geo.pref.巴中市,geo,prefecture,巴中市人民政府,,https://bazhong.gov.cn,,blackhole,prefecture portal
geo.pref.资阳市,geo,prefecture,资阳市人民政府,,https://ziyang.gov.cn,,blackhole,prefecture portal
geo.pref.阿坝藏族羌族自治州,geo,prefecture,阿坝藏族羌族自治州人民政府,,https://ngawa.gov.cn  (verify),,blackhole,prefecture portal
geo.pref.甘孜藏族自治州,geo,prefecture,甘孜藏族自治州人民政府,,https://garz.gov.cn  (verify),,blackhole,prefecture portal
geo.pref.凉山彝族自治州,geo,prefecture,凉山彝族自治州人民政府,,https://liangshan.gov.cn  (verify),,blackhole,prefecture portal
geo.pref.贵阳市,geo,prefecture,贵阳市人民政府,,https://gy.gov.cn,,blackhole,prefecture portal
geo.pref.六盘水市,geo,prefecture,六盘水市人民政府,,https://liupanshui.gov.cn,,blackhole,prefecture portal
geo.pref.遵义市,geo,prefecture,遵义市人民政府,,https://zunyi.gov.cn,,blackhole,prefecture portal
geo.pref.安顺市,geo,prefecture,安顺市人民政府,,https://anshun.gov.cn,,blackhole,prefecture portal
geo.pref.毕节市,geo,prefecture,毕节市人民政府,,https://bijie.gov.cn,,blackhole,prefecture portal
geo.pref.铜仁市,geo,prefecture,铜仁市人民政府,,https://tongren.gov.cn,,blackhole,prefecture portal
geo.pref.黔西南布依族苗族自治州,geo,prefecture,黔西南布依族苗族自治州人民政府,,https://qianxinan.gov.cn  (verify),,blackhole,prefecture portal
geo.pref.黔东南苗族侗族自治州,geo,prefecture,黔东南苗族侗族自治州人民政府,,https://qiandongnan.gov.cn  (verify),,blackhole,prefecture portal
geo.pref.黔南布依族苗族自治州,geo,prefecture,黔南布依族苗族自治州人民政府,,https://qiannan.gov.cn  (verify),,blackhole,prefecture portal
geo.pref.昆明市,geo,prefecture,昆明市人民政府,,https://km.gov.cn,,blackhole,prefecture portal
geo.pref.曲靖市,geo,prefecture,曲靖市人民政府,,https://qujing.gov.cn,,blackhole,prefecture portal
geo.pref.玉溪市,geo,prefecture,玉溪市人民政府,,https://yuxi.gov.cn,yuxi,crawled,prefecture portal
geo.pref.保山市,geo,prefecture,保山市人民政府,,https://baoshan.gov.cn,baoshan,crawled,prefecture portal
geo.pref.昭通市,geo,prefecture,昭通市人民政府,,https://zhaotong.gov.cn,,blackhole,prefecture portal
geo.pref.丽江市,geo,prefecture,丽江市人民政府,,https://lijiang.gov.cn,,blackhole,prefecture portal
geo.pref.普洱市,geo,prefecture,普洱市人民政府,,https://puer.gov.cn,,blackhole,prefecture portal
geo.pref.临沧市,geo,prefecture,临沧市人民政府,,https://lincang.gov.cn,,blackhole,prefecture portal
geo.pref.楚雄彝族自治州,geo,prefecture,楚雄彝族自治州人民政府,,https://chuxiong.gov.cn  (verify),,blackhole,prefecture portal
geo.pref.红河哈尼族彝族自治州,geo,prefecture,红河哈尼族彝族自治州人民政府,,https://honghe.gov.cn  (verify),,blackhole,prefecture portal
geo.pref.文山壮族苗族自治州,geo,prefecture,文山壮族苗族自治州人民政府,,https://wenshan.gov.cn  (verify),,blackhole,prefecture portal
geo.pref.西双版纳傣族自治州,geo,prefecture,西双版纳傣族自治州人民政府,,https://xishuangbanna.gov.cn  (verify),,blackhole,prefecture portal
geo.pref.大理白族自治州,geo,prefecture,大理白族自治州人民政府,,https://dali.gov.cn  (verify),,blackhole,prefecture portal
geo.pref.德宏傣族景颇族自治州,geo,prefecture,德宏傣族景颇族自治州人民政府,,https://dehong.gov.cn  (verify),,blackhole,prefecture portal
geo.pref.怒江傈僳族自治州,geo,prefecture,怒江傈僳族自治州人民政府,,https://nujiang.gov.cn  (verify),,blackhole,prefecture portal
geo.pref.迪庆藏族自治州,geo,prefecture,迪庆藏族自治州人民政府,,https://diqing.gov.cn  (verify),,blackhole,prefecture portal
geo.pref.西安市,geo,prefecture,西安市人民政府,,https://xa.gov.cn,xa,crawled,prefecture portal
geo.pref.铜川市,geo,prefecture,铜川市人民政府,,https://tongchuan.gov.cn,,stub_gated,prefecture portal
geo.pref.宝鸡市,geo,prefecture,宝鸡市人民政府,,https://baoji.gov.cn,baoji,crawled,prefecture portal
geo.pref.咸阳市,geo,prefecture,咸阳市人民政府,,https://xianyang.gov.cn,,blackhole,prefecture portal
geo.pref.渭南市,geo,prefecture,渭南市人民政府,,https://weinan.gov.cn,,blackhole,prefecture portal
geo.pref.延安市,geo,prefecture,延安市人民政府,,https://yanan.gov.cn,,blackhole,prefecture portal
geo.pref.汉中市,geo,prefecture,汉中市人民政府,,https://hanzhong.gov.cn,hanzhong,crawled,prefecture portal
geo.pref.榆林市,geo,prefecture,榆林市人民政府,,https://yulin.gov.cn,,blackhole,prefecture portal
geo.pref.安康市,geo,prefecture,安康市人民政府,,https://ankang.gov.cn,ankang,crawled,prefecture portal
geo.pref.商洛市,geo,prefecture,商洛市人民政府,,https://shangluo.gov.cn,,blackhole,prefecture portal
geo.pref.兰州市,geo,prefecture,兰州市人民政府,,https://lz.gov.cn,,blackhole,prefecture portal
geo.pref.嘉峪关市,geo,prefecture,嘉峪关市人民政府,,https://jiayuguan.gov.cn,,blackhole,prefecture portal
geo.pref.金昌市,geo,prefecture,金昌市人民政府,,https://jinchang.gov.cn,,blackhole,prefecture portal
geo.pref.白银市,geo,prefecture,白银市人民政府,,https://baiyin.gov.cn,baiyin,crawled,prefecture portal
geo.pref.天水市,geo,prefecture,天水市人民政府,,https://tianshui.gov.cn,,blackhole,prefecture portal
geo.pref.武威市,geo,prefecture,武威市人民政府,,https://wuwei.gov.cn,,blackhole,prefecture portal
geo.pref.张掖市,geo,prefecture,张掖市人民政府,,https://zhangye.gov.cn,zhangye,crawled,prefecture portal
geo.pref.平凉市,geo,prefecture,平凉市人民政府,,https://pingliang.gov.cn,pingliang,crawled,prefecture portal
geo.pref.酒泉市,geo,prefecture,酒泉市人民政府,,https://jiuquan.gov.cn,,blackhole,prefecture portal
geo.pref.庆阳市,geo,prefecture,庆阳市人民政府,,https://qingyang.gov.cn,,blackhole,prefecture portal
geo.pref.定西市,geo,prefecture,定西市人民政府,,https://dingxi.gov.cn,dingxi,crawled,prefecture portal
geo.pref.陇南市,geo,prefecture,陇南市人民政府,,https://longnan.gov.cn,,blackhole,prefecture portal
geo.pref.临夏回族自治州,geo,prefecture,临夏回族自治州人民政府,,https://linxia.gov.cn  (verify),,blackhole,prefecture portal
geo.pref.甘南藏族自治州,geo,prefecture,甘南藏族自治州人民政府,,https://gannan.gov.cn  (verify),,blackhole,prefecture portal
geo.pref.西宁市,geo,prefecture,西宁市人民政府,,https://xining.gov.cn,,blackhole,prefecture portal
geo.pref.海东市,geo,prefecture,海东市人民政府,,https://haidong.gov.cn,,blackhole,prefecture portal
geo.pref.海北藏族自治州,geo,prefecture,海北藏族自治州人民政府,,https://haibei.gov.cn  (verify),,blackhole,prefecture portal
geo.pref.黄南藏族自治州,geo,prefecture,黄南藏族自治州人民政府,,https://huangnan.gov.cn  (verify),,blackhole,prefecture portal
geo.pref.海南藏族自治州,geo,prefecture,海南藏族自治州人民政府,,https://hainan.gov.cn  (verify),,blackhole,prefecture portal
geo.pref.果洛藏族自治州,geo,prefecture,果洛藏族自治州人民政府,,https://golog.gov.cn  (verify),,blackhole,prefecture portal
geo.pref.玉树藏族自治州,geo,prefecture,玉树藏族自治州人民政府,,https://yushu.gov.cn  (verify),,blackhole,prefecture portal
geo.pref.海西蒙古族藏族自治州,geo,prefecture,海西蒙古族藏族自治州人民政府,,https://haixi.gov.cn  (verify),,blackhole,prefecture portal
geo.pref.呼和浩特市,geo,prefecture,呼和浩特市人民政府,,https://hohhot.gov.cn,,blackhole,prefecture portal
geo.pref.包头市,geo,prefecture,包头市人民政府,,https://baotou.gov.cn,,blackhole,prefecture portal
geo.pref.乌海市,geo,prefecture,乌海市人民政府,,https://wuhai.gov.cn,wuhai,crawled,prefecture portal
geo.pref.赤峰市,geo,prefecture,赤峰市人民政府,,https://chifeng.gov.cn,,reachable_uncrawled,prefecture portal
geo.pref.通辽市,geo,prefecture,通辽市人民政府,,https://tongliao.gov.cn,tongliao,crawled,prefecture portal
geo.pref.鄂尔多斯市,geo,prefecture,鄂尔多斯市人民政府,,https://ordos.gov.cn,ordos,crawled,prefecture portal
geo.pref.呼伦贝尔市,geo,prefecture,呼伦贝尔市人民政府,,https://hulunbuir.gov.cn,,blackhole,prefecture portal
geo.pref.巴彦淖尔市,geo,prefecture,巴彦淖尔市人民政府,,https://bayannur.gov.cn,,blackhole,prefecture portal
geo.pref.乌兰察布市,geo,prefecture,乌兰察布市人民政府,,https://ulanqab.gov.cn,,blackhole,prefecture portal
geo.pref.兴安盟,geo,prefecture,兴安盟人民政府,,https://xingan.gov.cn  (verify),,blackhole,prefecture portal
geo.pref.锡林郭勒盟,geo,prefecture,锡林郭勒盟人民政府,,https://xilin.gov.cn  (verify),,blackhole,prefecture portal
geo.pref.阿拉善盟,geo,prefecture,阿拉善盟人民政府,,https://alxa.gov.cn  (verify),,blackhole,prefecture portal
geo.pref.南宁市,geo,prefecture,南宁市人民政府,,https://nanning.gov.cn,,blackhole,prefecture portal
geo.pref.柳州市,geo,prefecture,柳州市人民政府,,https://liuzhou.gov.cn,liuzhou,crawled,prefecture portal
geo.pref.桂林市,geo,prefecture,桂林市人民政府,,https://guilin.gov.cn,,blackhole,prefecture portal
geo.pref.梧州市,geo,prefecture,梧州市人民政府,,https://wuzhou.gov.cn,,blackhole,prefecture portal
geo.pref.北海市,geo,prefecture,北海市人民政府,,https://beihai.gov.cn,,blackhole,prefecture portal
geo.pref.防城港市,geo,prefecture,防城港市人民政府,,https://fangchenggang.gov.cn,,blackhole,prefecture portal
geo.pref.钦州市,geo,prefecture,钦州市人民政府,,https://qinzhou.gov.cn,,blackhole,prefecture portal
geo.pref.贵港市,geo,prefecture,贵港市人民政府,,https://guigang.gov.cn,,blackhole,prefecture portal
geo.pref.玉林市,geo,prefecture,玉林市人民政府,,https://yulin.gov.cn,,blackhole,prefecture portal
geo.pref.百色市,geo,prefecture,百色市人民政府,,https://baise.gov.cn,,blackhole,prefecture portal
geo.pref.贺州市,geo,prefecture,贺州市人民政府,,https://hezhou.gov.cn,,blackhole,prefecture portal
geo.pref.河池市,geo,prefecture,河池市人民政府,,https://hechi.gov.cn,,blackhole,prefecture portal
geo.pref.来宾市,geo,prefecture,来宾市人民政府,,https://laibin.gov.cn,,blackhole,prefecture portal
geo.pref.崇左市,geo,prefecture,崇左市人民政府,,https://chongzuo.gov.cn,,blackhole,prefecture portal
geo.pref.拉萨市,geo,prefecture,拉萨市人民政府,,https://lhasa.gov.cn,,blackhole,prefecture portal
geo.pref.日喀则市,geo,prefecture,日喀则市人民政府,,https://shigatse.gov.cn,,blackhole,prefecture portal
geo.pref.昌都市,geo,prefecture,昌都市人民政府,,https://qamdo.gov.cn,,blackhole,prefecture portal
geo.pref.林芝市,geo,prefecture,林芝市人民政府,,https://nyingchi.gov.cn,,blackhole,prefecture portal
geo.pref.山南市,geo,prefecture,山南市人民政府,,https://shannan.gov.cn,shannan,crawled,prefecture portal
geo.pref.那曲市,geo,prefecture,那曲市人民政府,,,,unknown,prefecture portal
geo.pref.阿里地区,geo,prefecture,阿里地区人民政府,,https://ngari.gov.cn  (verify),,blackhole,prefecture portal
geo.pref.银川市,geo,prefecture,银川市人民政府,,https://yinchuan.gov.cn,yinchuan,crawled,prefecture portal
geo.pref.石嘴山市,geo,prefecture,石嘴山市人民政府,,https://shizuishan.gov.cn,shizuishan,crawled,prefecture portal
geo.pref.吴忠市,geo,prefecture,吴忠市人民政府,,https://wuzhong.gov.cn,wuzhong,crawled,prefecture portal
geo.pref.固原市,geo,prefecture,固原市人民政府,,https://guyuan.gov.cn,,blackhole,prefecture portal
geo.pref.中卫市,geo,prefecture,中卫市人民政府,,https://zhongwei.gov.cn,,blackhole,prefecture portal
geo.pref.乌鲁木齐市,geo,prefecture,乌鲁木齐市人民政府,,https://urumqi.gov.cn,,blackhole,prefecture portal
geo.pref.克拉玛依市,geo,prefecture,克拉玛依市人民政府,,https://karamay.gov.cn,,blackhole,prefecture portal
geo.pref.吐鲁番市,geo,prefecture,吐鲁番市人民政府,,https://turpan.gov.cn,,blackhole,prefecture portal
geo.pref.哈密市,geo,prefecture,哈密市人民政府,,https://hami.gov.cn,hami,crawled,prefecture portal
geo.pref.昌吉回族自治州,geo,prefecture,昌吉回族自治州人民政府,,https://changji.gov.cn  (verify),,blackhole,prefecture portal
geo.pref.博尔塔拉蒙古自治州,geo,prefecture,博尔塔拉蒙古自治州人民政府,,https://bortala.gov.cn  (verify),,blackhole,prefecture portal
geo.pref.巴音郭楞蒙古自治州,geo,prefecture,巴音郭楞蒙古自治州人民政府,,https://bayingolin.gov.cn  (verify),,blackhole,prefecture portal
geo.pref.克孜勒苏柯尔克孜自治州,geo,prefecture,克孜勒苏柯尔克孜自治州人民政府,,https://kizilsu.gov.cn  (verify),,blackhole,prefecture portal
geo.pref.伊犁哈萨克自治州,geo,prefecture,伊犁哈萨克自治州人民政府,,https://ili.gov.cn  (verify),,blackhole,prefecture portal
geo.pref.阿克苏地区,geo,prefecture,阿克苏地区人民政府,,https://aksu.gov.cn  (verify),,blackhole,prefecture portal
geo.pref.喀什地区,geo,prefecture,喀什地区人民政府,,https://kashgar.gov.cn  (verify),,blackhole,prefecture portal
geo.pref.和田地区,geo,prefecture,和田地区人民政府,,https://hotan.gov.cn  (verify),,blackhole,prefecture portal
geo.pref.塔城地区,geo,prefecture,塔城地区人民政府,,https://tacheng.gov.cn  (verify),,blackhole,prefecture portal
geo.pref.阿勒泰地区,geo,prefecture,阿勒泰地区人民政府,,https://altay.gov.cn  (verify),,blackhole,prefecture portal
geo.pref.阿拉尔市,geo,prefecture,阿拉尔市人民政府,,https://alar.gov.cn,,blackhole,prefecture portal
geo.pref.北屯市,geo,prefecture,北屯市人民政府,,https://beitun.gov.cn,,blackhole,prefecture portal
geo.pref.胡杨河市,geo,prefecture,胡杨河市人民政府,,https://huyanghe.gov.cn,,blackhole,prefecture portal
geo.pref.石河子市,geo,prefecture,石河子市人民政府,,https://shihezi.gov.cn,,blackhole,prefecture portal
geo.pref.图木舒克市,geo,prefecture,图木舒克市人民政府,,https://tumxuk.gov.cn,,blackhole,prefecture portal
geo.pref.五家渠市,geo,prefecture,五家渠市人民政府,,https://wujiaqu.gov.cn,,blackhole,prefecture portal
geo.pref.白杨市,geo,prefecture,白杨市人民政府,,https://baiyang.gov.cn,,blackhole,prefecture portal
geo.pref.白沙黎族自治县,geo,prefecture,白沙黎族自治县人民政府,,https://baisha.gov.cn  (verify),,blackhole,prefecture portal
geo.pref.保亭黎族苗族自治县,geo,prefecture,保亭黎族苗族自治县人民政府,,https://baoting.gov.cn  (verify),,blackhole,prefecture portal
geo.pref.昌江黎族自治县,geo,prefecture,昌江黎族自治县人民政府,,https://changjiang.gov.cn  (verify),,blackhole,prefecture portal
geo.pref.澄迈县,geo,prefecture,澄迈县人民政府,,https://chengmai.gov.cn,,blackhole,prefecture portal
geo.pref.定安县,geo,prefecture,定安县人民政府,,https://dingan.gov.cn,,blackhole,prefecture portal
geo.pref.东方市,geo,prefecture,东方市人民政府,,https://dongfang.gov.cn,,blackhole,prefecture portal
geo.pref.乐东黎族自治县,geo,prefecture,乐东黎族自治县人民政府,,https://ledong.gov.cn  (verify),,blackhole,prefecture portal
geo.pref.临高县,geo,prefecture,临高县人民政府,,https://lingao.gov.cn,,blackhole,prefecture portal
geo.pref.陵水黎族自治县,geo,prefecture,陵水黎族自治县人民政府,,https://lingshui.gov.cn  (verify),,blackhole,prefecture portal
geo.pref.琼海市,geo,prefecture,琼海市人民政府,,https://qionghai.gov.cn,,blackhole,prefecture portal
geo.pref.琼中黎族苗族自治县,geo,prefecture,琼中黎族苗族自治县人民政府,,https://qiongzhong.gov.cn  (verify),,blackhole,prefecture portal
geo.pref.屯昌县,geo,prefecture,屯昌县人民政府,,https://tunchang.gov.cn,,blackhole,prefecture portal
geo.pref.万宁市,geo,prefecture,万宁市人民政府,,https://wanning.gov.cn,,blackhole,prefecture portal
geo.pref.文昌市,geo,prefecture,文昌市人民政府,,https://wenchang.gov.cn,,blackhole,prefecture portal
geo.pref.五指山市,geo,prefecture,五指山市人民政府,,https://wuzhishan.gov.cn,,blackhole,prefecture portal
geo.pref.潜江市,geo,prefecture,潜江市人民政府,,https://qianjiang.gov.cn,qianjiang,crawled,prefecture portal
geo.pref.神农架林区,geo,prefecture,神农架林区人民政府,,https://shennongjia.gov.cn  (verify),,blackhole,prefecture portal
geo.pref.天门市,geo,prefecture,天门市人民政府,,https://tianmen.gov.cn,tianmen,crawled,prefecture portal
geo.pref.仙桃市,geo,prefecture,仙桃市人民政府,,https://xiantao.gov.cn,,blackhole,prefecture portal
geo.pref.济源市,geo,prefecture,济源市人民政府,,https://jiyuan.gov.cn,jiyuan,crawled,prefecture portal
