institution_en,institution_cn,admin_level,url,page_found_on,notes,live_status,live_tested,live_notes
The State Council of the People's Republic of China / China Government Network (中国政府网),中华人民共和国中央人民政府 / 中国政府网,central,https://www.gov.cn/,https://reconnectchina.org/items/691c549ecd9db96a0ec10a69/regulations-of-the-state-council-on-key-policies-in (and many items); Source label 中国政府网,crawl target / document Source page host; example Source page www.gov.cn/yaowen/liebiao/202509/content_7043016.htm,REACHABLE,2026-09-04,State Council policy library — we crawl (gov). Central docs mirrored here are reachable.
Ministry of Industry and Information Technology,工业和信息化部,central,https://www.miit.gov.cn/,indexed item https://reconnectchina.univie.ac.at/items/696f0406cd9db96a0e64e9e0 (Source page on miit.gov.cn),crawl target; Source page example PDF/doc under www.miit.gov.cn,REACHABLE-redirect,2026-09-04,MIIT root 307; doc sub-paths (国家无线电办公室 /xwfb/gxdt/sjdt/) REACH. We crawl (miit).
Ministry of Commerce,商务部,central,https://www.mofcom.gov.cn/,indexed item https://reconnectchina.univie.ac.at/items/6959a300cd9db96a0ed60dbe,crawl target; Source page under www.mofcom.gov.cn/zfxxgk/,REACHABLE,2026-09-04,MOFCOM — we crawl (mofcom).
Ministry of Emergency Management,应急管理部,central,https://www.mem.gov.cn/,indexed item https://reconnectchina.univie.ac.at/items/697e75d7cd9db96a0eb19e7b/...,crawl target; Source page www.mem.gov.cn/gk/...,REACHABLE,2026-09-04,MEM — reachable (22KB); govcms-configurable.
People's Bank of China,中国人民银行,central,https://www.pbc.gov.cn/,"https://reconnectchina.org/items/69a0c3a4cd9db96a0ec53bb1/... ; also items 695f7d8a..., 69a15525...",crawl target; Source pages under www.pbc.gov.cn,REACHABLE,2026-09-04,PBoC — we crawl (pbc).
Ministry of Ecology and Environment,生态环境部,central,https://www.mee.gov.cn/,indexed item https://reconnectchina.univie.ac.at/items/683ef450cd9db96a0e8c33d7,crawl target; Source page www.mee.gov.cn/xxgk2018/...,REACHABLE,2026-09-04,MEE — we crawl (mee).
Ministry of Transport,交通运输部,central,https://xxgk.mot.gov.cn/,indexed item https://reconnectchina.univie.ac.at/items/68ef013ecd9db96a0e20305f,crawl target; Source page xxgk.mot.gov.cn/2020/...,REACHABLE-thin,2026-09-04,MOT 信息公开 subdomain — 200/3.4KB. NEW sub-host (we have mot); worth a crawl probe.
Ministry of Housing and Urban-Rural Development,住房和城乡建设部,central,https://www.mohurd.gov.cn/,indexed item https://reconnectchina.univie.ac.at/items/683005f6cd9db96a0e37eb95,crawl target; Source page www.mohurd.gov.cn/gongkai/...,BLACKHOLE,2026-09-04,"MOHURD — blocked (Tier C, needs proxy)."
National Health Commission,国家卫生健康委员会,central,https://www.nhc.gov.cn/,indexed item https://reconnectchina.univie.ac.at/items/6967801ccd9db96a0e458a91,crawl target; Source page www.nhc.gov.cn/...,WAF412,2026-09-04,"NHC — blocked (Tier C, needs proxy)."
Ministry of Finance,财政部,central,https://www.mof.gov.cn/,"indexed items using jkw.mof.gov.cn and jrs.mof.gov.cn subdomains (6899ef25..., 6870f9f1...)",crawl target; evidenced Source pages on jkw.mof.gov.cn and jrs.mof.gov.cn,REACHABLE-thin,2026-09-04,MOF root 200 but only 2.5KB (JS shell); we crawl via mof.py gazette.
Ministry of Finance (Treasury/Education funds site),财政部,central,https://jkw.mof.gov.cn/,https://reconnectchina.univie.ac.at/items/6899ef25cd9db96a0e05012b,Source page host for MOF notices,ERR502,2026-09-04,"MOF sub-bureau subdomain (国库司/金库) — 502 from our IP. NEW, not crawled, blocked."
Ministry of Finance (Financial affairs site),财政部,central,https://jrs.mof.gov.cn/,https://reconnectchina.univie.ac.at/items/6870f9f1cd9db96a0ee14227,Source page host for MOF notices,ERR502,2026-09-04,"MOF 金融司 subdomain — 502 from our IP. NEW, not crawled, blocked."
Guangdong Provincial People's Government,广东省 / 广东省人民政府,provincial,https://www.gd.gov.cn/,"indexed items 692113b2..., 68f7816d...",crawl target (issuer 广东省); Source pages under www.gd.gov.cn/zwgk/...,REACHABLE,2026-09-04,Guangdong — we crawl (gd).
Beijing Municipal People's Government,北京市 / 北京市人民政府,provincial,https://www.beijing.gov.cn/,indexed item https://reconnectchina.univie.ac.at/items/67e6ac2e4abccd01688a65f7,crawl target (issuer 北京市); Source page www.beijing.gov.cn/zhengce/...,REACHABLE-redirect,2026-09-04,Beijing root 307; doc pages REACH (42KB). We crawl (bj).
Sichuan Provincial People's Government,四川省 / 四川省人民政府,provincial,https://www.sc.gov.cn/,indexed item https://reconnectchina.univie.ac.at/items/69251c7ecd9db96a0e752a8c/...,crawl target (issuer 四川省); Source page www.sc.gov.cn/...,BLACKHOLE,2026-09-04,"Sichuan — blocked (Tier C, needs proxy)."
Heilongjiang Provincial People's Government,黑龙江省 / 黑龙江省人民政府,provincial,https://www.hlj.gov.cn/,indexed item https://reconnectchina.univie.ac.at/items/6912555bcd9db96a0ed9c78d,crawl target (issuer 黑龙江省); Source page www.hlj.gov.cn/...,ERR502,2026-09-04,Heilongjiang main portal 502 from our IP — we crawl via dept subdomains (hlj main blocked).
National People's Congress of the People's Republic of China,中华人民共和国全国人民代表大会,central,,reconnectchina.org frontend issuer filter (assets/item-url-*.js / search-*.js); search UI 'Issuer' + 'Level: Central Authorities',listed as searchable issuer / crawl coverage unit; specific portal URL not published on public Sources page (none exists),no-seed-url,,
Supreme People's Court of the People's Republic of China,中华人民共和国最高人民法院,central,,reconnectchina.org frontend issuer filter (assets/item-url-*.js / search-*.js); search UI 'Issuer' + 'Level: Central Authorities',listed as searchable issuer / crawl coverage unit; specific portal URL not published on public Sources page (none exists),no-seed-url,,
Ministry of Human Resources and Social Security,人力资源和社会保障部,central,,reconnectchina.org frontend issuer filter (assets/item-url-*.js / search-*.js); search UI 'Issuer' + 'Level: Central Authorities',listed as searchable issuer / crawl coverage unit; specific portal URL not published on public Sources page (none exists),no-seed-url,,
Ministry of Public Security,公安部,central,,reconnectchina.org frontend issuer filter (assets/item-url-*.js / search-*.js); search UI 'Issuer' + 'Level: Central Authorities',listed as searchable issuer / crawl coverage unit; specific portal URL not published on public Sources page (none exists),no-seed-url,,
Ministry of Agriculture and Rural Affairs,农业农村部,central,,reconnectchina.org frontend issuer filter (assets/item-url-*.js / search-*.js); search UI 'Issuer' + 'Level: Central Authorities',listed as searchable issuer / crawl coverage unit; specific portal URL not published on public Sources page (none exists),no-seed-url,,
Ministry of Justice,司法部,central,,reconnectchina.org frontend issuer filter (assets/item-url-*.js / search-*.js); search UI 'Issuer' + 'Level: Central Authorities',listed as searchable issuer / crawl coverage unit; specific portal URL not published on public Sources page (none exists),no-seed-url,,
National Development and Reform Commission,国家发展和改革委员会,central,,reconnectchina.org frontend issuer filter (assets/item-url-*.js / search-*.js); search UI 'Issuer' + 'Level: Central Authorities',listed as searchable issuer / crawl coverage unit; specific portal URL not published on public Sources page (none exists),no-seed-url,,
Ministry of State Security,国家安全部,central,,reconnectchina.org frontend issuer filter (assets/item-url-*.js / search-*.js); search UI 'Issuer' + 'Level: Central Authorities',listed as searchable issuer / crawl coverage unit; specific portal URL not published on public Sources page (none exists),no-seed-url,,
National Ethnic Affairs Commission,国家民族事务委员会,central,,reconnectchina.org frontend issuer filter (assets/item-url-*.js / search-*.js); search UI 'Issuer' + 'Level: Central Authorities',listed as searchable issuer / crawl coverage unit; specific portal URL not published on public Sources page (none exists),no-seed-url,,
Ministry of National Defense,国防部,central,,reconnectchina.org frontend issuer filter (assets/item-url-*.js / search-*.js); search UI 'Issuer' + 'Level: Central Authorities',listed as searchable issuer / crawl coverage unit; specific portal URL not published on public Sources page (none exists),no-seed-url,,
Ministry of Foreign Affairs,外交部,central,,reconnectchina.org frontend issuer filter (assets/item-url-*.js / search-*.js); search UI 'Issuer' + 'Level: Central Authorities',listed as searchable issuer / crawl coverage unit; specific portal URL not published on public Sources page (none exists),no-seed-url,,
National Audit Office,审计署,central,,reconnectchina.org frontend issuer filter (assets/item-url-*.js / search-*.js); search UI 'Issuer' + 'Level: Central Authorities',listed as searchable issuer / crawl coverage unit; specific portal URL not published on public Sources page (none exists),no-seed-url,,
Communication Department,宣传部,central,,reconnectchina.org frontend issuer filter (assets/item-url-*.js / search-*.js); search UI 'Issuer' + 'Level: Central Authorities',listed as searchable issuer / crawl coverage unit; specific portal URL not published on public Sources page (none exists),no-seed-url,,
Ministry of Education,教育部,central,,reconnectchina.org frontend issuer filter (assets/item-url-*.js / search-*.js); search UI 'Issuer' + 'Level: Central Authorities',listed as searchable issuer / crawl coverage unit; specific portal URL not published on public Sources page (none exists),no-seed-url,,
Ministry of Culture and Tourism,文化和旅游部,central,,reconnectchina.org frontend issuer filter (assets/item-url-*.js / search-*.js); search UI 'Issuer' + 'Level: Central Authorities',listed as searchable issuer / crawl coverage unit; specific portal URL not published on public Sources page (none exists),no-seed-url,,
Ministry of Civil Affairs,民政部,central,,reconnectchina.org frontend issuer filter (assets/item-url-*.js / search-*.js); search UI 'Issuer' + 'Level: Central Authorities',listed as searchable issuer / crawl coverage unit; specific portal URL not published on public Sources page (none exists),no-seed-url,,
Ministry of Water Resources,水利部,central,,reconnectchina.org frontend issuer filter (assets/item-url-*.js / search-*.js); search UI 'Issuer' + 'Level: Central Authorities',listed as searchable issuer / crawl coverage unit; specific portal URL not published on public Sources page (none exists),no-seed-url,,
Ministry of Science and Technology,科学技术部,central,,reconnectchina.org frontend issuer filter (assets/item-url-*.js / search-*.js); search UI 'Issuer' + 'Level: Central Authorities',listed as searchable issuer / crawl coverage unit; specific portal URL not published on public Sources page (none exists),no-seed-url,,
Ministry of Natural Resources,自然资源部,central,,reconnectchina.org frontend issuer filter (assets/item-url-*.js / search-*.js); search UI 'Issuer' + 'Level: Central Authorities',listed as searchable issuer / crawl coverage unit; specific portal URL not published on public Sources page (none exists),no-seed-url,,
Ministry of Veterans Affairs,退役军人事务部,central,,reconnectchina.org frontend issuer filter (assets/item-url-*.js / search-*.js); search UI 'Issuer' + 'Level: Central Authorities',listed as searchable issuer / crawl coverage unit; specific portal URL not published on public Sources page (none exists),no-seed-url,,
Shanghai (provincial-level unit),上海市,provincial,,reconnectchina.org frontend issuer filter (provinces list in item-url/search JS),listed as searchable issuer / scrape target class; D3.7: provincial websites crawled; portal URL not listed on public pages,no-seed-url,,
Yunnan (provincial-level unit),云南省,provincial,,reconnectchina.org frontend issuer filter (provinces list in item-url/search JS),listed as searchable issuer / scrape target class; D3.7: provincial websites crawled; portal URL not listed on public pages,no-seed-url,,
Inner Mongolia (provincial-level unit),内蒙古自治区,provincial,,reconnectchina.org frontend issuer filter (provinces list in item-url/search JS),listed as searchable issuer / scrape target class; D3.7: provincial websites crawled; portal URL not listed on public pages,no-seed-url,,
Jilin (provincial-level unit),吉林省,provincial,,reconnectchina.org frontend issuer filter (provinces list in item-url/search JS),listed as searchable issuer / scrape target class; D3.7: provincial websites crawled; portal URL not listed on public pages,no-seed-url,,
Tianjin (provincial-level unit),天津市,provincial,,reconnectchina.org frontend issuer filter (provinces list in item-url/search JS),listed as searchable issuer / scrape target class; D3.7: provincial websites crawled; portal URL not listed on public pages,no-seed-url,,
Ningxia (provincial-level unit),宁夏回族自治区,provincial,,reconnectchina.org frontend issuer filter (provinces list in item-url/search JS),listed as searchable issuer / scrape target class; D3.7: provincial websites crawled; portal URL not listed on public pages,no-seed-url,,
Anhui (provincial-level unit),安徽省,provincial,,reconnectchina.org frontend issuer filter (provinces list in item-url/search JS),listed as searchable issuer / scrape target class; D3.7: provincial websites crawled; portal URL not listed on public pages,no-seed-url,,
Shandong (provincial-level unit),山东省,provincial,,reconnectchina.org frontend issuer filter (provinces list in item-url/search JS),listed as searchable issuer / scrape target class; D3.7: provincial websites crawled; portal URL not listed on public pages,no-seed-url,,
Jiangxi (provincial-level unit),江西省,provincial,,reconnectchina.org frontend issuer filter (provinces list in item-url/search JS),listed as searchable issuer / scrape target class; D3.7: provincial websites crawled; portal URL not listed on public pages,no-seed-url,,
Shanxi (provincial-level unit),山西省,provincial,,reconnectchina.org frontend issuer filter (provinces list in item-url/search JS),listed as searchable issuer / scrape target class; D3.7: provincial websites crawled; portal URL not listed on public pages,no-seed-url,,
Guangxi (provincial-level unit),广西壮族自治区,provincial,,reconnectchina.org frontend issuer filter (provinces list in item-url/search JS),listed as searchable issuer / scrape target class; D3.7: provincial websites crawled; portal URL not listed on public pages,no-seed-url,,
Xinjiang (provincial-level unit),新疆维吾尔自治区,provincial,,reconnectchina.org frontend issuer filter (provinces list in item-url/search JS),listed as searchable issuer / scrape target class; D3.7: provincial websites crawled; portal URL not listed on public pages,no-seed-url,,
Jiangsu (provincial-level unit),江苏省,provincial,,reconnectchina.org frontend issuer filter (provinces list in item-url/search JS),listed as searchable issuer / scrape target class; D3.7: provincial websites crawled; portal URL not listed on public pages,no-seed-url,,
Fujian (provincial-level unit),福建省,provincial,,reconnectchina.org frontend issuer filter (provinces list in item-url/search JS),listed as searchable issuer / scrape target class; D3.7: provincial websites crawled; portal URL not listed on public pages,no-seed-url,,
Hebei (provincial-level unit),河北省,provincial,,reconnectchina.org frontend issuer filter (provinces list in item-url/search JS),listed as searchable issuer / scrape target class; D3.7: provincial websites crawled; portal URL not listed on public pages,no-seed-url,,
Henan (provincial-level unit),河南省,provincial,,reconnectchina.org frontend issuer filter (provinces list in item-url/search JS),listed as searchable issuer / scrape target class; D3.7: provincial websites crawled; portal URL not listed on public pages,no-seed-url,,
Zhejiang (provincial-level unit),浙江省,provincial,,reconnectchina.org frontend issuer filter (provinces list in item-url/search JS),listed as searchable issuer / scrape target class; D3.7: provincial websites crawled; portal URL not listed on public pages,no-seed-url,,
Hainan (provincial-level unit),海南省,provincial,,reconnectchina.org frontend issuer filter (provinces list in item-url/search JS),listed as searchable issuer / scrape target class; D3.7: provincial websites crawled; portal URL not listed on public pages,no-seed-url,,
Hubei (provincial-level unit),湖北省,provincial,,reconnectchina.org frontend issuer filter (provinces list in item-url/search JS),listed as searchable issuer / scrape target class; D3.7: provincial websites crawled; portal URL not listed on public pages,no-seed-url,,
Hunan (provincial-level unit),湖南省,provincial,,reconnectchina.org frontend issuer filter (provinces list in item-url/search JS),listed as searchable issuer / scrape target class; D3.7: provincial websites crawled; portal URL not listed on public pages,no-seed-url,,
Gansu (provincial-level unit),甘肃省,provincial,,reconnectchina.org frontend issuer filter (provinces list in item-url/search JS),listed as searchable issuer / scrape target class; D3.7: provincial websites crawled; portal URL not listed on public pages,no-seed-url,,
Tibet (provincial-level unit),西藏自治区,provincial,,reconnectchina.org frontend issuer filter (provinces list in item-url/search JS),listed as searchable issuer / scrape target class; D3.7: provincial websites crawled; portal URL not listed on public pages,no-seed-url,,
Guizhou (provincial-level unit),贵州省,provincial,,reconnectchina.org frontend issuer filter (provinces list in item-url/search JS),listed as searchable issuer / scrape target class; D3.7: provincial websites crawled; portal URL not listed on public pages,no-seed-url,,
Liaoning (provincial-level unit),辽宁省,provincial,,reconnectchina.org frontend issuer filter (provinces list in item-url/search JS),listed as searchable issuer / scrape target class; D3.7: provincial websites crawled; portal URL not listed on public pages,no-seed-url,,
Chongqing (provincial-level unit),重庆市,provincial,,reconnectchina.org frontend issuer filter (provinces list in item-url/search JS),listed as searchable issuer / scrape target class; D3.7: provincial websites crawled; portal URL not listed on public pages,no-seed-url,,
Shaanxi (provincial-level unit),陕西省,provincial,,reconnectchina.org frontend issuer filter (provinces list in item-url/search JS),listed as searchable issuer / scrape target class; D3.7: provincial websites crawled; portal URL not listed on public pages,no-seed-url,,
Qinghai (provincial-level unit),青海省,provincial,,reconnectchina.org frontend issuer filter (provinces list in item-url/search JS),listed as searchable issuer / scrape target class; D3.7: provincial websites crawled; portal URL not listed on public pages,no-seed-url,,
Qitaihe,七台河市,municipal/prefecture,,reconnectchina.org frontend issuer filter (cities list in item-url/search JS); Level: Prefecture-level units,listed as searchable issuer / scrape target; D3.7 ~100 localities queried daily; specific portal URL not published on public pages,no-seed-url,,
Sanya,三亚市,municipal/prefecture,,reconnectchina.org frontend issuer filter (cities list in item-url/search JS); Level: Prefecture-level units,listed as searchable issuer / scrape target; D3.7 ~100 localities queried daily; specific portal URL not published on public pages,no-seed-url,,
Sanming,三明市,municipal/prefecture,,reconnectchina.org frontend issuer filter (cities list in item-url/search JS); Level: Prefecture-level units,listed as searchable issuer / scrape target; D3.7 ~100 localities queried daily; specific portal URL not published on public pages,no-seed-url,,
Sanmenxia,三门峡市,municipal/prefecture,,reconnectchina.org frontend issuer filter (cities list in item-url/search JS); Level: Prefecture-level units,listed as searchable issuer / scrape target; D3.7 ~100 localities queried daily; specific portal URL not published on public pages,no-seed-url,,
Shangrao,上饶市,municipal/prefecture,,reconnectchina.org frontend issuer filter (cities list in item-url/search JS); Level: Prefecture-level units,listed as searchable issuer / scrape target; D3.7 ~100 localities queried daily; specific portal URL not published on public pages,no-seed-url,,
Dongying,东营市,municipal/prefecture,,reconnectchina.org frontend issuer filter (cities list in item-url/search JS); Level: Prefecture-level units,listed as searchable issuer / scrape target; D3.7 ~100 localities queried daily; specific portal URL not published on public pages,no-seed-url,,
Zhongwei,中卫市,municipal/prefecture,,reconnectchina.org frontend issuer filter (cities list in item-url/search JS); Level: Prefecture-level units,listed as searchable issuer / scrape target; D3.7 ~100 localities queried daily; specific portal URL not published on public pages,no-seed-url,,
Linxia Hui Autonomous Prefecture,临夏回族自治州,municipal/prefecture,,reconnectchina.org frontend issuer filter (cities list in item-url/search JS); Level: Prefecture-level units,listed as searchable issuer / scrape target; D3.7 ~100 localities queried daily; specific portal URL not published on public pages,no-seed-url,,
Linfen,临汾市,municipal/prefecture,,reconnectchina.org frontend issuer filter (cities list in item-url/search JS); Level: Prefecture-level units,listed as searchable issuer / scrape target; D3.7 ~100 localities queried daily; specific portal URL not published on public pages,no-seed-url,,
Linyi,临沂市,municipal/prefecture,,reconnectchina.org frontend issuer filter (cities list in item-url/search JS); Level: Prefecture-level units,listed as searchable issuer / scrape target; D3.7 ~100 localities queried daily; specific portal URL not published on public pages,no-seed-url,,
Lincang,临沧市,municipal/prefecture,,reconnectchina.org frontend issuer filter (cities list in item-url/search JS); Level: Prefecture-level units,listed as searchable issuer / scrape target; D3.7 ~100 localities queried daily; specific portal URL not published on public pages,no-seed-url,,
Dandong,丹东市,municipal/prefecture,,reconnectchina.org frontend issuer filter (cities list in item-url/search JS); Level: Prefecture-level units,listed as searchable issuer / scrape target; D3.7 ~100 localities queried daily; specific portal URL not published on public pages,no-seed-url,,
Lishui,丽水市,municipal/prefecture,,reconnectchina.org frontend issuer filter (cities list in item-url/search JS); Level: Prefecture-level units,listed as searchable issuer / scrape target; D3.7 ~100 localities queried daily; specific portal URL not published on public pages,no-seed-url,,
Lijiang,丽江市,municipal/prefecture,,reconnectchina.org frontend issuer filter (cities list in item-url/search JS); Level: Prefecture-level units,listed as searchable issuer / scrape target; D3.7 ~100 localities queried daily; specific portal URL not published on public pages,no-seed-url,,
Urumqi,乌鲁木齐市,municipal/prefecture,,reconnectchina.org frontend issuer filter (cities list in item-url/search JS); Level: Prefecture-level units,listed as searchable issuer / scrape target; D3.7 ~100 localities queried daily; specific portal URL not published on public pages,no-seed-url,,
Leshan,乐山市,municipal/prefecture,,reconnectchina.org frontend issuer filter (cities list in item-url/search JS); Level: Prefecture-level units,listed as searchable issuer / scrape target; D3.7 ~100 localities queried daily; specific portal URL not published on public pages,no-seed-url,,
Jiujiang,九江市,municipal/prefecture,,reconnectchina.org frontend issuer filter (cities list in item-url/search JS); Level: Prefecture-level units,listed as searchable issuer / scrape target; D3.7 ~100 localities queried daily; specific portal URL not published on public pages,no-seed-url,,
Yunfu,云浮市,municipal/prefecture,,reconnectchina.org frontend issuer filter (cities list in item-url/search JS); Level: Prefecture-level units,listed as searchable issuer / scrape target; D3.7 ~100 localities queried daily; specific portal URL not published on public pages,no-seed-url,,
Bozhou,亳州市,municipal/prefecture,,reconnectchina.org frontend issuer filter (cities list in item-url/search JS); Level: Prefecture-level units,listed as searchable issuer / scrape target; D3.7 ~100 localities queried daily; specific portal URL not published on public pages,no-seed-url,,
Yichun,伊春市,municipal/prefecture,,reconnectchina.org frontend issuer filter (cities list in item-url/search JS); Level: Prefecture-level units,listed as searchable issuer / scrape target; D3.7 ~100 localities queried daily; specific portal URL not published on public pages,no-seed-url,,
Ili Kazakh Autonomous Prefecture,伊犁哈萨克自治州,municipal/prefecture,,reconnectchina.org frontend issuer filter (cities list in item-url/search JS); Level: Prefecture-level units,listed as searchable issuer / scrape target; D3.7 ~100 localities queried daily; specific portal URL not published on public pages,no-seed-url,,
Foshan,佛山市,municipal/prefecture,,reconnectchina.org frontend issuer filter (cities list in item-url/search JS); Level: Prefecture-level units,listed as searchable issuer / scrape target; D3.7 ~100 localities queried daily; specific portal URL not published on public pages,no-seed-url,,
Jiamusi,佳木斯市,municipal/prefecture,,reconnectchina.org frontend issuer filter (cities list in item-url/search JS); Level: Prefecture-level units,listed as searchable issuer / scrape target; D3.7 ~100 localities queried daily; specific portal URL not published on public pages,no-seed-url,,
Baoding,保定市,municipal/prefecture,,reconnectchina.org frontend issuer filter (cities list in item-url/search JS); Level: Prefecture-level units,listed as searchable issuer / scrape target; D3.7 ~100 localities queried daily; specific portal URL not published on public pages,no-seed-url,,
Baoshan,保山市,municipal/prefecture,,reconnectchina.org frontend issuer filter (cities list in item-url/search JS); Level: Prefecture-level units,listed as searchable issuer / scrape target; D3.7 ~100 localities queried daily; specific portal URL not published on public pages,no-seed-url,,
Xinyang,信阳市,municipal/prefecture,,reconnectchina.org frontend issuer filter (cities list in item-url/search JS); Level: Prefecture-level units,listed as searchable issuer / scrape target; D3.7 ~100 localities queried daily; specific portal URL not published on public pages,no-seed-url,,
Danzhou,儋州市,municipal/prefecture,,reconnectchina.org frontend issuer filter (cities list in item-url/search JS); Level: Prefecture-level units,listed as searchable issuer / scrape target; D3.7 ~100 localities queried daily; specific portal URL not published on public pages,no-seed-url,,
Kizilsu Kirghiz Autonomous Prefecture,克孜勒苏柯尔克孜自治州,municipal/prefecture,,reconnectchina.org frontend issuer filter (cities list in item-url/search JS); Level: Prefecture-level units,listed as searchable issuer / scrape target; D3.7 ~100 localities queried daily; specific portal URL not published on public pages,no-seed-url,,
Karamay,克拉玛依市,municipal/prefecture,,reconnectchina.org frontend issuer filter (cities list in item-url/search JS); Level: Prefecture-level units,listed as searchable issuer / scrape target; D3.7 ~100 localities queried daily; specific portal URL not published on public pages,no-seed-url,,
Lu'an,六安市,municipal/prefecture,,reconnectchina.org frontend issuer filter (cities list in item-url/search JS); Level: Prefecture-level units,listed as searchable issuer / scrape target; D3.7 ~100 localities queried daily; specific portal URL not published on public pages,no-seed-url,,
Liupanshui,六盘水市,municipal/prefecture,,reconnectchina.org frontend issuer filter (cities list in item-url/search JS); Level: Prefecture-level units,listed as searchable issuer / scrape target; D3.7 ~100 localities queried daily; specific portal URL not published on public pages,no-seed-url,,
Lanzhou,兰州市,municipal/prefecture,,reconnectchina.org frontend issuer filter (cities list in item-url/search JS); Level: Prefecture-level units,listed as searchable issuer / scrape target; D3.7 ~100 localities queried daily; specific portal URL not published on public pages,no-seed-url,,
Xing'an League,兴安盟,municipal/prefecture,,reconnectchina.org frontend issuer filter (cities list in item-url/search JS); Level: Prefecture-level units,listed as searchable issuer / scrape target; D3.7 ~100 localities queried daily; specific portal URL not published on public pages,no-seed-url,,
Neijiang,内江市,municipal/prefecture,,reconnectchina.org frontend issuer filter (cities list in item-url/search JS); Level: Prefecture-level units,listed as searchable issuer / scrape target; D3.7 ~100 localities queried daily; specific portal URL not published on public pages,no-seed-url,,
Liangshan Yi Autonomous Prefecture,凉山彝族自治州,municipal/prefecture,,reconnectchina.org frontend issuer filter (cities list in item-url/search JS); Level: Prefecture-level units,listed as searchable issuer / scrape target; D3.7 ~100 localities queried daily; specific portal URL not published on public pages,no-seed-url,,
Beihai,北海市,municipal/prefecture,,reconnectchina.org frontend issuer filter (cities list in item-url/search JS); Level: Prefecture-level units,listed as searchable issuer / scrape target; D3.7 ~100 localities queried daily; specific portal URL not published on public pages,no-seed-url,,
Shiyan,十堰市,municipal/prefecture,,reconnectchina.org frontend issuer filter (cities list in item-url/search JS); Level: Prefecture-level units,listed as searchable issuer / scrape target; D3.7 ~100 localities queried daily; specific portal URL not published on public pages,no-seed-url,,
Nanjing,南京市,municipal/prefecture,,reconnectchina.org frontend issuer filter (cities list in item-url/search JS); Level: Prefecture-level units,listed as searchable issuer / scrape target; D3.7 ~100 localities queried daily; specific portal URL not published on public pages,no-seed-url,,
Nanchong,南充市,municipal/prefecture,,reconnectchina.org frontend issuer filter (cities list in item-url/search JS); Level: Prefecture-level units,listed as searchable issuer / scrape target; D3.7 ~100 localities queried daily; specific portal URL not published on public pages,no-seed-url,,
Nanning,南宁市,municipal/prefecture,,reconnectchina.org frontend issuer filter (cities list in item-url/search JS); Level: Prefecture-level units,listed as searchable issuer / scrape target; D3.7 ~100 localities queried daily; specific portal URL not published on public pages,no-seed-url,,
Nanping,南平市,municipal/prefecture,,reconnectchina.org frontend issuer filter (cities list in item-url/search JS); Level: Prefecture-level units,listed as searchable issuer / scrape target; D3.7 ~100 localities queried daily; specific portal URL not published on public pages,no-seed-url,,
Nanchang,南昌市,municipal/prefecture,,reconnectchina.org frontend issuer filter (cities list in item-url/search JS); Level: Prefecture-level units,listed as searchable issuer / scrape target; D3.7 ~100 localities queried daily; specific portal URL not published on public pages,no-seed-url,,
Nantong,南通市,municipal/prefecture,,reconnectchina.org frontend issuer filter (cities list in item-url/search JS); Level: Prefecture-level units,listed as searchable issuer / scrape target; D3.7 ~100 localities queried daily; specific portal URL not published on public pages,no-seed-url,,
Nanyang,南阳市,municipal/prefecture,,reconnectchina.org frontend issuer filter (cities list in item-url/search JS); Level: Prefecture-level units,listed as searchable issuer / scrape target; D3.7 ~100 localities queried daily; specific portal URL not published on public pages,no-seed-url,,
Bortala Mongol Autonomous Prefecture,博尔塔拉蒙古自治州,municipal/prefecture,,reconnectchina.org frontend issuer filter (cities list in item-url/search JS); Level: Prefecture-level units,listed as searchable issuer / scrape target; D3.7 ~100 localities queried daily; specific portal URL not published on public pages,no-seed-url,,
Xiamen,厦门市,municipal/prefecture,,reconnectchina.org frontend issuer filter (cities list in item-url/search JS); Level: Prefecture-level units,listed as searchable issuer / scrape target; D3.7 ~100 localities queried daily; specific portal URL not published on public pages,no-seed-url,,
Shuangyashan,双鸭山市,municipal/prefecture,,reconnectchina.org frontend issuer filter (cities list in item-url/search JS); Level: Prefecture-level units,listed as searchable issuer / scrape target; D3.7 ~100 localities queried daily; specific portal URL not published on public pages,no-seed-url,,
Taizhou,台州市,municipal/prefecture,,reconnectchina.org frontend issuer filter (cities list in item-url/search JS); Level: Prefecture-level units,listed as searchable issuer / scrape target; D3.7 ~100 localities queried daily; specific portal URL not published on public pages,no-seed-url,,
Hefei,合肥市,municipal/prefecture,,reconnectchina.org frontend issuer filter (cities list in item-url/search JS); Level: Prefecture-level units,listed as searchable issuer / scrape target; D3.7 ~100 localities queried daily; specific portal URL not published on public pages,no-seed-url,,
Ji'an,吉安市,municipal/prefecture,,reconnectchina.org frontend issuer filter (cities list in item-url/search JS); Level: Prefecture-level units,listed as searchable issuer / scrape target; D3.7 ~100 localities queried daily; specific portal URL not published on public pages,no-seed-url,,
Jilin City,吉林市,municipal/prefecture,,reconnectchina.org frontend issuer filter (cities list in item-url/search JS); Level: Prefecture-level units,listed as searchable issuer / scrape target; D3.7 ~100 localities queried daily; specific portal URL not published on public pages,no-seed-url,,
Turpan,吐鲁番市,municipal/prefecture,,reconnectchina.org frontend issuer filter (cities list in item-url/search JS); Level: Prefecture-level units,listed as searchable issuer / scrape target; D3.7 ~100 localities queried daily; specific portal URL not published on public pages,no-seed-url,,
Lüliang,吕梁市,municipal/prefecture,,reconnectchina.org frontend issuer filter (cities list in item-url/search JS); Level: Prefecture-level units,listed as searchable issuer / scrape target; D3.7 ~100 localities queried daily; specific portal URL not published on public pages,no-seed-url,,
Wuzhong,吴忠市,municipal/prefecture,,reconnectchina.org frontend issuer filter (cities list in item-url/search JS); Level: Prefecture-level units,listed as searchable issuer / scrape target; D3.7 ~100 localities queried daily; specific portal URL not published on public pages,no-seed-url,,
Zhoukou,周口市,municipal/prefecture,,reconnectchina.org frontend issuer filter (cities list in item-url/search JS); Level: Prefecture-level units,listed as searchable issuer / scrape target; D3.7 ~100 localities queried daily; specific portal URL not published on public pages,no-seed-url,,
Hotan Prefecture,和田地区,municipal/prefecture,,reconnectchina.org frontend issuer filter (cities list in item-url/search JS); Level: Prefecture-level units,listed as searchable issuer / scrape target; D3.7 ~100 localities queried daily; specific portal URL not published on public pages,no-seed-url,,
Xianning,咸宁市,municipal/prefecture,,reconnectchina.org frontend issuer filter (cities list in item-url/search JS); Level: Prefecture-level units,listed as searchable issuer / scrape target; D3.7 ~100 localities queried daily; specific portal URL not published on public pages,no-seed-url,,
Xianyang,咸阳市,municipal/prefecture,,reconnectchina.org frontend issuer filter (cities list in item-url/search JS); Level: Prefecture-level units,listed as searchable issuer / scrape target; D3.7 ~100 localities queried daily; specific portal URL not published on public pages,no-seed-url,,
Hami,哈密市,municipal/prefecture,,reconnectchina.org frontend issuer filter (cities list in item-url/search JS); Level: Prefecture-level units,listed as searchable issuer / scrape target; D3.7 ~100 localities queried daily; specific portal URL not published on public pages,no-seed-url,,
Harbin,哈尔滨市,municipal/prefecture,,reconnectchina.org frontend issuer filter (cities list in item-url/search JS); Level: Prefecture-level units,listed as searchable issuer / scrape target; D3.7 ~100 localities queried daily; specific portal URL not published on public pages,no-seed-url,,
Tangshan,唐山市,municipal/prefecture,,reconnectchina.org frontend issuer filter (cities list in item-url/search JS); Level: Prefecture-level units,listed as searchable issuer / scrape target; D3.7 ~100 localities queried daily; specific portal URL not published on public pages,no-seed-url,,
Shangqiu,商丘市,municipal/prefecture,,reconnectchina.org frontend issuer filter (cities list in item-url/search JS); Level: Prefecture-level units,listed as searchable issuer / scrape target; D3.7 ~100 localities queried daily; specific portal URL not published on public pages,no-seed-url,,
Shangluo,商洛市,municipal/prefecture,,reconnectchina.org frontend issuer filter (cities list in item-url/search JS); Level: Prefecture-level units,listed as searchable issuer / scrape target; D3.7 ~100 localities queried daily; specific portal URL not published on public pages,no-seed-url,,
Kashgar Prefecture,喀什地区,municipal/prefecture,,reconnectchina.org frontend issuer filter (cities list in item-url/search JS); Level: Prefecture-level units,listed as searchable issuer / scrape target; D3.7 ~100 localities queried daily; specific portal URL not published on public pages,no-seed-url,,
Jiaxing,嘉兴市,municipal/prefecture,,reconnectchina.org frontend issuer filter (cities list in item-url/search JS); Level: Prefecture-level units,listed as searchable issuer / scrape target; D3.7 ~100 localities queried daily; specific portal URL not published on public pages,no-seed-url,,
Jiayuguan,嘉峪关市,municipal/prefecture,,reconnectchina.org frontend issuer filter (cities list in item-url/search JS); Level: Prefecture-level units,listed as searchable issuer / scrape target; D3.7 ~100 localities queried daily; specific portal URL not published on public pages,no-seed-url,,
Siping,四平市,municipal/prefecture,,reconnectchina.org frontend issuer filter (cities list in item-url/search JS); Level: Prefecture-level units,listed as searchable issuer / scrape target; D3.7 ~100 localities queried daily; specific portal URL not published on public pages,no-seed-url,,
Guyuan,固原市,municipal/prefecture,,reconnectchina.org frontend issuer filter (cities list in item-url/search JS); Level: Prefecture-level units,listed as searchable issuer / scrape target; D3.7 ~100 localities queried daily; specific portal URL not published on public pages,no-seed-url,,
Tacheng Prefecture,塔城地区,municipal/prefecture,,reconnectchina.org frontend issuer filter (cities list in item-url/search JS); Level: Prefecture-level units,listed as searchable issuer / scrape target; D3.7 ~100 localities queried daily; specific portal URL not published on public pages,no-seed-url,,
Daxing'anling Prefecture,大兴安岭地区,municipal/prefecture,,reconnectchina.org frontend issuer filter (cities list in item-url/search JS); Level: Prefecture-level units,listed as searchable issuer / scrape target; D3.7 ~100 localities queried daily; specific portal URL not published on public pages,no-seed-url,,
Datong,大同市,municipal/prefecture,,reconnectchina.org frontend issuer filter (cities list in item-url/search JS); Level: Prefecture-level units,listed as searchable issuer / scrape target; D3.7 ~100 localities queried daily; specific portal URL not published on public pages,no-seed-url,,
Daqing,大庆市,municipal/prefecture,,reconnectchina.org frontend issuer filter (cities list in item-url/search JS); Level: Prefecture-level units,listed as searchable issuer / scrape target; D3.7 ~100 localities queried daily; specific portal URL not published on public pages,no-seed-url,,
Dali Bai Autonomous Prefecture,大理白族自治州,municipal/prefecture,,reconnectchina.org frontend issuer filter (cities list in item-url/search JS); Level: Prefecture-level units,listed as searchable issuer / scrape target; D3.7 ~100 localities queried daily; specific portal URL not published on public pages,no-seed-url,,
Dalian,大连市,municipal/prefecture,,reconnectchina.org frontend issuer filter (cities list in item-url/search JS); Level: Prefecture-level units,listed as searchable issuer / scrape target; D3.7 ~100 localities queried daily; specific portal URL not published on public pages,no-seed-url,,
Tianshui,天水市,municipal/prefecture,,reconnectchina.org frontend issuer filter (cities list in item-url/search JS); Level: Prefecture-level units,listed as searchable issuer / scrape target; D3.7 ~100 localities queried daily; specific portal URL not published on public pages,no-seed-url,,
Taiyuan,太原市,municipal/prefecture,,reconnectchina.org frontend issuer filter (cities list in item-url/search JS); Level: Prefecture-level units,listed as searchable issuer / scrape target; D3.7 ~100 localities queried daily; specific portal URL not published on public pages,no-seed-url,,
Weihai,威海市,municipal/prefecture,,reconnectchina.org frontend issuer filter (cities list in item-url/search JS); Level: Prefecture-level units,listed as searchable issuer / scrape target; D3.7 ~100 localities queried daily; specific portal URL not published on public pages,no-seed-url,,
Loudi,娄底市,municipal/prefecture,,reconnectchina.org frontend issuer filter (cities list in item-url/search JS); Level: Prefecture-level units,listed as searchable issuer / scrape target; D3.7 ~100 localities queried daily; specific portal URL not published on public pages,no-seed-url,,
Xiaogan,孝感市,municipal/prefecture,,reconnectchina.org frontend issuer filter (cities list in item-url/search JS); Level: Prefecture-level units,listed as searchable issuer / scrape target; D3.7 ~100 localities queried daily; specific portal URL not published on public pages,no-seed-url,,
Ningde,宁德市,municipal/prefecture,,reconnectchina.org frontend issuer filter (cities list in item-url/search JS); Level: Prefecture-level units,listed as searchable issuer / scrape target; D3.7 ~100 localities queried daily; specific portal URL not published on public pages,no-seed-url,,
Ningbo,宁波市,municipal/prefecture,,reconnectchina.org frontend issuer filter (cities list in item-url/search JS); Level: Prefecture-level units,listed as searchable issuer / scrape target; D3.7 ~100 localities queried daily; specific portal URL not published on public pages,no-seed-url,,
Anqing,安庆市,municipal/prefecture,,reconnectchina.org frontend issuer filter (cities list in item-url/search JS); Level: Prefecture-level units,listed as searchable issuer / scrape target; D3.7 ~100 localities queried daily; specific portal URL not published on public pages,no-seed-url,,
Ankang,安康市,municipal/prefecture,,reconnectchina.org frontend issuer filter (cities list in item-url/search JS); Level: Prefecture-level units,listed as searchable issuer / scrape target; D3.7 ~100 localities queried daily; specific portal URL not published on public pages,no-seed-url,,
Anyang,安阳市,municipal/prefecture,,reconnectchina.org frontend issuer filter (cities list in item-url/search JS); Level: Prefecture-level units,listed as searchable issuer / scrape target; D3.7 ~100 localities queried daily; specific portal URL not published on public pages,no-seed-url,,
Anshun,安顺市,municipal/prefecture,,reconnectchina.org frontend issuer filter (cities list in item-url/search JS); Level: Prefecture-level units,listed as searchable issuer / scrape target; D3.7 ~100 localities queried daily; specific portal URL not published on public pages,no-seed-url,,
Dingxi,定西市,municipal/prefecture,,reconnectchina.org frontend issuer filter (cities list in item-url/search JS); Level: Prefecture-level units,listed as searchable issuer / scrape target; D3.7 ~100 localities queried daily; specific portal URL not published on public pages,no-seed-url,,
Yibin,宜宾市,municipal/prefecture,,reconnectchina.org frontend issuer filter (cities list in item-url/search JS); Level: Prefecture-level units,listed as searchable issuer / scrape target; D3.7 ~100 localities queried daily; specific portal URL not published on public pages,no-seed-url,,
Yichang,宜昌市,municipal/prefecture,,reconnectchina.org frontend issuer filter (cities list in item-url/search JS); Level: Prefecture-level units,listed as searchable issuer / scrape target; D3.7 ~100 localities queried daily; specific portal URL not published on public pages,no-seed-url,,
Yichun,宜春市,municipal/prefecture,,reconnectchina.org frontend issuer filter (cities list in item-url/search JS); Level: Prefecture-level units,listed as searchable issuer / scrape target; D3.7 ~100 localities queried daily; specific portal URL not published on public pages,no-seed-url,,
Baoji,宝鸡市,municipal/prefecture,,reconnectchina.org frontend issuer filter (cities list in item-url/search JS); Level: Prefecture-level units,listed as searchable issuer / scrape target; D3.7 ~100 localities queried daily; specific portal URL not published on public pages,no-seed-url,,
Xuancheng,宣城市,municipal/prefecture,,reconnectchina.org frontend issuer filter (cities list in item-url/search JS); Level: Prefecture-level units,listed as searchable issuer / scrape target; D3.7 ~100 localities queried daily; specific portal URL not published on public pages,no-seed-url,,
Suzhou,宿州市,municipal/prefecture,,reconnectchina.org frontend issuer filter (cities list in item-url/search JS); Level: Prefecture-level units,listed as searchable issuer / scrape target; D3.7 ~100 localities queried daily; specific portal URL not published on public pages,no-seed-url,,
Suqian,宿迁市,municipal/prefecture,,reconnectchina.org frontend issuer filter (cities list in item-url/search JS); Level: Prefecture-level units,listed as searchable issuer / scrape target; D3.7 ~100 localities queried daily; specific portal URL not published on public pages,no-seed-url,,
Shannan,山南市,municipal/prefecture,,reconnectchina.org frontend issuer filter (cities list in item-url/search JS); Level: Prefecture-level units,listed as searchable issuer / scrape target; D3.7 ~100 localities queried daily; specific portal URL not published on public pages,no-seed-url,,
Yueyang,岳阳市,municipal/prefecture,,reconnectchina.org frontend issuer filter (cities list in item-url/search JS); Level: Prefecture-level units,listed as searchable issuer / scrape target; D3.7 ~100 localities queried daily; specific portal URL not published on public pages,no-seed-url,,
Chongzuo,崇左市,municipal/prefecture,,reconnectchina.org frontend issuer filter (cities list in item-url/search JS); Level: Prefecture-level units,listed as searchable issuer / scrape target; D3.7 ~100 localities queried daily; specific portal URL not published on public pages,no-seed-url,,
Bazhong,巴中市,municipal/prefecture,,reconnectchina.org frontend issuer filter (cities list in item-url/search JS); Level: Prefecture-level units,listed as searchable issuer / scrape target; D3.7 ~100 localities queried daily; specific portal URL not published on public pages,no-seed-url,,
Bayingolin Mongol Autonomous Prefecture,巴音郭楞蒙古自治州,municipal/prefecture,,reconnectchina.org frontend issuer filter (cities list in item-url/search JS); Level: Prefecture-level units,listed as searchable issuer / scrape target; D3.7 ~100 localities queried daily; specific portal URL not published on public pages,no-seed-url,,
Changzhou,常州市,municipal/prefecture,,reconnectchina.org frontend issuer filter (cities list in item-url/search JS); Level: Prefecture-level units,listed as searchable issuer / scrape target; D3.7 ~100 localities queried daily; specific portal URL not published on public pages,no-seed-url,,
Changde,常德市,municipal/prefecture,,reconnectchina.org frontend issuer filter (cities list in item-url/search JS); Level: Prefecture-level units,listed as searchable issuer / scrape target; D3.7 ~100 localities queried daily; specific portal URL not published on public pages,no-seed-url,,
Pingliang,平凉市,municipal/prefecture,,reconnectchina.org frontend issuer filter (cities list in item-url/search JS); Level: Prefecture-level units,listed as searchable issuer / scrape target; D3.7 ~100 localities queried daily; specific portal URL not published on public pages,no-seed-url,,
Pingdingshan,平顶山市,municipal/prefecture,,reconnectchina.org frontend issuer filter (cities list in item-url/search JS); Level: Prefecture-level units,listed as searchable issuer / scrape target; D3.7 ~100 localities queried daily; specific portal URL not published on public pages,no-seed-url,,
Guangyuan,广元市,municipal/prefecture,,reconnectchina.org frontend issuer filter (cities list in item-url/search JS); Level: Prefecture-level units,listed as searchable issuer / scrape target; D3.7 ~100 localities queried daily; specific portal URL not published on public pages,no-seed-url,,
Guang'an,广安市,municipal/prefecture,,reconnectchina.org frontend issuer filter (cities list in item-url/search JS); Level: Prefecture-level units,listed as searchable issuer / scrape target; D3.7 ~100 localities queried daily; specific portal URL not published on public pages,no-seed-url,,
Guangzhou,广州市,municipal/prefecture,,reconnectchina.org frontend issuer filter (cities list in item-url/search JS); Level: Prefecture-level units,listed as searchable issuer / scrape target; D3.7 ~100 localities queried daily; specific portal URL not published on public pages,no-seed-url,,
Qingyang,庆阳市,municipal/prefecture,,reconnectchina.org frontend issuer filter (cities list in item-url/search JS); Level: Prefecture-level units,listed as searchable issuer / scrape target; D3.7 ~100 localities queried daily; specific portal URL not published on public pages,no-seed-url,,
Langfang,廊坊市,municipal/prefecture,,reconnectchina.org frontend issuer filter (cities list in item-url/search JS); Level: Prefecture-level units,listed as searchable issuer / scrape target; D3.7 ~100 localities queried daily; specific portal URL not published on public pages,no-seed-url,,
Yan'an,延安市,municipal/prefecture,,reconnectchina.org frontend issuer filter (cities list in item-url/search JS); Level: Prefecture-level units,listed as searchable issuer / scrape target; D3.7 ~100 localities queried daily; specific portal URL not published on public pages,no-seed-url,,
Yanbian Korean Autonomous Prefecture,延边朝鲜族自治州,municipal/prefecture,,reconnectchina.org frontend issuer filter (cities list in item-url/search JS); Level: Prefecture-level units,listed as searchable issuer / scrape target; D3.7 ~100 localities queried daily; specific portal URL not published on public pages,no-seed-url,,
Kaifeng,开封市,municipal/prefecture,,reconnectchina.org frontend issuer filter (cities list in item-url/search JS); Level: Prefecture-level units,listed as searchable issuer / scrape target; D3.7 ~100 localities queried daily; specific portal URL not published on public pages,no-seed-url,,
Zhangjiakou,张家口市,municipal/prefecture,,reconnectchina.org frontend issuer filter (cities list in item-url/search JS); Level: Prefecture-level units,listed as searchable issuer / scrape target; D3.7 ~100 localities queried daily; specific portal URL not published on public pages,no-seed-url,,
Zhangjiajie,张家界市,municipal/prefecture,,reconnectchina.org frontend issuer filter (cities list in item-url/search JS); Level: Prefecture-level units,listed as searchable issuer / scrape target; D3.7 ~100 localities queried daily; specific portal URL not published on public pages,no-seed-url,,
Zhangye,张掖市,municipal/prefecture,,reconnectchina.org frontend issuer filter (cities list in item-url/search JS); Level: Prefecture-level units,listed as searchable issuer / scrape target; D3.7 ~100 localities queried daily; specific portal URL not published on public pages,no-seed-url,,
Xuzhou,徐州市,municipal/prefecture,,reconnectchina.org frontend issuer filter (cities list in item-url/search JS); Level: Prefecture-level units,listed as searchable issuer / scrape target; D3.7 ~100 localities queried daily; specific portal URL not published on public pages,no-seed-url,,
Dehong Dai and Jingpo Autonomous Prefecture,德宏傣族景颇族自治州,municipal/prefecture,,reconnectchina.org frontend issuer filter (cities list in item-url/search JS); Level: Prefecture-level units,listed as searchable issuer / scrape target; D3.7 ~100 localities queried daily; specific portal URL not published on public pages,no-seed-url,,
Dezhou,德州市,municipal/prefecture,,reconnectchina.org frontend issuer filter (cities list in item-url/search JS); Level: Prefecture-level units,listed as searchable issuer / scrape target; D3.7 ~100 localities queried daily; specific portal URL not published on public pages,no-seed-url,,
Deyang,德阳市,municipal/prefecture,,reconnectchina.org frontend issuer filter (cities list in item-url/search JS); Level: Prefecture-level units,listed as searchable issuer / scrape target; D3.7 ~100 localities queried daily; specific portal URL not published on public pages,no-seed-url,,
Xinzhou,忻州市,municipal/prefecture,,reconnectchina.org frontend issuer filter (cities list in item-url/search JS); Level: Prefecture-level units,listed as searchable issuer / scrape target; D3.7 ~100 localities queried daily; specific portal URL not published on public pages,no-seed-url,,
Huaihua,怀化市,municipal/prefecture,,reconnectchina.org frontend issuer filter (cities list in item-url/search JS); Level: Prefecture-level units,listed as searchable issuer / scrape target; D3.7 ~100 localities queried daily; specific portal URL not published on public pages,no-seed-url,,
Nujiang Lisu Autonomous Prefecture,怒江傈僳族自治州,municipal/prefecture,,reconnectchina.org frontend issuer filter (cities list in item-url/search JS); Level: Prefecture-level units,listed as searchable issuer / scrape target; D3.7 ~100 localities queried daily; specific portal URL not published on public pages,no-seed-url,,
Enshi Tujia and Miao Autonomous Prefecture,恩施土家族苗族自治州,municipal/prefecture,,reconnectchina.org frontend issuer filter (cities list in item-url/search JS); Level: Prefecture-level units,listed as searchable issuer / scrape target; D3.7 ~100 localities queried daily; specific portal URL not published on public pages,no-seed-url,,
Huizhou,惠州市,municipal/prefecture,,reconnectchina.org frontend issuer filter (cities list in item-url/search JS); Level: Prefecture-level units,listed as searchable issuer / scrape target; D3.7 ~100 localities queried daily; specific portal URL not published on public pages,no-seed-url,,
Chengdu,成都市,municipal/prefecture,,reconnectchina.org frontend issuer filter (cities list in item-url/search JS); Level: Prefecture-level units,listed as searchable issuer / scrape target; D3.7 ~100 localities queried daily; specific portal URL not published on public pages,no-seed-url,,
Yangzhou,扬州市,municipal/prefecture,,reconnectchina.org frontend issuer filter (cities list in item-url/search JS); Level: Prefecture-level units,listed as searchable issuer / scrape target; D3.7 ~100 localities queried daily; specific portal URL not published on public pages,no-seed-url,,
Chengde,承德市,municipal/prefecture,,reconnectchina.org frontend issuer filter (cities list in item-url/search JS); Level: Prefecture-level units,listed as searchable issuer / scrape target; D3.7 ~100 localities queried daily; specific portal URL not published on public pages,no-seed-url,,
Fuzhou,抚州市,municipal/prefecture,,reconnectchina.org frontend issuer filter (cities list in item-url/search JS); Level: Prefecture-level units,listed as searchable issuer / scrape target; D3.7 ~100 localities queried daily; specific portal URL not published on public pages,no-seed-url,,
Fushun,抚顺市,municipal/prefecture,,reconnectchina.org frontend issuer filter (cities list in item-url/search JS); Level: Prefecture-level units,listed as searchable issuer / scrape target; D3.7 ~100 localities queried daily; specific portal URL not published on public pages,no-seed-url,,
Lhasa,拉萨市,municipal/prefecture,,reconnectchina.org frontend issuer filter (cities list in item-url/search JS); Level: Prefecture-level units,listed as searchable issuer / scrape target; D3.7 ~100 localities queried daily; specific portal URL not published on public pages,no-seed-url,,
Jieyang,揭阳市,municipal/prefecture,,reconnectchina.org frontend issuer filter (cities list in item-url/search JS); Level: Prefecture-level units,listed as searchable issuer / scrape target; D3.7 ~100 localities queried daily; specific portal URL not published on public pages,no-seed-url,,
Panzhihua,攀枝花市,municipal/prefecture,,reconnectchina.org frontend issuer filter (cities list in item-url/search JS); Level: Prefecture-level units,listed as searchable issuer / scrape target; D3.7 ~100 localities queried daily; specific portal URL not published on public pages,no-seed-url,,
Wenshan Zhuang and Miao Autonomous Prefecture,文山壮族苗族自治州,municipal/prefecture,,reconnectchina.org frontend issuer filter (cities list in item-url/search JS); Level: Prefecture-level units,listed as searchable issuer / scrape target; D3.7 ~100 localities queried daily; specific portal URL not published on public pages,no-seed-url,,
Xinxiang,新乡市,municipal/prefecture,,reconnectchina.org frontend issuer filter (cities list in item-url/search JS); Level: Prefecture-level units,listed as searchable issuer / scrape target; D3.7 ~100 localities queried daily; specific portal URL not published on public pages,no-seed-url,,
Xinyu,新余市,municipal/prefecture,,reconnectchina.org frontend issuer filter (cities list in item-url/search JS); Level: Prefecture-level units,listed as searchable issuer / scrape target; D3.7 ~100 localities queried daily; specific portal URL not published on public pages,no-seed-url,,
Wuxi,无锡市,municipal/prefecture,,reconnectchina.org frontend issuer filter (cities list in item-url/search JS); Level: Prefecture-level units,listed as searchable issuer / scrape target; D3.7 ~100 localities queried daily; specific portal URL not published on public pages,no-seed-url,,
Shigatse,日喀则市,municipal/prefecture,,reconnectchina.org frontend issuer filter (cities list in item-url/search JS); Level: Prefecture-level units,listed as searchable issuer / scrape target; D3.7 ~100 localities queried daily; specific portal URL not published on public pages,no-seed-url,,
Rizhao,日照市,municipal/prefecture,,reconnectchina.org frontend issuer filter (cities list in item-url/search JS); Level: Prefecture-level units,listed as searchable issuer / scrape target; D3.7 ~100 localities queried daily; specific portal URL not published on public pages,no-seed-url,,
Kunming,昆明市,municipal/prefecture,,reconnectchina.org frontend issuer filter (cities list in item-url/search JS); Level: Prefecture-level units,listed as searchable issuer / scrape target; D3.7 ~100 localities queried daily; specific portal URL not published on public pages,no-seed-url,,
Changji Hui Autonomous Prefecture,昌吉回族自治州,municipal/prefecture,,reconnectchina.org frontend issuer filter (cities list in item-url/search JS); Level: Prefecture-level units,listed as searchable issuer / scrape target; D3.7 ~100 localities queried daily; specific portal URL not published on public pages,no-seed-url,,
Qamdo,昌都市,municipal/prefecture,,reconnectchina.org frontend issuer filter (cities list in item-url/search JS); Level: Prefecture-level units,listed as searchable issuer / scrape target; D3.7 ~100 localities queried daily; specific portal URL not published on public pages,no-seed-url,,
Zhaotong,昭通市,municipal/prefecture,,reconnectchina.org frontend issuer filter (cities list in item-url/search JS); Level: Prefecture-level units,listed as searchable issuer / scrape target; D3.7 ~100 localities queried daily; specific portal URL not published on public pages,no-seed-url,,
Jinzhong,晋中市,municipal/prefecture,,reconnectchina.org frontend issuer filter (cities list in item-url/search JS); Level: Prefecture-level units,listed as searchable issuer / scrape target; D3.7 ~100 localities queried daily; specific portal URL not published on public pages,no-seed-url,,
Jincheng,晋城市,municipal/prefecture,,reconnectchina.org frontend issuer filter (cities list in item-url/search JS); Level: Prefecture-level units,listed as searchable issuer / scrape target; D3.7 ~100 localities queried daily; specific portal URL not published on public pages,no-seed-url,,
Pu'er,普洱市,municipal/prefecture,,reconnectchina.org frontend issuer filter (cities list in item-url/search JS); Level: Prefecture-level units,listed as searchable issuer / scrape target; D3.7 ~100 localities queried daily; specific portal URL not published on public pages,no-seed-url,,
Jingdezhen,景德镇市,municipal/prefecture,,reconnectchina.org frontend issuer filter (cities list in item-url/search JS); Level: Prefecture-level units,listed as searchable issuer / scrape target; D3.7 ~100 localities queried daily; specific portal URL not published on public pages,no-seed-url,,
Qujing,曲靖市,municipal/prefecture,,reconnectchina.org frontend issuer filter (cities list in item-url/search JS); Level: Prefecture-level units,listed as searchable issuer / scrape target; D3.7 ~100 localities queried daily; specific portal URL not published on public pages,no-seed-url,,
Shuozhou,朔州市,municipal/prefecture,,reconnectchina.org frontend issuer filter (cities list in item-url/search JS); Level: Prefecture-level units,listed as searchable issuer / scrape target; D3.7 ~100 localities queried daily; specific portal URL not published on public pages,no-seed-url,,
Chaoyang,朝阳市,municipal/prefecture,,reconnectchina.org frontend issuer filter (cities list in item-url/search JS); Level: Prefecture-level units,listed as searchable issuer / scrape target; D3.7 ~100 localities queried daily; specific portal URL not published on public pages,no-seed-url,,
Benxi,本溪市,municipal/prefecture,,reconnectchina.org frontend issuer filter (cities list in item-url/search JS); Level: Prefecture-level units,listed as searchable issuer / scrape target; D3.7 ~100 localities queried daily; specific portal URL not published on public pages,no-seed-url,,
Laibin,来宾市,municipal/prefecture,,reconnectchina.org frontend issuer filter (cities list in item-url/search JS); Level: Prefecture-level units,listed as searchable issuer / scrape target; D3.7 ~100 localities queried daily; specific portal URL not published on public pages,no-seed-url,,
Hangzhou,杭州市,municipal/prefecture,,reconnectchina.org frontend issuer filter (cities list in item-url/search JS); Level: Prefecture-level units,listed as searchable issuer / scrape target; D3.7 ~100 localities queried daily; specific portal URL not published on public pages,no-seed-url,,
Songyuan,松原市,municipal/prefecture,,reconnectchina.org frontend issuer filter (cities list in item-url/search JS); Level: Prefecture-level units,listed as searchable issuer / scrape target; D3.7 ~100 localities queried daily; specific portal URL not published on public pages,no-seed-url,,
Nyingchi,林芝市,municipal/prefecture,,reconnectchina.org frontend issuer filter (cities list in item-url/search JS); Level: Prefecture-level units,listed as searchable issuer / scrape target; D3.7 ~100 localities queried daily; specific portal URL not published on public pages,no-seed-url,,
Golog Tibetan Autonomous Prefecture,果洛藏族自治州,municipal/prefecture,,reconnectchina.org frontend issuer filter (cities list in item-url/search JS); Level: Prefecture-level units,listed as searchable issuer / scrape target; D3.7 ~100 localities queried daily; specific portal URL not published on public pages,no-seed-url,,
Zaozhuang,枣庄市,municipal/prefecture,,reconnectchina.org frontend issuer filter (cities list in item-url/search JS); Level: Prefecture-level units,listed as searchable issuer / scrape target; D3.7 ~100 localities queried daily; specific portal URL not published on public pages,no-seed-url,,
Liuzhou,柳州市,municipal/prefecture,,reconnectchina.org frontend issuer filter (cities list in item-url/search JS); Level: Prefecture-level units,listed as searchable issuer / scrape target; D3.7 ~100 localities queried daily; specific portal URL not published on public pages,no-seed-url,,
Zhuzhou,株洲市,municipal/prefecture,,reconnectchina.org frontend issuer filter (cities list in item-url/search JS); Level: Prefecture-level units,listed as searchable issuer / scrape target; D3.7 ~100 localities queried daily; specific portal URL not published on public pages,no-seed-url,,
Guilin,桂林市,municipal/prefecture,,reconnectchina.org frontend issuer filter (cities list in item-url/search JS); Level: Prefecture-level units,listed as searchable issuer / scrape target; D3.7 ~100 localities queried daily; specific portal URL not published on public pages,no-seed-url,,
Meizhou,梅州市,municipal/prefecture,,reconnectchina.org frontend issuer filter (cities list in item-url/search JS); Level: Prefecture-level units,listed as searchable issuer / scrape target; D3.7 ~100 localities queried daily; specific portal URL not published on public pages,no-seed-url,,
Wuzhou,梧州市,municipal/prefecture,,reconnectchina.org frontend issuer filter (cities list in item-url/search JS); Level: Prefecture-level units,listed as searchable issuer / scrape target; D3.7 ~100 localities queried daily; specific portal URL not published on public pages,no-seed-url,,
Chuxiong Yi Autonomous Prefecture,楚雄彝族自治州,municipal/prefecture,,reconnectchina.org frontend issuer filter (cities list in item-url/search JS); Level: Prefecture-level units,listed as searchable issuer / scrape target; D3.7 ~100 localities queried daily; specific portal URL not published on public pages,no-seed-url,,
Yulin,榆林市,municipal/prefecture,,reconnectchina.org frontend issuer filter (cities list in item-url/search JS); Level: Prefecture-level units,listed as searchable issuer / scrape target; D3.7 ~100 localities queried daily; specific portal URL not published on public pages,no-seed-url,,
Wuwei,武威市,municipal/prefecture,,reconnectchina.org frontend issuer filter (cities list in item-url/search JS); Level: Prefecture-level units,listed as searchable issuer / scrape target; D3.7 ~100 localities queried daily; specific portal URL not published on public pages,no-seed-url,,
Wuhan,武汉市,municipal/prefecture,,reconnectchina.org frontend issuer filter (cities list in item-url/search JS); Level: Prefecture-level units,listed as searchable issuer / scrape target; D3.7 ~100 localities queried daily; specific portal URL not published on public pages,no-seed-url,,
Bijie,毕节市,municipal/prefecture,,reconnectchina.org frontend issuer filter (cities list in item-url/search JS); Level: Prefecture-level units,listed as searchable issuer / scrape target; D3.7 ~100 localities queried daily; specific portal URL not published on public pages,no-seed-url,,
Yongzhou,永州市,municipal/prefecture,,reconnectchina.org frontend issuer filter (cities list in item-url/search JS); Level: Prefecture-level units,listed as searchable issuer / scrape target; D3.7 ~100 localities queried daily; specific portal URL not published on public pages,no-seed-url,,
Hanzhong,汉中市,municipal/prefecture,,reconnectchina.org frontend issuer filter (cities list in item-url/search JS); Level: Prefecture-level units,listed as searchable issuer / scrape target; D3.7 ~100 localities queried daily; specific portal URL not published on public pages,no-seed-url,,
Shantou,汕头市,municipal/prefecture,,reconnectchina.org frontend issuer filter (cities list in item-url/search JS); Level: Prefecture-level units,listed as searchable issuer / scrape target; D3.7 ~100 localities queried daily; specific portal URL not published on public pages,no-seed-url,,
Shanwei,汕尾市,municipal/prefecture,,reconnectchina.org frontend issuer filter (cities list in item-url/search JS); Level: Prefecture-level units,listed as searchable issuer / scrape target; D3.7 ~100 localities queried daily; specific portal URL not published on public pages,no-seed-url,,
Jiangmen,江门市,municipal/prefecture,,reconnectchina.org frontend issuer filter (cities list in item-url/search JS); Level: Prefecture-level units,listed as searchable issuer / scrape target; D3.7 ~100 localities queried daily; specific portal URL not published on public pages,no-seed-url,,
Chizhou,池州市,municipal/prefecture,,reconnectchina.org frontend issuer filter (cities list in item-url/search JS); Level: Prefecture-level units,listed as searchable issuer / scrape target; D3.7 ~100 localities queried daily; specific portal URL not published on public pages,no-seed-url,,
Shenyang,沈阳市,municipal/prefecture,,reconnectchina.org frontend issuer filter (cities list in item-url/search JS); Level: Prefecture-level units,listed as searchable issuer / scrape target; D3.7 ~100 localities queried daily; specific portal URL not published on public pages,no-seed-url,,
Cangzhou,沧州市,municipal/prefecture,,reconnectchina.org frontend issuer filter (cities list in item-url/search JS); Level: Prefecture-level units,listed as searchable issuer / scrape target; D3.7 ~100 localities queried daily; specific portal URL not published on public pages,no-seed-url,,
Hechi,河池市,municipal/prefecture,,reconnectchina.org frontend issuer filter (cities list in item-url/search JS); Level: Prefecture-level units,listed as searchable issuer / scrape target; D3.7 ~100 localities queried daily; specific portal URL not published on public pages,no-seed-url,,
Heyuan,河源市,municipal/prefecture,,reconnectchina.org frontend issuer filter (cities list in item-url/search JS); Level: Prefecture-level units,listed as searchable issuer / scrape target; D3.7 ~100 localities queried daily; specific portal URL not published on public pages,no-seed-url,,
Quanzhou,泉州市,municipal/prefecture,,reconnectchina.org frontend issuer filter (cities list in item-url/search JS); Level: Prefecture-level units,listed as searchable issuer / scrape target; D3.7 ~100 localities queried daily; specific portal URL not published on public pages,no-seed-url,,
Tai'an,泰安市,municipal/prefecture,,reconnectchina.org frontend issuer filter (cities list in item-url/search JS); Level: Prefecture-level units,listed as searchable issuer / scrape target; D3.7 ~100 localities queried daily; specific portal URL not published on public pages,no-seed-url,,
Taizhou,泰州市,municipal/prefecture,,reconnectchina.org frontend issuer filter (cities list in item-url/search JS); Level: Prefecture-level units,listed as searchable issuer / scrape target; D3.7 ~100 localities queried daily; specific portal URL not published on public pages,no-seed-url,,
Luzhou,泸州市,municipal/prefecture,,reconnectchina.org frontend issuer filter (cities list in item-url/search JS); Level: Prefecture-level units,listed as searchable issuer / scrape target; D3.7 ~100 localities queried daily; specific portal URL not published on public pages,no-seed-url,,
Luoyang,洛阳市,municipal/prefecture,,reconnectchina.org frontend issuer filter (cities list in item-url/search JS); Level: Prefecture-level units,listed as searchable issuer / scrape target; D3.7 ~100 localities queried daily; specific portal URL not published on public pages,no-seed-url,,
Jinan,济南市,municipal/prefecture,,reconnectchina.org frontend issuer filter (cities list in item-url/search JS); Level: Prefecture-level units,listed as searchable issuer / scrape target; D3.7 ~100 localities queried daily; specific portal URL not published on public pages,no-seed-url,,
Jining,济宁市,municipal/prefecture,,reconnectchina.org frontend issuer filter (cities list in item-url/search JS); Level: Prefecture-level units,listed as searchable issuer / scrape target; D3.7 ~100 localities queried daily; specific portal URL not published on public pages,no-seed-url,,
Haidong,海东市,municipal/prefecture,,reconnectchina.org frontend issuer filter (cities list in item-url/search JS); Level: Prefecture-level units,listed as searchable issuer / scrape target; D3.7 ~100 localities queried daily; specific portal URL not published on public pages,no-seed-url,,
Haibei Tibetan Autonomous Prefecture,海北藏族自治州,municipal/prefecture,,reconnectchina.org frontend issuer filter (cities list in item-url/search JS); Level: Prefecture-level units,listed as searchable issuer / scrape target; D3.7 ~100 localities queried daily; specific portal URL not published on public pages,no-seed-url,,
Hainan Tibetan Autonomous Prefecture,海南藏族自治州,municipal/prefecture,,reconnectchina.org frontend issuer filter (cities list in item-url/search JS); Level: Prefecture-level units,listed as searchable issuer / scrape target; D3.7 ~100 localities queried daily; specific portal URL not published on public pages,no-seed-url,,
Haikou,海口市,municipal/prefecture,,reconnectchina.org frontend issuer filter (cities list in item-url/search JS); Level: Prefecture-level units,listed as searchable issuer / scrape target; D3.7 ~100 localities queried daily; specific portal URL not published on public pages,no-seed-url,,
Haixi Mongol and Tibetan Autonomous Prefecture,海西蒙古族藏族自治州,municipal/prefecture,,reconnectchina.org frontend issuer filter (cities list in item-url/search JS); Level: Prefecture-level units,listed as searchable issuer / scrape target; D3.7 ~100 localities queried daily; specific portal URL not published on public pages,no-seed-url,,
Zibo,淄博市,municipal/prefecture,,reconnectchina.org frontend issuer filter (cities list in item-url/search JS); Level: Prefecture-level units,listed as searchable issuer / scrape target; D3.7 ~100 localities queried daily; specific portal URL not published on public pages,no-seed-url,,
Huaibei,淮北市,municipal/prefecture,,reconnectchina.org frontend issuer filter (cities list in item-url/search JS); Level: Prefecture-level units,listed as searchable issuer / scrape target; D3.7 ~100 localities queried daily; specific portal URL not published on public pages,no-seed-url,,
Huainan,淮南市,municipal/prefecture,,reconnectchina.org frontend issuer filter (cities list in item-url/search JS); Level: Prefecture-level units,listed as searchable issuer / scrape target; D3.7 ~100 localities queried daily; specific portal URL not published on public pages,no-seed-url,,
Huai'an,淮安市,municipal/prefecture,,reconnectchina.org frontend issuer filter (cities list in item-url/search JS); Level: Prefecture-level units,listed as searchable issuer / scrape target; D3.7 ~100 localities queried daily; specific portal URL not published on public pages,no-seed-url,,
Shenzhen,深圳市,municipal/prefecture,,reconnectchina.org frontend issuer filter (cities list in item-url/search JS); Level: Prefecture-level units,listed as searchable issuer / scrape target; D3.7 ~100 localities queried daily; specific portal URL not published on public pages,no-seed-url,,
Qingyuan,清远市,municipal/prefecture,,reconnectchina.org frontend issuer filter (cities list in item-url/search JS); Level: Prefecture-level units,listed as searchable issuer / scrape target; D3.7 ~100 localities queried daily; specific portal URL not published on public pages,no-seed-url,,
Wenzhou,温州市,municipal/prefecture,,reconnectchina.org frontend issuer filter (cities list in item-url/search JS); Level: Prefecture-level units,listed as searchable issuer / scrape target; D3.7 ~100 localities queried daily; specific portal URL not published on public pages,no-seed-url,,
Weinan,渭南市,municipal/prefecture,,reconnectchina.org frontend issuer filter (cities list in item-url/search JS); Level: Prefecture-level units,listed as searchable issuer / scrape target; D3.7 ~100 localities queried daily; specific portal URL not published on public pages,no-seed-url,,
Huzhou,湖州市,municipal/prefecture,,reconnectchina.org frontend issuer filter (cities list in item-url/search JS); Level: Prefecture-level units,listed as searchable issuer / scrape target; D3.7 ~100 localities queried daily; specific portal URL not published on public pages,no-seed-url,,
Xiangtan,湘潭市,municipal/prefecture,,reconnectchina.org frontend issuer filter (cities list in item-url/search JS); Level: Prefecture-level units,listed as searchable issuer / scrape target; D3.7 ~100 localities queried daily; specific portal URL not published on public pages,no-seed-url,,
Xiangxi Tujia and Miao Autonomous Prefecture,湘西土家族苗族自治州,municipal/prefecture,,reconnectchina.org frontend issuer filter (cities list in item-url/search JS); Level: Prefecture-level units,listed as searchable issuer / scrape target; D3.7 ~100 localities queried daily; specific portal URL not published on public pages,no-seed-url,,
Zhanjiang,湛江市,municipal/prefecture,,reconnectchina.org frontend issuer filter (cities list in item-url/search JS); Level: Prefecture-level units,listed as searchable issuer / scrape target; D3.7 ~100 localities queried daily; specific portal URL not published on public pages,no-seed-url,,
Chuzhou,滁州市,municipal/prefecture,,reconnectchina.org frontend issuer filter (cities list in item-url/search JS); Level: Prefecture-level units,listed as searchable issuer / scrape target; D3.7 ~100 localities queried daily; specific portal URL not published on public pages,no-seed-url,,
Binzhou,滨州市,municipal/prefecture,,reconnectchina.org frontend issuer filter (cities list in item-url/search JS); Level: Prefecture-level units,listed as searchable issuer / scrape target; D3.7 ~100 localities queried daily; specific portal URL not published on public pages,no-seed-url,,
Luohe,漯河市,municipal/prefecture,,reconnectchina.org frontend issuer filter (cities list in item-url/search JS); Level: Prefecture-level units,listed as searchable issuer / scrape target; D3.7 ~100 localities queried daily; specific portal URL not published on public pages,no-seed-url,,
Zhangzhou,漳州市,municipal/prefecture,,reconnectchina.org frontend issuer filter (cities list in item-url/search JS); Level: Prefecture-level units,listed as searchable issuer / scrape target; D3.7 ~100 localities queried daily; specific portal URL not published on public pages,no-seed-url,,
Weifang,潍坊市,municipal/prefecture,,reconnectchina.org frontend issuer filter (cities list in item-url/search JS); Level: Prefecture-level units,listed as searchable issuer / scrape target; D3.7 ~100 localities queried daily; specific portal URL not published on public pages,no-seed-url,,
Chaozhou,潮州市,municipal/prefecture,,reconnectchina.org frontend issuer filter (cities list in item-url/search JS); Level: Prefecture-level units,listed as searchable issuer / scrape target; D3.7 ~100 localities queried daily; specific portal URL not published on public pages,no-seed-url,,
Puyang,濮阳市,municipal/prefecture,,reconnectchina.org frontend issuer filter (cities list in item-url/search JS); Level: Prefecture-level units,listed as searchable issuer / scrape target; D3.7 ~100 localities queried daily; specific portal URL not published on public pages,no-seed-url,,
Yantai,烟台市,municipal/prefecture,,reconnectchina.org frontend issuer filter (cities list in item-url/search JS); Level: Prefecture-level units,listed as searchable issuer / scrape target; D3.7 ~100 localities queried daily; specific portal URL not published on public pages,no-seed-url,,
Jiaozuo,焦作市,municipal/prefecture,,reconnectchina.org frontend issuer filter (cities list in item-url/search JS); Level: Prefecture-level units,listed as searchable issuer / scrape target; D3.7 ~100 localities queried daily; specific portal URL not published on public pages,no-seed-url,,
Mudanjiang,牡丹江市,municipal/prefecture,,reconnectchina.org frontend issuer filter (cities list in item-url/search JS); Level: Prefecture-level units,listed as searchable issuer / scrape target; D3.7 ~100 localities queried daily; specific portal URL not published on public pages,no-seed-url,,
Yulin,玉林市,municipal/prefecture,,reconnectchina.org frontend issuer filter (cities list in item-url/search JS); Level: Prefecture-level units,listed as searchable issuer / scrape target; D3.7 ~100 localities queried daily; specific portal URL not published on public pages,no-seed-url,,
Yushu Tibetan Autonomous County,玉树藏族自治县,municipal/prefecture,,reconnectchina.org frontend issuer filter (cities list in item-url/search JS); Level: Prefecture-level units,listed as searchable issuer / scrape target; D3.7 ~100 localities queried daily; specific portal URL not published on public pages,no-seed-url,,
Yushu Tibetan Autonomous Prefecture,玉树藏族自治州,municipal/prefecture,,reconnectchina.org frontend issuer filter (cities list in item-url/search JS); Level: Prefecture-level units,listed as searchable issuer / scrape target; D3.7 ~100 localities queried daily; specific portal URL not published on public pages,no-seed-url,,
Yuxi,玉溪市,municipal/prefecture,,reconnectchina.org frontend issuer filter (cities list in item-url/search JS); Level: Prefecture-level units,listed as searchable issuer / scrape target; D3.7 ~100 localities queried daily; specific portal URL not published on public pages,no-seed-url,,
Zhuhai,珠海市,municipal/prefecture,,reconnectchina.org frontend issuer filter (cities list in item-url/search JS); Level: Prefecture-level units,listed as searchable issuer / scrape target; D3.7 ~100 localities queried daily; specific portal URL not published on public pages,no-seed-url,,
Gannan Tibetan Autonomous Prefecture,甘南藏族自治州,municipal/prefecture,,reconnectchina.org frontend issuer filter (cities list in item-url/search JS); Level: Prefecture-level units,listed as searchable issuer / scrape target; D3.7 ~100 localities queried daily; specific portal URL not published on public pages,no-seed-url,,
Garzê Tibetan Autonomous Prefecture,甘孜藏族自治州,municipal/prefecture,,reconnectchina.org frontend issuer filter (cities list in item-url/search JS); Level: Prefecture-level units,listed as searchable issuer / scrape target; D3.7 ~100 localities queried daily; specific portal URL not published on public pages,no-seed-url,,
Baicheng,白城市,municipal/prefecture,,reconnectchina.org frontend issuer filter (cities list in item-url/search JS); Level: Prefecture-level units,listed as searchable issuer / scrape target; D3.7 ~100 localities queried daily; specific portal URL not published on public pages,no-seed-url,,
Baishan,白山市,municipal/prefecture,,reconnectchina.org frontend issuer filter (cities list in item-url/search JS); Level: Prefecture-level units,listed as searchable issuer / scrape target; D3.7 ~100 localities queried daily; specific portal URL not published on public pages,no-seed-url,,
Baiyin,白银市,municipal/prefecture,,reconnectchina.org frontend issuer filter (cities list in item-url/search JS); Level: Prefecture-level units,listed as searchable issuer / scrape target; D3.7 ~100 localities queried daily; specific portal URL not published on public pages,no-seed-url,,
Baise,百色市,municipal/prefecture,,reconnectchina.org frontend issuer filter (cities list in item-url/search JS); Level: Prefecture-level units,listed as searchable issuer / scrape target; D3.7 ~100 localities queried daily; specific portal URL not published on public pages,no-seed-url,,
Yiyang,益阳市,municipal/prefecture,,reconnectchina.org frontend issuer filter (cities list in item-url/search JS); Level: Prefecture-level units,listed as searchable issuer / scrape target; D3.7 ~100 localities queried daily; specific portal URL not published on public pages,no-seed-url,,
Yancheng,盐城市,municipal/prefecture,,reconnectchina.org frontend issuer filter (cities list in item-url/search JS); Level: Prefecture-level units,listed as searchable issuer / scrape target; D3.7 ~100 localities queried daily; specific portal URL not published on public pages,no-seed-url,,
Panjin,盘锦市,municipal/prefecture,,reconnectchina.org frontend issuer filter (cities list in item-url/search JS); Level: Prefecture-level units,listed as searchable issuer / scrape target; D3.7 ~100 localities queried daily; specific portal URL not published on public pages,no-seed-url,,
Meishan,眉山市,municipal/prefecture,,reconnectchina.org frontend issuer filter (cities list in item-url/search JS); Level: Prefecture-level units,listed as searchable issuer / scrape target; D3.7 ~100 localities queried daily; specific portal URL not published on public pages,no-seed-url,,
Shizuishan,石嘴山市,municipal/prefecture,,reconnectchina.org frontend issuer filter (cities list in item-url/search JS); Level: Prefecture-level units,listed as searchable issuer / scrape target; D3.7 ~100 localities queried daily; specific portal URL not published on public pages,no-seed-url,,
Shijiazhuang,石家庄市,municipal/prefecture,,reconnectchina.org frontend issuer filter (cities list in item-url/search JS); Level: Prefecture-level units,listed as searchable issuer / scrape target; D3.7 ~100 localities queried daily; specific portal URL not published on public pages,no-seed-url,,
Fuzhou,福州市,municipal/prefecture,,reconnectchina.org frontend issuer filter (cities list in item-url/search JS); Level: Prefecture-level units,listed as searchable issuer / scrape target; D3.7 ~100 localities queried daily; specific portal URL not published on public pages,no-seed-url,,
Qinhuangdao,秦皇岛市,municipal/prefecture,,reconnectchina.org frontend issuer filter (cities list in item-url/search JS); Level: Prefecture-level units,listed as searchable issuer / scrape target; D3.7 ~100 localities queried daily; specific portal URL not published on public pages,no-seed-url,,
Honghe Hani and Yi Autonomous Prefecture,红河哈尼族彝族自治州,municipal/prefecture,,reconnectchina.org frontend issuer filter (cities list in item-url/search JS); Level: Prefecture-level units,listed as searchable issuer / scrape target; D3.7 ~100 localities queried daily; specific portal URL not published on public pages,no-seed-url,,
Shaoxing,绍兴市,municipal/prefecture,,reconnectchina.org frontend issuer filter (cities list in item-url/search JS); Level: Prefecture-level units,listed as searchable issuer / scrape target; D3.7 ~100 localities queried daily; specific portal URL not published on public pages,no-seed-url,,
Suihua,绥化市,municipal/prefecture,,reconnectchina.org frontend issuer filter (cities list in item-url/search JS); Level: Prefecture-level units,listed as searchable issuer / scrape target; D3.7 ~100 localities queried daily; specific portal URL not published on public pages,no-seed-url,,
Mianyang,绵阳市,municipal/prefecture,,reconnectchina.org frontend issuer filter (cities list in item-url/search JS); Level: Prefecture-level units,listed as searchable issuer / scrape target; D3.7 ~100 localities queried daily; specific portal URL not published on public pages,no-seed-url,,
Liaocheng,聊城市,municipal/prefecture,,reconnectchina.org frontend issuer filter (cities list in item-url/search JS); Level: Prefecture-level units,listed as searchable issuer / scrape target; D3.7 ~100 localities queried daily; specific portal URL not published on public pages,no-seed-url,,
Zhaoqing,肇庆市,municipal/prefecture,,reconnectchina.org frontend issuer filter (cities list in item-url/search JS); Level: Prefecture-level units,listed as searchable issuer / scrape target; D3.7 ~100 localities queried daily; specific portal URL not published on public pages,no-seed-url,,
Zigong,自贡市,municipal/prefecture,,reconnectchina.org frontend issuer filter (cities list in item-url/search JS); Level: Prefecture-level units,listed as searchable issuer / scrape target; D3.7 ~100 localities queried daily; specific portal URL not published on public pages,no-seed-url,,
Zhoushan,舟山市,municipal/prefecture,,reconnectchina.org frontend issuer filter (cities list in item-url/search JS); Level: Prefecture-level units,listed as searchable issuer / scrape target; D3.7 ~100 localities queried daily; specific portal URL not published on public pages,no-seed-url,,
Wuhu,芜湖市,municipal/prefecture,,reconnectchina.org frontend issuer filter (cities list in item-url/search JS); Level: Prefecture-level units,listed as searchable issuer / scrape target; D3.7 ~100 localities queried daily; specific portal URL not published on public pages,no-seed-url,,
Suzhou,苏州市,municipal/prefecture,,reconnectchina.org frontend issuer filter (cities list in item-url/search JS); Level: Prefecture-level units,listed as searchable issuer / scrape target; D3.7 ~100 localities queried daily; specific portal URL not published on public pages,no-seed-url,,
Maoming,茂名市,municipal/prefecture,,reconnectchina.org frontend issuer filter (cities list in item-url/search JS); Level: Prefecture-level units,listed as searchable issuer / scrape target; D3.7 ~100 localities queried daily; specific portal URL not published on public pages,no-seed-url,,
Jingzhou,荆州市,municipal/prefecture,,reconnectchina.org frontend issuer filter (cities list in item-url/search JS); Level: Prefecture-level units,listed as searchable issuer / scrape target; D3.7 ~100 localities queried daily; specific portal URL not published on public pages,no-seed-url,,
Jingmen,荆门市,municipal/prefecture,,reconnectchina.org frontend issuer filter (cities list in item-url/search JS); Level: Prefecture-level units,listed as searchable issuer / scrape target; D3.7 ~100 localities queried daily; specific portal URL not published on public pages,no-seed-url,,
Putian,莆田市,municipal/prefecture,,reconnectchina.org frontend issuer filter (cities list in item-url/search JS); Level: Prefecture-level units,listed as searchable issuer / scrape target; D3.7 ~100 localities queried daily; specific portal URL not published on public pages,no-seed-url,,
Laiwu,莱芜市,municipal/prefecture,,reconnectchina.org frontend issuer filter (cities list in item-url/search JS); Level: Prefecture-level units,listed as searchable issuer / scrape target; D3.7 ~100 localities queried daily; specific portal URL not published on public pages,no-seed-url,,
Heze,菏泽市,municipal/prefecture,,reconnectchina.org frontend issuer filter (cities list in item-url/search JS); Level: Prefecture-level units,listed as searchable issuer / scrape target; D3.7 ~100 localities queried daily; specific portal URL not published on public pages,no-seed-url,,
Pingxiang,萍乡市,municipal/prefecture,,reconnectchina.org frontend issuer filter (cities list in item-url/search JS); Level: Prefecture-level units,listed as searchable issuer / scrape target; D3.7 ~100 localities queried daily; specific portal URL not published on public pages,no-seed-url,,
Yingkou,营口市,municipal/prefecture,,reconnectchina.org frontend issuer filter (cities list in item-url/search JS); Level: Prefecture-level units,listed as searchable issuer / scrape target; D3.7 ~100 localities queried daily; specific portal URL not published on public pages,no-seed-url,,
Huludao,葫芦岛市,municipal/prefecture,,reconnectchina.org frontend issuer filter (cities list in item-url/search JS); Level: Prefecture-level units,listed as searchable issuer / scrape target; D3.7 ~100 localities queried daily; specific portal URL not published on public pages,no-seed-url,,
Bengbu,蚌埠市,municipal/prefecture,,reconnectchina.org frontend issuer filter (cities list in item-url/search JS); Level: Prefecture-level units,listed as searchable issuer / scrape target; D3.7 ~100 localities queried daily; specific portal URL not published on public pages,no-seed-url,,
Hengshui,衡水市,municipal/prefecture,,reconnectchina.org frontend issuer filter (cities list in item-url/search JS); Level: Prefecture-level units,listed as searchable issuer / scrape target; D3.7 ~100 localities queried daily; specific portal URL not published on public pages,no-seed-url,,
Hengyang,衡阳市,municipal/prefecture,,reconnectchina.org frontend issuer filter (cities list in item-url/search JS); Level: Prefecture-level units,listed as searchable issuer / scrape target; D3.7 ~100 localities queried daily; specific portal URL not published on public pages,no-seed-url,,
Quzhou,衢州市,municipal/prefecture,,reconnectchina.org frontend issuer filter (cities list in item-url/search JS); Level: Prefecture-level units,listed as searchable issuer / scrape target; D3.7 ~100 localities queried daily; specific portal URL not published on public pages,no-seed-url,,
Xiangyang,襄阳市,municipal/prefecture,,reconnectchina.org frontend issuer filter (cities list in item-url/search JS); Level: Prefecture-level units,listed as searchable issuer / scrape target; D3.7 ~100 localities queried daily; specific portal URL not published on public pages,no-seed-url,,
Xishuangbanna Dai Autonomous Prefecture,西双版纳傣族自治州,municipal/prefecture,,reconnectchina.org frontend issuer filter (cities list in item-url/search JS); Level: Prefecture-level units,listed as searchable issuer / scrape target; D3.7 ~100 localities queried daily; specific portal URL not published on public pages,no-seed-url,,
Xining,西宁市,municipal/prefecture,,reconnectchina.org frontend issuer filter (cities list in item-url/search JS); Level: Prefecture-level units,listed as searchable issuer / scrape target; D3.7 ~100 localities queried daily; specific portal URL not published on public pages,no-seed-url,,
Xi'an,西安市,municipal/prefecture,,reconnectchina.org frontend issuer filter (cities list in item-url/search JS); Level: Prefecture-level units,listed as searchable issuer / scrape target; D3.7 ~100 localities queried daily; specific portal URL not published on public pages,no-seed-url,,
Xuchang,许昌市,municipal/prefecture,,reconnectchina.org frontend issuer filter (cities list in item-url/search JS); Level: Prefecture-level units,listed as searchable issuer / scrape target; D3.7 ~100 localities queried daily; specific portal URL not published on public pages,no-seed-url,,
Guigang,贵港市,municipal/prefecture,,reconnectchina.org frontend issuer filter (cities list in item-url/search JS); Level: Prefecture-level units,listed as searchable issuer / scrape target; D3.7 ~100 localities queried daily; specific portal URL not published on public pages,no-seed-url,,
Guiyang,贵阳市,municipal/prefecture,,reconnectchina.org frontend issuer filter (cities list in item-url/search JS); Level: Prefecture-level units,listed as searchable issuer / scrape target; D3.7 ~100 localities queried daily; specific portal URL not published on public pages,no-seed-url,,
Hezhou,贺州市,municipal/prefecture,,reconnectchina.org frontend issuer filter (cities list in item-url/search JS); Level: Prefecture-level units,listed as searchable issuer / scrape target; D3.7 ~100 localities queried daily; specific portal URL not published on public pages,no-seed-url,,
Ziyang,资阳市,municipal/prefecture,,reconnectchina.org frontend issuer filter (cities list in item-url/search JS); Level: Prefecture-level units,listed as searchable issuer / scrape target; D3.7 ~100 localities queried daily; specific portal URL not published on public pages,no-seed-url,,
Ganzhou,赣州市,municipal/prefecture,,reconnectchina.org frontend issuer filter (cities list in item-url/search JS); Level: Prefecture-level units,listed as searchable issuer / scrape target; D3.7 ~100 localities queried daily; specific portal URL not published on public pages,no-seed-url,,
Liaoyuan,辽源市,municipal/prefecture,,reconnectchina.org frontend issuer filter (cities list in item-url/search JS); Level: Prefecture-level units,listed as searchable issuer / scrape target; D3.7 ~100 localities queried daily; specific portal URL not published on public pages,no-seed-url,,
Liaoyang,辽阳市,municipal/prefecture,,reconnectchina.org frontend issuer filter (cities list in item-url/search JS); Level: Prefecture-level units,listed as searchable issuer / scrape target; D3.7 ~100 localities queried daily; specific portal URL not published on public pages,no-seed-url,,
Dazhou,达州市,municipal/prefecture,,reconnectchina.org frontend issuer filter (cities list in item-url/search JS); Level: Prefecture-level units,listed as searchable issuer / scrape target; D3.7 ~100 localities queried daily; specific portal URL not published on public pages,no-seed-url,,
Yuncheng,运城市,municipal/prefecture,,reconnectchina.org frontend issuer filter (cities list in item-url/search JS); Level: Prefecture-level units,listed as searchable issuer / scrape target; D3.7 ~100 localities queried daily; specific portal URL not published on public pages,no-seed-url,,
Lianyungang,连云港市,municipal/prefecture,,reconnectchina.org frontend issuer filter (cities list in item-url/search JS); Level: Prefecture-level units,listed as searchable issuer / scrape target; D3.7 ~100 localities queried daily; specific portal URL not published on public pages,no-seed-url,,
Diqing Tibetan Autonomous Prefecture,迪庆藏族自治州,municipal/prefecture,,reconnectchina.org frontend issuer filter (cities list in item-url/search JS); Level: Prefecture-level units,listed as searchable issuer / scrape target; D3.7 ~100 localities queried daily; specific portal URL not published on public pages,no-seed-url,,
Tonghua,通化市,municipal/prefecture,,reconnectchina.org frontend issuer filter (cities list in item-url/search JS); Level: Prefecture-level units,listed as searchable issuer / scrape target; D3.7 ~100 localities queried daily; specific portal URL not published on public pages,no-seed-url,,
Suining,遂宁市,municipal/prefecture,,reconnectchina.org frontend issuer filter (cities list in item-url/search JS); Level: Prefecture-level units,listed as searchable issuer / scrape target; D3.7 ~100 localities queried daily; specific portal URL not published on public pages,no-seed-url,,
Zunyi,遵义市,municipal/prefecture,,reconnectchina.org frontend issuer filter (cities list in item-url/search JS); Level: Prefecture-level units,listed as searchable issuer / scrape target; D3.7 ~100 localities queried daily; specific portal URL not published on public pages,no-seed-url,,
Xingtai,邢台市,municipal/prefecture,,reconnectchina.org frontend issuer filter (cities list in item-url/search JS); Level: Prefecture-level units,listed as searchable issuer / scrape target; D3.7 ~100 localities queried daily; specific portal URL not published on public pages,no-seed-url,,
Nagqu,那曲地区,municipal/prefecture,,reconnectchina.org frontend issuer filter (cities list in item-url/search JS); Level: Prefecture-level units,listed as searchable issuer / scrape target; D3.7 ~100 localities queried daily; specific portal URL not published on public pages,no-seed-url,,
Handan,邯郸市,municipal/prefecture,,reconnectchina.org frontend issuer filter (cities list in item-url/search JS); Level: Prefecture-level units,listed as searchable issuer / scrape target; D3.7 ~100 localities queried daily; specific portal URL not published on public pages,no-seed-url,,
Shaoyang,邵阳市,municipal/prefecture,,reconnectchina.org frontend issuer filter (cities list in item-url/search JS); Level: Prefecture-level units,listed as searchable issuer / scrape target; D3.7 ~100 localities queried daily; specific portal URL not published on public pages,no-seed-url,,
Zhengzhou,郑州市,municipal/prefecture,,reconnectchina.org frontend issuer filter (cities list in item-url/search JS); Level: Prefecture-level units,listed as searchable issuer / scrape target; D3.7 ~100 localities queried daily; specific portal URL not published on public pages,no-seed-url,,
Chenzhou,郴州市,municipal/prefecture,,reconnectchina.org frontend issuer filter (cities list in item-url/search JS); Level: Prefecture-level units,listed as searchable issuer / scrape target; D3.7 ~100 localities queried daily; specific portal URL not published on public pages,no-seed-url,,
Ezhou,鄂州市,municipal/prefecture,,reconnectchina.org frontend issuer filter (cities list in item-url/search JS); Level: Prefecture-level units,listed as searchable issuer / scrape target; D3.7 ~100 localities queried daily; specific portal URL not published on public pages,no-seed-url,,
Jiuquan,酒泉市,municipal/prefecture,,reconnectchina.org frontend issuer filter (cities list in item-url/search JS); Level: Prefecture-level units,listed as searchable issuer / scrape target; D3.7 ~100 localities queried daily; specific portal URL not published on public pages,no-seed-url,,
Jinhua,金华市,municipal/prefecture,,reconnectchina.org frontend issuer filter (cities list in item-url/search JS); Level: Prefecture-level units,listed as searchable issuer / scrape target; D3.7 ~100 localities queried daily; specific portal URL not published on public pages,no-seed-url,,
Jinchang,金昌市,municipal/prefecture,,reconnectchina.org frontend issuer filter (cities list in item-url/search JS); Level: Prefecture-level units,listed as searchable issuer / scrape target; D3.7 ~100 localities queried daily; specific portal URL not published on public pages,no-seed-url,,
Qinzhou,钦州市,municipal/prefecture,,reconnectchina.org frontend issuer filter (cities list in item-url/search JS); Level: Prefecture-level units,listed as searchable issuer / scrape target; D3.7 ~100 localities queried daily; specific portal URL not published on public pages,no-seed-url,,
Tieling,铁岭市,municipal/prefecture,,reconnectchina.org frontend issuer filter (cities list in item-url/search JS); Level: Prefecture-level units,listed as searchable issuer / scrape target; D3.7 ~100 localities queried daily; specific portal URL not published on public pages,no-seed-url,,
Tongren,铜仁市,municipal/prefecture,,reconnectchina.org frontend issuer filter (cities list in item-url/search JS); Level: Prefecture-level units,listed as searchable issuer / scrape target; D3.7 ~100 localities queried daily; specific portal URL not published on public pages,no-seed-url,,
Tongchuan,铜川市,municipal/prefecture,,reconnectchina.org frontend issuer filter (cities list in item-url/search JS); Level: Prefecture-level units,listed as searchable issuer / scrape target; D3.7 ~100 localities queried daily; specific portal URL not published on public pages,no-seed-url,,
Tongling,铜陵市,municipal/prefecture,,reconnectchina.org frontend issuer filter (cities list in item-url/search JS); Level: Prefecture-level units,listed as searchable issuer / scrape target; D3.7 ~100 localities queried daily; specific portal URL not published on public pages,no-seed-url,,
Yinchuan,银川市,municipal/prefecture,,reconnectchina.org frontend issuer filter (cities list in item-url/search JS); Level: Prefecture-level units,listed as searchable issuer / scrape target; D3.7 ~100 localities queried daily; specific portal URL not published on public pages,no-seed-url,,
Xilin Gol League,锡林郭勒盟,municipal/prefecture,,reconnectchina.org frontend issuer filter (cities list in item-url/search JS); Level: Prefecture-level units,listed as searchable issuer / scrape target; D3.7 ~100 localities queried daily; specific portal URL not published on public pages,no-seed-url,,
Jinzhou,锦州市,municipal/prefecture,,reconnectchina.org frontend issuer filter (cities list in item-url/search JS); Level: Prefecture-level units,listed as searchable issuer / scrape target; D3.7 ~100 localities queried daily; specific portal URL not published on public pages,no-seed-url,,
Zhenjiang,镇江市,municipal/prefecture,,reconnectchina.org frontend issuer filter (cities list in item-url/search JS); Level: Prefecture-level units,listed as searchable issuer / scrape target; D3.7 ~100 localities queried daily; specific portal URL not published on public pages,no-seed-url,,
Changchun,长春市,municipal/prefecture,,reconnectchina.org frontend issuer filter (cities list in item-url/search JS); Level: Prefecture-level units,listed as searchable issuer / scrape target; D3.7 ~100 localities queried daily; specific portal URL not published on public pages,no-seed-url,,
Changsha,长沙市,municipal/prefecture,,reconnectchina.org frontend issuer filter (cities list in item-url/search JS); Level: Prefecture-level units,listed as searchable issuer / scrape target; D3.7 ~100 localities queried daily; specific portal URL not published on public pages,no-seed-url,,
Changzhi,长治市,municipal/prefecture,,reconnectchina.org frontend issuer filter (cities list in item-url/search JS); Level: Prefecture-level units,listed as searchable issuer / scrape target; D3.7 ~100 localities queried daily; specific portal URL not published on public pages,no-seed-url,,
Fuxin,阜新市,municipal/prefecture,,reconnectchina.org frontend issuer filter (cities list in item-url/search JS); Level: Prefecture-level units,listed as searchable issuer / scrape target; D3.7 ~100 localities queried daily; specific portal URL not published on public pages,no-seed-url,,
Fuyang,阜阳市,municipal/prefecture,,reconnectchina.org frontend issuer filter (cities list in item-url/search JS); Level: Prefecture-level units,listed as searchable issuer / scrape target; D3.7 ~100 localities queried daily; specific portal URL not published on public pages,no-seed-url,,
Fangchenggang,防城港市,municipal/prefecture,,reconnectchina.org frontend issuer filter (cities list in item-url/search JS); Level: Prefecture-level units,listed as searchable issuer / scrape target; D3.7 ~100 localities queried daily; specific portal URL not published on public pages,no-seed-url,,
Yangjiang,阳江市,municipal/prefecture,,reconnectchina.org frontend issuer filter (cities list in item-url/search JS); Level: Prefecture-level units,listed as searchable issuer / scrape target; D3.7 ~100 localities queried daily; specific portal URL not published on public pages,no-seed-url,,
Yangquan,阳泉市,municipal/prefecture,,reconnectchina.org frontend issuer filter (cities list in item-url/search JS); Level: Prefecture-level units,listed as searchable issuer / scrape target; D3.7 ~100 localities queried daily; specific portal URL not published on public pages,no-seed-url,,
Aksu Prefecture,阿克苏地区,municipal/prefecture,,reconnectchina.org frontend issuer filter (cities list in item-url/search JS); Level: Prefecture-level units,listed as searchable issuer / scrape target; D3.7 ~100 localities queried daily; specific portal URL not published on public pages,no-seed-url,,
Altay Prefecture,阿勒泰地区,municipal/prefecture,,reconnectchina.org frontend issuer filter (cities list in item-url/search JS); Level: Prefecture-level units,listed as searchable issuer / scrape target; D3.7 ~100 localities queried daily; specific portal URL not published on public pages,no-seed-url,,
Ngawa Tibetan and Qiang Autonomous Prefecture,阿坝藏族羌族自治州,municipal/prefecture,,reconnectchina.org frontend issuer filter (cities list in item-url/search JS); Level: Prefecture-level units,listed as searchable issuer / scrape target; D3.7 ~100 localities queried daily; specific portal URL not published on public pages,no-seed-url,,
Alxa League,阿拉善盟,municipal/prefecture,,reconnectchina.org frontend issuer filter (cities list in item-url/search JS); Level: Prefecture-level units,listed as searchable issuer / scrape target; D3.7 ~100 localities queried daily; specific portal URL not published on public pages,no-seed-url,,
Ngari Prefecture,阿里地区,municipal/prefecture,,reconnectchina.org frontend issuer filter (cities list in item-url/search JS); Level: Prefecture-level units,listed as searchable issuer / scrape target; D3.7 ~100 localities queried daily; specific portal URL not published on public pages,no-seed-url,,
Longnan,陇南市,municipal/prefecture,,reconnectchina.org frontend issuer filter (cities list in item-url/search JS); Level: Prefecture-level units,listed as searchable issuer / scrape target; D3.7 ~100 localities queried daily; specific portal URL not published on public pages,no-seed-url,,
Suizhou,随州市,municipal/prefecture,,reconnectchina.org frontend issuer filter (cities list in item-url/search JS); Level: Prefecture-level units,listed as searchable issuer / scrape target; D3.7 ~100 localities queried daily; specific portal URL not published on public pages,no-seed-url,,
Ya'an,雅安市,municipal/prefecture,,reconnectchina.org frontend issuer filter (cities list in item-url/search JS); Level: Prefecture-level units,listed as searchable issuer / scrape target; D3.7 ~100 localities queried daily; specific portal URL not published on public pages,no-seed-url,,
Qingdao,青岛市,municipal/prefecture,,reconnectchina.org frontend issuer filter (cities list in item-url/search JS); Level: Prefecture-level units,listed as searchable issuer / scrape target; D3.7 ~100 localities queried daily; specific portal URL not published on public pages,no-seed-url,,
Anshan,鞍山市,municipal/prefecture,,reconnectchina.org frontend issuer filter (cities list in item-url/search JS); Level: Prefecture-level units,listed as searchable issuer / scrape target; D3.7 ~100 localities queried daily; specific portal URL not published on public pages,no-seed-url,,
Shaoguan,韶关市,municipal/prefecture,,reconnectchina.org frontend issuer filter (cities list in item-url/search JS); Level: Prefecture-level units,listed as searchable issuer / scrape target; D3.7 ~100 localities queried daily; specific portal URL not published on public pages,no-seed-url,,
Ma'anshan,马鞍山市,municipal/prefecture,,reconnectchina.org frontend issuer filter (cities list in item-url/search JS); Level: Prefecture-level units,listed as searchable issuer / scrape target; D3.7 ~100 localities queried daily; specific portal URL not published on public pages,no-seed-url,,
Zhumadian,驻马店市,municipal/prefecture,,reconnectchina.org frontend issuer filter (cities list in item-url/search JS); Level: Prefecture-level units,listed as searchable issuer / scrape target; D3.7 ~100 localities queried daily; specific portal URL not published on public pages,no-seed-url,,
Jixi,鸡西市,municipal/prefecture,,reconnectchina.org frontend issuer filter (cities list in item-url/search JS); Level: Prefecture-level units,listed as searchable issuer / scrape target; D3.7 ~100 localities queried daily; specific portal URL not published on public pages,no-seed-url,,
Hebi,鹤壁市,municipal/prefecture,,reconnectchina.org frontend issuer filter (cities list in item-url/search JS); Level: Prefecture-level units,listed as searchable issuer / scrape target; D3.7 ~100 localities queried daily; specific portal URL not published on public pages,no-seed-url,,
Hegang,鹤岗市,municipal/prefecture,,reconnectchina.org frontend issuer filter (cities list in item-url/search JS); Level: Prefecture-level units,listed as searchable issuer / scrape target; D3.7 ~100 localities queried daily; specific portal URL not published on public pages,no-seed-url,,
Yingtan,鹰潭市,municipal/prefecture,,reconnectchina.org frontend issuer filter (cities list in item-url/search JS); Level: Prefecture-level units,listed as searchable issuer / scrape target; D3.7 ~100 localities queried daily; specific portal URL not published on public pages,no-seed-url,,
Huanggang,黄冈市,municipal/prefecture,,reconnectchina.org frontend issuer filter (cities list in item-url/search JS); Level: Prefecture-level units,listed as searchable issuer / scrape target; D3.7 ~100 localities queried daily; specific portal URL not published on public pages,no-seed-url,,
Huangnan Tibetan Autonomous Prefecture,黄南藏族自治州,municipal/prefecture,,reconnectchina.org frontend issuer filter (cities list in item-url/search JS); Level: Prefecture-level units,listed as searchable issuer / scrape target; D3.7 ~100 localities queried daily; specific portal URL not published on public pages,no-seed-url,,
Huangshan,黄山市,municipal/prefecture,,reconnectchina.org frontend issuer filter (cities list in item-url/search JS); Level: Prefecture-level units,listed as searchable issuer / scrape target; D3.7 ~100 localities queried daily; specific portal URL not published on public pages,no-seed-url,,
Huangshi,黄石市,municipal/prefecture,,reconnectchina.org frontend issuer filter (cities list in item-url/search JS); Level: Prefecture-level units,listed as searchable issuer / scrape target; D3.7 ~100 localities queried daily; specific portal URL not published on public pages,no-seed-url,,
Heihe,黑河市,municipal/prefecture,,reconnectchina.org frontend issuer filter (cities list in item-url/search JS); Level: Prefecture-level units,listed as searchable issuer / scrape target; D3.7 ~100 localities queried daily; specific portal URL not published on public pages,no-seed-url,,
Qiandongnan Miao and Dong Autonomous Prefecture,黔东南苗族侗族自治州,municipal/prefecture,,reconnectchina.org frontend issuer filter (cities list in item-url/search JS); Level: Prefecture-level units,listed as searchable issuer / scrape target; D3.7 ~100 localities queried daily; specific portal URL not published on public pages,no-seed-url,,
Qiannan Buyei and Miao Autonomous Prefecture,黔南布依族苗族自治州,municipal/prefecture,,reconnectchina.org frontend issuer filter (cities list in item-url/search JS); Level: Prefecture-level units,listed as searchable issuer / scrape target; D3.7 ~100 localities queried daily; specific portal URL not published on public pages,no-seed-url,,
Qianxinan Buyei and Miao Autonomous Prefecture,黔西南布依族苗族自治州,municipal/prefecture,,reconnectchina.org frontend issuer filter (cities list in item-url/search JS); Level: Prefecture-level units,listed as searchable issuer / scrape target; D3.7 ~100 localities queried daily; specific portal URL not published on public pages,no-seed-url,,
Qiqihar,齐齐哈尔市,municipal/prefecture,,reconnectchina.org frontend issuer filter (cities list in item-url/search JS); Level: Prefecture-level units,listed as searchable issuer / scrape target; D3.7 ~100 localities queried daily; specific portal URL not published on public pages,no-seed-url,,
Longyan,龙岩市,municipal/prefecture,,reconnectchina.org frontend issuer filter (cities list in item-url/search JS); Level: Prefecture-level units,listed as searchable issuer / scrape target; D3.7 ~100 localities queried daily; specific portal URL not published on public pages,no-seed-url,,
Hohhot,呼和浩特市,municipal/prefecture,,reconnectchina.org frontend issuer filter (cities list in item-url/search JS); Level: Prefecture-level units,listed as searchable issuer / scrape target; D3.7 ~100 localities queried daily; specific portal URL not published on public pages,no-seed-url,,
Baotou,包头市,municipal/prefecture,,reconnectchina.org frontend issuer filter (cities list in item-url/search JS); Level: Prefecture-level units,listed as searchable issuer / scrape target; D3.7 ~100 localities queried daily; specific portal URL not published on public pages,no-seed-url,,
Wuhai,乌海市,municipal/prefecture,,reconnectchina.org frontend issuer filter (cities list in item-url/search JS); Level: Prefecture-level units,listed as searchable issuer / scrape target; D3.7 ~100 localities queried daily; specific portal URL not published on public pages,no-seed-url,,
Chifeng,赤峰市,municipal/prefecture,,reconnectchina.org frontend issuer filter (cities list in item-url/search JS); Level: Prefecture-level units,listed as searchable issuer / scrape target; D3.7 ~100 localities queried daily; specific portal URL not published on public pages,no-seed-url,,
Tongliao,通辽市,municipal/prefecture,,reconnectchina.org frontend issuer filter (cities list in item-url/search JS); Level: Prefecture-level units,listed as searchable issuer / scrape target; D3.7 ~100 localities queried daily; specific portal URL not published on public pages,no-seed-url,,
Hulunbuir,呼伦贝尔市,municipal/prefecture,,reconnectchina.org frontend issuer filter (cities list in item-url/search JS); Level: Prefecture-level units,listed as searchable issuer / scrape target; D3.7 ~100 localities queried daily; specific portal URL not published on public pages,no-seed-url,,
Ordos,鄂尔多斯市,municipal/prefecture,,reconnectchina.org frontend issuer filter (cities list in item-url/search JS); Level: Prefecture-level units,listed as searchable issuer / scrape target; D3.7 ~100 localities queried daily; specific portal URL not published on public pages,no-seed-url,,
Bayannur,巴彦淖尔市,municipal/prefecture,,reconnectchina.org frontend issuer filter (cities list in item-url/search JS); Level: Prefecture-level units,listed as searchable issuer / scrape target; D3.7 ~100 localities queried daily; specific portal URL not published on public pages,no-seed-url,,
Ulanqab,乌兰察布市,municipal/prefecture,,reconnectchina.org frontend issuer filter (cities list in item-url/search JS); Level: Prefecture-level units,listed as searchable issuer / scrape target; D3.7 ~100 localities queried daily; specific portal URL not published on public pages,no-seed-url,,
Dongguan,东莞市,municipal/prefecture,,reconnectchina.org frontend issuer filter (cities list in item-url/search JS); Level: Prefecture-level units,listed as searchable issuer / scrape target; D3.7 ~100 localities queried daily; specific portal URL not published on public pages,no-seed-url,,
Zhongshan,中山市,municipal/prefecture,,reconnectchina.org frontend issuer filter (cities list in item-url/search JS); Level: Prefecture-level units,listed as searchable issuer / scrape target; D3.7 ~100 localities queried daily; specific portal URL not published on public pages,no-seed-url,,
Sansha,三沙市,municipal/prefecture,,reconnectchina.org frontend issuer filter (cities list in item-url/search JS); Level: Prefecture-level units,listed as searchable issuer / scrape target; D3.7 ~100 localities queried daily; specific portal URL not published on public pages,no-seed-url,,
Shanghai,上海市,municipal/prefecture,,reconnectchina.org frontend issuer filter (cities list in item-url/search JS); Level: Prefecture-level units,listed as searchable issuer / scrape target; D3.7 ~100 localities queried daily; specific portal URL not published on public pages,no-seed-url,,
Beijing,北京市,municipal/prefecture,,reconnectchina.org frontend issuer filter (cities list in item-url/search JS); Level: Prefecture-level units,listed as searchable issuer / scrape target; D3.7 ~100 localities queried daily; specific portal URL not published on public pages,no-seed-url,,
Tianjin,天津市,municipal/prefecture,,reconnectchina.org frontend issuer filter (cities list in item-url/search JS); Level: Prefecture-level units,listed as searchable issuer / scrape target; D3.7 ~100 localities queried daily; specific portal URL not published on public pages,no-seed-url,,
Chongqing,重庆市,municipal/prefecture,,reconnectchina.org frontend issuer filter (cities list in item-url/search JS); Level: Prefecture-level units,listed as searchable issuer / scrape target; D3.7 ~100 localities queried daily; specific portal URL not published on public pages,no-seed-url,,
Alar,阿拉尔市,municipal/prefecture,,reconnectchina.org frontend issuer filter (cities list in item-url/search JS); Level: Prefecture-level units,listed as searchable issuer / scrape target; D3.7 ~100 localities queried daily; specific portal URL not published on public pages,no-seed-url,,
Macau Special Administrative Region,澳门特别行政区,municipal/prefecture,,reconnectchina.org frontend issuer filter (cities list in item-url/search JS); Level: Prefecture-level units,listed as searchable issuer / scrape target; D3.7 ~100 localities queried daily; specific portal URL not published on public pages,no-seed-url,,
Baisha Li Autonomous County,白沙黎族自治县,municipal/prefecture,,reconnectchina.org frontend issuer filter (cities list in item-url/search JS); Level: Prefecture-level units,listed as searchable issuer / scrape target; D3.7 ~100 localities queried daily; specific portal URL not published on public pages,no-seed-url,,
Baoting Li and Miao Autonomous County,保亭黎族苗族自治县,municipal/prefecture,,reconnectchina.org frontend issuer filter (cities list in item-url/search JS); Level: Prefecture-level units,listed as searchable issuer / scrape target; D3.7 ~100 localities queried daily; specific portal URL not published on public pages,no-seed-url,,
Beitun,北屯市,municipal/prefecture,,reconnectchina.org frontend issuer filter (cities list in item-url/search JS); Level: Prefecture-level units,listed as searchable issuer / scrape target; D3.7 ~100 localities queried daily; specific portal URL not published on public pages,no-seed-url,,
Changjiang Li Autonomous County,昌江黎族自治县,municipal/prefecture,,reconnectchina.org frontend issuer filter (cities list in item-url/search JS); Level: Prefecture-level units,listed as searchable issuer / scrape target; D3.7 ~100 localities queried daily; specific portal URL not published on public pages,no-seed-url,,
Chengmai County,澄迈县,municipal/prefecture,,reconnectchina.org frontend issuer filter (cities list in item-url/search JS); Level: Prefecture-level units,listed as searchable issuer / scrape target; D3.7 ~100 localities queried daily; specific portal URL not published on public pages,no-seed-url,,
Ding'an County,定安县,municipal/prefecture,,reconnectchina.org frontend issuer filter (cities list in item-url/search JS); Level: Prefecture-level units,listed as searchable issuer / scrape target; D3.7 ~100 localities queried daily; specific portal URL not published on public pages,no-seed-url,,
Dongfang,东方市,municipal/prefecture,,reconnectchina.org frontend issuer filter (cities list in item-url/search JS); Level: Prefecture-level units,listed as searchable issuer / scrape target; D3.7 ~100 localities queried daily; specific portal URL not published on public pages,no-seed-url,,
Huyanghe,胡杨河市,municipal/prefecture,,reconnectchina.org frontend issuer filter (cities list in item-url/search JS); Level: Prefecture-level units,listed as searchable issuer / scrape target; D3.7 ~100 localities queried daily; specific portal URL not published on public pages,no-seed-url,,
Jiyuan,济源市,municipal/prefecture,,reconnectchina.org frontend issuer filter (cities list in item-url/search JS); Level: Prefecture-level units,listed as searchable issuer / scrape target; D3.7 ~100 localities queried daily; specific portal URL not published on public pages,no-seed-url,,
Ledong Li Autonomous County,乐东黎族自治县,municipal/prefecture,,reconnectchina.org frontend issuer filter (cities list in item-url/search JS); Level: Prefecture-level units,listed as searchable issuer / scrape target; D3.7 ~100 localities queried daily; specific portal URL not published on public pages,no-seed-url,,
Lingao County,临高县,municipal/prefecture,,reconnectchina.org frontend issuer filter (cities list in item-url/search JS); Level: Prefecture-level units,listed as searchable issuer / scrape target; D3.7 ~100 localities queried daily; specific portal URL not published on public pages,no-seed-url,,
Lingshui Li Autonomous County,陵水黎族自治县,municipal/prefecture,,reconnectchina.org frontend issuer filter (cities list in item-url/search JS); Level: Prefecture-level units,listed as searchable issuer / scrape target; D3.7 ~100 localities queried daily; specific portal URL not published on public pages,no-seed-url,,
Qianjiang,潜江市,municipal/prefecture,,reconnectchina.org frontend issuer filter (cities list in item-url/search JS); Level: Prefecture-level units,listed as searchable issuer / scrape target; D3.7 ~100 localities queried daily; specific portal URL not published on public pages,no-seed-url,,
Qionghai,琼海市,municipal/prefecture,,reconnectchina.org frontend issuer filter (cities list in item-url/search JS); Level: Prefecture-level units,listed as searchable issuer / scrape target; D3.7 ~100 localities queried daily; specific portal URL not published on public pages,no-seed-url,,
Qiongzhong Li and Miao Autonomous County,琼中黎族苗族自治县,municipal/prefecture,,reconnectchina.org frontend issuer filter (cities list in item-url/search JS); Level: Prefecture-level units,listed as searchable issuer / scrape target; D3.7 ~100 localities queried daily; specific portal URL not published on public pages,no-seed-url,,
Shennongjia Forestry District,神农架林区,municipal/prefecture,,reconnectchina.org frontend issuer filter (cities list in item-url/search JS); Level: Prefecture-level units,listed as searchable issuer / scrape target; D3.7 ~100 localities queried daily; specific portal URL not published on public pages,no-seed-url,,
Shihezi,石河子市,municipal/prefecture,,reconnectchina.org frontend issuer filter (cities list in item-url/search JS); Level: Prefecture-level units,listed as searchable issuer / scrape target; D3.7 ~100 localities queried daily; specific portal URL not published on public pages,no-seed-url,,
Tianmen,天门市,municipal/prefecture,,reconnectchina.org frontend issuer filter (cities list in item-url/search JS); Level: Prefecture-level units,listed as searchable issuer / scrape target; D3.7 ~100 localities queried daily; specific portal URL not published on public pages,no-seed-url,,
Tumxuk,图木舒克市,municipal/prefecture,,reconnectchina.org frontend issuer filter (cities list in item-url/search JS); Level: Prefecture-level units,listed as searchable issuer / scrape target; D3.7 ~100 localities queried daily; specific portal URL not published on public pages,no-seed-url,,
Tunchang County,屯昌县,municipal/prefecture,,reconnectchina.org frontend issuer filter (cities list in item-url/search JS); Level: Prefecture-level units,listed as searchable issuer / scrape target; D3.7 ~100 localities queried daily; specific portal URL not published on public pages,no-seed-url,,
Wanning,万宁市,municipal/prefecture,,reconnectchina.org frontend issuer filter (cities list in item-url/search JS); Level: Prefecture-level units,listed as searchable issuer / scrape target; D3.7 ~100 localities queried daily; specific portal URL not published on public pages,no-seed-url,,
Wenchang,文昌市,municipal/prefecture,,reconnectchina.org frontend issuer filter (cities list in item-url/search JS); Level: Prefecture-level units,listed as searchable issuer / scrape target; D3.7 ~100 localities queried daily; specific portal URL not published on public pages,no-seed-url,,
Wujiaqu,五家渠市,municipal/prefecture,,reconnectchina.org frontend issuer filter (cities list in item-url/search JS); Level: Prefecture-level units,listed as searchable issuer / scrape target; D3.7 ~100 localities queried daily; specific portal URL not published on public pages,no-seed-url,,
Wuzhishan,五指山市,municipal/prefecture,,reconnectchina.org frontend issuer filter (cities list in item-url/search JS); Level: Prefecture-level units,listed as searchable issuer / scrape target; D3.7 ~100 localities queried daily; specific portal URL not published on public pages,no-seed-url,,
Xiantao,仙桃市,municipal/prefecture,,reconnectchina.org frontend issuer filter (cities list in item-url/search JS); Level: Prefecture-level units,listed as searchable issuer / scrape target; D3.7 ~100 localities queried daily; specific portal URL not published on public pages,no-seed-url,,
Hong Kong Special Administrative Region,香港特别行政区,municipal/prefecture,,reconnectchina.org frontend issuer filter (cities list in item-url/search JS); Level: Prefecture-level units,listed as searchable issuer / scrape target; D3.7 ~100 localities queried daily; specific portal URL not published on public pages,no-seed-url,,
Baiyang,白杨市,municipal/prefecture,,reconnectchina.org frontend issuer filter (cities list in item-url/search JS); Level: Prefecture-level units,listed as searchable issuer / scrape target; D3.7 ~100 localities queried daily; specific portal URL not published on public pages,no-seed-url,,
"Official Weibo accounts of government units and news organisations (>20,000 accounts)",政务微博账号（2万+）,mixed,,WP3 First progress report (ugent PDF); D3.6; D3.7,crawl target for discourses/narratives (Task 3.2); not listed as issuer filter on reconnectchina.org UI,no-seed-url,,
Centralized website for citizen complaints to the government,（未具名）政务投诉集中网站,central,,WP3 First progress report §4.2.2; D3.6 §4.1.2,crawl target for Task 3.2; URL not published on public pages,no-seed-url,,
Chengdu Science and Technology Bureau website,成都市科学技术局网站,municipal,,WP3 First progress report §4.2.2; D3.6 §4.1.2,crawl target for Task 3.2; URL not stated,no-seed-url,,
Chongqing Science and Technology Bureau website,重庆市科学技术局网站,municipal,,WP3 First progress report §4.2.2; D3.6 §4.1.2,crawl target for Task 3.2; URL not stated,no-seed-url,,
Website storing amendments to charters of listed companies,上市公司章程修订网站（未具名）,unknown,,WP3 First progress report §4.2.2 (DWARC synergy),crawl target for DWARC synergy; URL not stated,no-seed-url,,
List of all province- and prefecture-level units of China (geographic directory),全国省/地级行政区划列表,mixed,,WP3 First progress report §4.2.2,used to identify scrape targets; matches frontend issuer lists,no-seed-url,,
"~320 ministries and localities with ~3,000 webscrapers (coverage statement)",约320个部委与地方网站,mixed,,D3.7 Third progress report §Task 3.1,aggregate crawl-target count: 320 of 380 planned ministries/departments/provincial/prefecture administrations; ~100 localities queried daily,no-seed-url,,
People's Daily (人民日报) online / paper edition,人民日报,party_media,https://paper.people.com.cn/,indexed items e.g. https://reconnectchina.univie.ac.at/items/697706b4cd9db96a0e75dff5/... and 69a0e29d...,[NON-GOV] appears as Source page for news/law republication items (category News),STUB-redirect,2026-09-04,People's Daily paper edition — 267b redirect stub; real content elsewhere (we crawl people).
"Twitter/X accounts of Chinese news organisations, embassies, and diplomats (>300)",中国新闻机构/使馆/外交官推特账号,non_gov_social,,WP3 First progress report §4.2.2; D3.6,[NON-GOV] crawl target for Task 3.3 foreign policy narratives; educational API discontinued June 2023,no-seed-url,,
Weibo (Sina Weibo) platform,新浪微博,non_gov_social,,WP3 progress reports (D3.6/D3.7); podcast/database descriptions,[NON-GOV] platform hosting official gov + news accounts crawled; API/access restrictions noted as blocker in D3.7,no-seed-url,,
